Timestamp,Machine_ID,Operation_Mode,Attack_Type,Vibration_X,Vibration_Y,Vibration_Z,Temperature_Sensor,Current_Sensor,Spindle_Speed,Extruder_Temp,Feed_Rate,Anomaly_Label
2024-01-01 08:00:00,3DPrinter,Normal,None,0.094,0.136,0.154,225.05,1.63,,207.37,48.29,0
2024-01-01 08:00:05,3DPrinter,Normal,None,0.104,0.034,0.112,214.94,1.89,,205.46,45.76,0
2024-01-01 08:00:10,CNC,Normal,None,0.136,0.182,0.339,71.18,2.25,1748.46,,77.6,0
2024-01-01 08:00:15,3DPrinter,Normal,None,0.197,0.09,0.233,219.93,1.48,,214.11,46.34,0
2024-01-01 08:00:20,3DPrinter,Normal,None,0.289,0.18,0.151,224.41,1.5,,202.08,52.32,0
2024-01-01 08:00:25,3DPrinter,Normal,None,0.123,0.137,0.052,221.62,1.68,,206.62,51.84,0
2024-01-01 08:00:30,3DPrinter,Normal,None,0.179,0.164,0.185,223.77,1.74,,206.88,45.48,0
2024-01-01 08:00:35,3DPrinter,Normal,None,0.205,0.065,0.08,224.06,2.21,,209.64,53.01,0
2024-01-01 08:00:40,CNC,Normal,None,0.248,0.196,0.265,71.01,3.55,1707.96,,78.41,0
2024-01-01 08:00:45,3DPrinter,Normal,None,0.147,0.124,0.125,220.46,1.2,,208.9,51.07,0
2024-01-01 08:00:50,3DPrinter,Normal,None,0.111,0.157,0.129,217.87,1.95,,215.79,50.77,0
2024-01-01 08:00:55,3DPrinter,Normal,None,0.166,0.125,0.188,216.49,1.7,,208.04,45.61,0
2024-01-01 08:01:00,3DPrinter,Attack,Data_Spoofing,0.367,0.467,0.53,278.55,4.14,,299.17,70.64,1
2024-01-01 08:01:05,3DPrinter,Attack,Data_Spoofing,0.399,0.463,0.546,270.41,3.99,,300.3,77.39,1
2024-01-01 08:01:10,CNC,Normal,None,0.213,0.122,0.12,68.74,2.34,1799.26,,83.07,0
2024-01-01 08:01:15,3DPrinter,Attack,Parameter_Tamper,0.443,0.49,0.505,287.01,3.58,,302.93,76.57,1
2024-01-01 08:01:20,CNC,Normal,None,0.145,0.205,0.279,72.62,2.2,1763.45,,82.6,0
2024-01-01 08:01:25,3DPrinter,Normal,None,0.089,0.074,0.217,216.08,1.7,,214.07,46.31,0
2024-01-01 08:01:30,3DPrinter,Attack,Parameter_Tamper,0.568,0.577,0.534,278.97,3.57,,305.95,73.9,1
2024-01-01 08:01:35,CNC,Attack,Malware,0.539,0.568,0.674,87.96,3.89,2529.31,,117.14,1
2024-01-01 08:01:40,3DPrinter,Normal,None,0.159,0.059,0.192,226.63,2.02,,205.23,47.75,0
2024-01-01 08:01:45,3DPrinter,Attack,Malware,0.443,0.498,0.571,284.11,4.57,,298.77,67.74,1
2024-01-01 08:01:50,3DPrinter,Normal,None,0.194,0.108,0.2,222.69,2.62,,210.47,45.78,0
2024-01-01 08:01:55,3DPrinter,Attack,Parameter_Tamper,0.498,0.396,0.574,278.88,4.21,,302.37,69.78,1
2024-01-01 08:02:00,3DPrinter,Attack,Malware,0.477,0.489,0.602,278.29,3.72,,297.44,72.13,1
2024-01-01 08:02:05,CNC,Normal,None,0.186,0.078,0.171,70.17,1.74,1835.78,,82.24,0
2024-01-01 08:02:10,CNC,Normal,None,0.113,0.237,0.223,68.19,2.32,1825.72,,80.1,0
2024-01-01 08:02:15,3DPrinter,Normal,None,0.194,0.149,0.197,224.77,2.0,,208.42,52.28,0
2024-01-01 08:02:20,CNC,Normal,None,0.192,0.08,0.157,68.4,1.48,1835.73,,78.34,0
2024-01-01 08:02:25,3DPrinter,Normal,None,0.154,0.096,0.194,220.32,1.48,,206.42,52.04,0
2024-01-01 08:02:30,CNC,Normal,None,0.347,0.269,0.255,72.49,2.21,1844.21,,84.19,0
2024-01-01 08:02:35,3DPrinter,Normal,None,0.119,0.08,0.134,222.52,2.06,,204.0,49.0,0
2024-01-01 08:02:40,CNC,Normal,None,0.202,0.027,0.226,73.8,2.35,1965.14,,74.69,0
2024-01-01 08:02:45,CNC,Normal,None,0.309,0.229,0.11,71.33,2.51,1707.31,,79.76,0
2024-01-01 08:02:50,3DPrinter,Normal,None,0.085,0.115,0.04,213.5,2.26,,216.62,49.61,0
2024-01-01 08:02:55,3DPrinter,Normal,None,0.127,0.178,0.141,215.09,1.94,,211.0,48.2,0
2024-01-01 08:03:00,3DPrinter,Normal,None,0.182,0.126,0.045,226.4,1.62,,220.56,52.06,0
2024-01-01 08:03:05,3DPrinter,Normal,None,0.154,0.134,0.109,218.96,1.65,,207.05,52.55,0
2024-01-01 08:03:10,CNC,Normal,None,0.247,0.242,0.185,71.74,1.95,1887.68,,82.21,0
2024-01-01 08:03:15,3DPrinter,Attack,Data_Spoofing,0.464,0.449,0.556,286.39,3.82,,302.74,69.39,1
2024-01-01 08:03:20,3DPrinter,Attack,Parameter_Tamper,0.578,0.428,0.53,281.31,4.0,,304.65,68.43,1
2024-01-01 08:03:25,CNC,Attack,Parameter_Tamper,0.666,0.573,0.641,90.29,4.04,2418.18,,128.37,1
2024-01-01 08:03:30,CNC,Normal,None,0.264,0.056,0.214,72.0,1.92,1799.12,,71.64,0
2024-01-01 08:03:35,3DPrinter,Attack,Malware,0.589,0.409,0.534,282.06,3.83,,295.89,70.73,1
2024-01-01 08:03:40,CNC,Normal,None,0.15,0.154,0.199,72.62,2.66,1752.26,,77.34,0
2024-01-01 08:03:45,3DPrinter,Normal,None,0.218,0.136,0.214,224.29,1.75,,209.9,46.99,0
2024-01-01 08:03:50,CNC,Normal,None,0.132,0.137,0.249,72.31,2.4,1808.89,,74.22,0
2024-01-01 08:03:55,3DPrinter,Attack,Data_Spoofing,0.458,0.461,0.551,280.49,3.77,,300.12,71.49,1
2024-01-01 08:04:00,3DPrinter,Normal,None,0.128,0.213,0.2,229.08,1.77,,214.88,45.64,0
2024-01-01 08:04:05,3DPrinter,Normal,None,0.189,0.014,0.114,216.2,1.85,,211.71,55.63,0
2024-01-01 08:04:10,CNC,Normal,None,0.22,0.208,0.212,74.43,2.48,1786.77,,79.71,0
2024-01-01 08:04:15,CNC,Attack,Malware,0.58,0.43,0.745,89.66,4.3,2340.56,,117.6,1
2024-01-01 08:04:20,3DPrinter,Normal,None,0.163,0.135,0.216,221.56,1.71,,202.0,45.89,0
2024-01-01 08:04:25,CNC,Normal,None,0.217,0.033,0.249,71.0,1.9,1955.12,,80.46,0
2024-01-01 08:04:30,3DPrinter,Normal,None,0.158,0.178,0.191,220.83,1.49,,208.65,54.47,0
2024-01-01 08:04:35,3DPrinter,Normal,None,0.194,0.173,0.052,214.08,1.19,,208.65,52.15,0
2024-01-01 08:04:40,3DPrinter,Normal,None,0.126,0.187,0.189,221.65,1.8,,213.98,49.16,0
2024-01-01 08:04:45,CNC,Attack,Parameter_Tamper,0.483,0.405,0.644,86.09,4.07,2536.66,,116.24,1
2024-01-01 08:04:50,CNC,Normal,None,0.232,0.12,0.304,69.04,2.02,1752.43,,76.74,0
2024-01-01 08:04:55,3DPrinter,Normal,None,0.122,0.115,0.088,217.23,1.44,,219.82,50.11,0
2024-01-01 08:05:00,3DPrinter,Normal,None,0.176,0.18,0.183,216.9,1.58,,212.9,48.36,0
2024-01-01 08:05:05,CNC,Normal,None,0.094,0.034,0.256,74.93,2.1,1857.66,,81.25,0
2024-01-01 08:05:10,3DPrinter,Normal,None,0.101,0.124,0.216,207.72,1.56,,205.48,49.44,0
2024-01-01 08:05:15,CNC,Normal,None,0.177,0.095,0.084,75.06,2.55,1799.2,,85.92,0
2024-01-01 08:05:20,CNC,Normal,None,0.346,0.211,0.129,74.75,2.04,1733.16,,85.58,0
2024-01-01 08:05:25,CNC,Normal,None,0.088,0.042,0.199,68.05,2.01,1740.76,,76.54,0
2024-01-01 08:05:30,3DPrinter,Normal,None,0.025,0.154,0.16,219.58,1.87,,211.37,47.83,0
2024-01-01 08:05:35,CNC,Normal,None,0.143,0.147,0.213,64.99,2.42,1733.74,,82.28,0
2024-01-01 08:05:40,3DPrinter,Normal,None,0.164,-0.017,0.117,218.47,1.34,,213.99,46.58,0
2024-01-01 08:05:45,3DPrinter,Normal,None,0.163,0.087,0.142,215.7,1.68,,215.03,48.27,0
2024-01-01 08:05:50,CNC,Normal,None,0.257,0.194,0.109,77.3,1.49,1696.74,,80.68,0
2024-01-01 08:05:55,CNC,Normal,None,0.186,0.146,0.149,73.5,2.3,1833.76,,78.35,0
2024-01-01 08:06:00,CNC,Normal,None,0.158,0.118,0.198,73.1,1.32,1836.08,,78.92,0
2024-01-01 08:06:05,CNC,Attack,Data_Spoofing,0.666,0.407,0.579,84.39,3.66,2501.84,,126.71,1
2024-01-01 08:06:10,3DPrinter,Normal,None,0.138,0.161,0.185,220.48,1.53,,211.43,50.5,0
2024-01-01 08:06:15,CNC,Normal,None,0.22,0.164,0.131,71.9,3.11,1818.19,,80.99,0
2024-01-01 08:06:20,3DPrinter,Normal,None,0.095,0.079,0.215,222.01,1.7,,214.15,53.86,0
2024-01-01 08:06:25,3DPrinter,Normal,None,0.128,0.158,0.094,224.35,2.21,,212.07,55.63,0
2024-01-01 08:06:30,3DPrinter,Normal,None,0.097,0.094,0.149,224.18,1.53,,198.38,50.54,0
2024-01-01 08:06:35,3DPrinter,Normal,None,0.282,0.125,0.176,222.41,1.87,,206.05,51.41,0
2024-01-01 08:06:40,3DPrinter,Normal,None,0.083,0.214,0.149,220.5,1.77,,213.91,57.62,0
2024-01-01 08:06:45,CNC,Normal,None,0.217,0.129,0.13,66.96,1.54,1882.32,,80.29,0
2024-01-01 08:06:50,3DPrinter,Normal,None,0.214,0.079,0.065,218.7,1.46,,209.25,49.98,0
2024-01-01 08:06:55,CNC,Normal,None,0.088,0.124,0.209,75.55,2.65,1773.11,,75.57,0
2024-01-01 08:07:00,CNC,Normal,None,0.18,0.151,0.113,70.45,1.89,1867.43,,79.54,0
2024-01-01 08:07:05,CNC,Normal,None,0.191,0.138,0.122,67.86,2.24,1774.5,,86.02,0
2024-01-01 08:07:10,CNC,Normal,None,0.035,0.053,0.078,70.61,2.32,1774.52,,79.4,0
2024-01-01 08:07:15,3DPrinter,Normal,None,0.176,0.064,0.228,224.68,2.18,,213.61,46.61,0
2024-01-01 08:07:20,3DPrinter,Normal,None,0.155,0.113,0.165,214.73,1.69,,208.85,52.44,0
2024-01-01 08:07:25,CNC,Attack,Malware,0.534,0.525,0.731,86.76,4.05,2559.31,,118.76,1
2024-01-01 08:07:30,3DPrinter,Normal,None,0.067,0.208,0.078,215.92,2.19,,201.23,52.27,0
2024-01-01 08:07:35,CNC,Normal,None,0.081,-0.006,0.279,70.63,2.16,1745.51,,81.6,0
2024-01-01 08:07:40,CNC,Attack,Data_Spoofing,0.668,0.548,0.626,94.04,4.66,2567.23,,117.51,1
2024-01-01 08:07:45,CNC,Attack,DoS,0.571,0.551,0.674,88.38,3.49,2519.58,,116.09,1
2024-01-01 08:07:50,CNC,Normal,None,0.32,0.19,0.127,71.58,2.85,1957.05,,75.98,0
2024-01-01 08:07:55,3DPrinter,Attack,DoS,0.526,0.358,0.486,276.88,4.01,,302.59,67.82,1
2024-01-01 08:08:00,CNC,Normal,None,0.08,0.181,0.053,67.6,2.74,1711.62,,82.3,0
2024-01-01 08:08:05,3DPrinter,Normal,None,0.062,0.145,0.149,215.71,2.01,,207.12,50.37,0
2024-01-01 08:08:10,3DPrinter,Normal,None,0.066,0.169,0.122,221.21,1.85,,208.33,55.93,0
2024-01-01 08:08:15,CNC,Normal,None,0.177,0.19,0.121,71.9,2.59,1862.18,,73.72,0
2024-01-01 08:08:20,3DPrinter,Normal,None,0.084,0.109,0.193,220.6,2.05,,213.09,53.86,0
2024-01-01 08:08:25,3DPrinter,Attack,Malware,0.553,0.446,0.467,282.15,4.06,,301.36,66.17,1
2024-01-01 08:08:30,CNC,Attack,DoS,0.631,0.535,0.729,89.76,3.61,2588.65,,114.38,1
2024-01-01 08:08:35,3DPrinter,Normal,None,0.175,0.131,0.116,226.28,1.53,,209.07,48.68,0
2024-01-01 08:08:40,CNC,Normal,None,0.134,0.213,0.221,70.85,1.66,1858.55,,82.85,0
2024-01-01 08:08:45,CNC,Attack,Data_Spoofing,0.603,0.514,0.749,96.9,3.65,2455.45,,125.81,1
2024-01-01 08:08:50,3DPrinter,Normal,None,0.106,0.16,0.125,215.98,1.5,,204.75,44.2,0
2024-01-01 08:08:55,3DPrinter,Normal,None,0.09,0.169,0.129,219.75,2.0,,204.39,51.15,0
2024-01-01 08:09:00,3DPrinter,Attack,DoS,0.558,0.531,0.472,280.37,3.84,,297.01,71.67,1
2024-01-01 08:09:05,CNC,Normal,None,0.136,0.239,0.12,67.5,2.39,1744.78,,82.53,0
2024-01-01 08:09:10,3DPrinter,Normal,None,0.268,0.167,0.098,220.82,1.69,,212.92,51.63,0
2024-01-01 08:09:15,3DPrinter,Normal,None,0.204,0.111,0.1,213.1,1.58,,209.83,55.38,0
2024-01-01 08:09:20,3DPrinter,Normal,None,0.185,0.067,-0.034,215.65,2.16,,211.72,53.97,0
2024-01-01 08:09:25,CNC,Normal,None,0.101,0.181,0.135,71.77,2.64,1882.05,,82.03,0
2024-01-01 08:09:30,3DPrinter,Normal,None,0.2,0.197,0.108,222.4,1.69,,205.83,47.93,0
2024-01-01 08:09:35,CNC,Attack,Parameter_Tamper,0.635,0.552,0.739,90.57,3.82,2364.01,,122.99,1
2024-01-01 08:09:40,3DPrinter,Normal,None,0.225,0.131,0.153,217.99,1.96,,210.24,53.63,0
2024-01-01 08:09:45,3DPrinter,Attack,Malware,0.428,0.428,0.56,285.37,3.69,,300.66,67.9,1
2024-01-01 08:09:50,CNC,Normal,None,0.146,0.149,0.186,68.42,2.15,1596.48,,82.93,0
2024-01-01 08:09:55,CNC,Normal,None,0.256,0.039,0.006,71.32,2.0,1697.88,,82.83,0
2024-01-01 08:10:00,CNC,Normal,None,0.259,0.232,0.144,66.56,2.15,1863.33,,75.09,0
2024-01-01 08:10:05,CNC,Normal,None,0.296,0.137,0.177,69.28,2.34,1674.85,,85.78,0
2024-01-01 08:10:10,3DPrinter,Attack,Data_Spoofing,0.525,0.449,0.563,278.85,4.21,,303.61,71.38,1
2024-01-01 08:10:15,3DPrinter,Normal,None,0.18,0.13,0.175,219.55,2.23,,206.62,55.4,0
2024-01-01 08:10:20,3DPrinter,Normal,None,0.113,0.119,0.06,222.82,1.61,,214.98,49.17,0
2024-01-01 08:10:25,CNC,Normal,None,0.178,0.108,-0.01,65.25,2.5,1878.58,,81.7,0
2024-01-01 08:10:30,3DPrinter,Attack,Data_Spoofing,0.499,0.421,0.537,277.98,4.72,,299.89,71.57,1
2024-01-01 08:10:35,3DPrinter,Normal,None,0.239,0.13,0.038,218.76,1.6,,204.99,49.16,0
2024-01-01 08:10:40,3DPrinter,Normal,None,0.199,0.151,0.115,217.78,1.88,,206.01,55.44,0
2024-01-01 08:10:45,3DPrinter,Attack,DoS,0.518,0.495,0.582,285.25,3.84,,306.59,70.59,1
2024-01-01 08:10:50,3DPrinter,Normal,None,0.17,0.229,0.122,221.02,1.49,,207.35,51.86,0
2024-01-01 08:10:55,3DPrinter,Normal,None,0.206,0.206,0.162,220.19,1.84,,213.07,46.93,0
2024-01-01 08:11:00,3DPrinter,Normal,None,0.205,0.114,0.187,224.37,1.24,,205.49,45.31,0
2024-01-01 08:11:05,CNC,Attack,DoS,0.74,0.626,0.647,89.48,4.15,2565.23,,113.69,1
2024-01-01 08:11:10,3DPrinter,Attack,Malware,0.527,0.387,0.619,283.89,4.12,,296.57,70.97,1
2024-01-01 08:11:15,CNC,Normal,None,0.16,0.178,0.134,72.32,1.06,1914.88,,73.04,0
2024-01-01 08:11:20,3DPrinter,Normal,None,0.169,0.116,0.18,213.77,2.13,,206.46,45.33,0
2024-01-01 08:11:25,3DPrinter,Normal,None,0.136,0.124,0.076,224.98,1.65,,202.22,48.72,0
2024-01-01 08:11:30,CNC,Normal,None,0.121,0.176,0.219,73.67,2.69,1791.05,,81.45,0
2024-01-01 08:11:35,3DPrinter,Attack,Parameter_Tamper,0.565,0.437,0.54,279.64,3.99,,303.64,70.16,1
2024-01-01 08:11:40,CNC,Normal,None,0.171,0.068,0.147,71.35,1.96,1800.93,,80.56,0
2024-01-01 08:11:45,3DPrinter,Attack,DoS,0.523,0.5,0.405,290.44,3.96,,305.54,66.88,1
2024-01-01 08:11:50,3DPrinter,Normal,None,0.164,0.087,0.194,219.18,1.96,,205.41,49.91,0
2024-01-01 08:11:55,CNC,Normal,None,0.32,0.154,0.234,73.32,2.67,1863.87,,75.43,0
2024-01-01 08:12:00,CNC,Normal,None,0.126,0.161,0.23,69.24,2.34,1943.52,,82.26,0
2024-01-01 08:12:05,CNC,Normal,None,0.205,0.223,0.074,71.79,2.48,1770.24,,85.5,0
2024-01-01 08:12:10,CNC,Attack,Parameter_Tamper,0.608,0.478,0.561,85.07,3.45,2655.26,,113.79,1
2024-01-01 08:12:15,3DPrinter,Normal,None,0.135,0.202,0.19,216.56,2.48,,214.91,49.03,0
2024-01-01 08:12:20,3DPrinter,Normal,None,0.127,0.119,0.082,212.34,2.23,,200.88,56.99,0
2024-01-01 08:12:25,3DPrinter,Attack,Parameter_Tamper,0.536,0.48,0.593,283.79,4.08,,300.52,69.81,1
2024-01-01 08:12:30,CNC,Normal,None,0.167,0.179,0.158,67.15,1.85,1701.57,,83.88,0
2024-01-01 08:12:35,3DPrinter,Normal,None,0.119,0.166,0.061,215.05,2.08,,205.09,49.33,0
2024-01-01 08:12:40,3DPrinter,Normal,None,0.102,0.148,0.232,221.11,1.85,,205.31,54.19,0
2024-01-01 08:12:45,3DPrinter,Normal,None,0.146,0.126,0.119,220.61,1.96,,210.24,50.12,0
2024-01-01 08:12:50,3DPrinter,Normal,None,0.175,0.055,0.197,218.5,1.72,,213.76,52.24,0
2024-01-01 08:12:55,CNC,Normal,None,0.131,0.119,0.247,67.98,2.31,1716.47,,88.58,0
2024-01-01 08:13:00,3DPrinter,Normal,None,0.176,0.083,0.122,222.27,2.17,,218.12,45.39,0
2024-01-01 08:13:05,CNC,Normal,None,0.199,0.134,0.341,67.59,2.86,1967.77,,77.79,0
2024-01-01 08:13:10,3DPrinter,Normal,None,0.165,0.093,0.059,222.82,1.47,,206.44,48.24,0
2024-01-01 08:13:15,CNC,Normal,None,0.166,0.156,0.051,70.99,2.53,1600.63,,81.5,0
2024-01-01 08:13:20,CNC,Normal,None,0.229,0.276,0.142,75.18,2.24,1731.91,,76.04,0
2024-01-01 08:13:25,3DPrinter,Normal,None,0.181,0.114,0.095,216.32,2.17,,215.46,51.83,0
2024-01-01 08:13:30,3DPrinter,Attack,Parameter_Tamper,0.473,0.38,0.554,283.9,4.02,,306.14,67.75,1
2024-01-01 08:13:35,3DPrinter,Attack,DoS,0.511,0.457,0.542,283.54,4.29,,296.07,66.01,1
2024-01-01 08:13:40,3DPrinter,Normal,None,0.154,0.155,0.098,211.99,2.45,,204.34,52.51,0
2024-01-01 08:13:45,3DPrinter,Normal,None,0.152,0.124,0.135,224.6,1.71,,211.34,50.97,0
2024-01-01 08:13:50,3DPrinter,Attack,Data_Spoofing,0.475,0.438,0.491,278.23,3.69,,306.57,70.15,1
2024-01-01 08:13:55,CNC,Attack,Parameter_Tamper,0.612,0.548,0.707,94.17,4.02,2501.04,,114.75,1
2024-01-01 08:14:00,CNC,Normal,None,0.154,0.071,0.196,70.16,1.48,1735.35,,68.45,0
2024-01-01 08:14:05,3DPrinter,Normal,None,0.165,0.06,0.17,227.65,2.17,,208.93,54.47,0
2024-01-01 08:14:10,CNC,Normal,None,0.141,0.111,0.134,67.88,2.32,1737.21,,80.06,0
2024-01-01 08:14:15,3DPrinter,Attack,Data_Spoofing,0.464,0.472,0.61,284.75,3.55,,287.23,72.8,1
2024-01-01 08:14:20,CNC,Normal,None,0.171,0.209,0.125,66.49,2.68,1768.33,,83.51,0
2024-01-01 08:14:25,3DPrinter,Normal,None,0.188,0.091,0.01,217.27,1.92,,202.61,50.55,0
2024-01-01 08:14:30,CNC,Normal,None,0.11,0.138,0.023,76.18,1.72,1795.99,,84.67,0
2024-01-01 08:14:35,CNC,Normal,None,0.12,0.044,0.047,74.41,2.12,1733.09,,84.16,0
2024-01-01 08:14:40,CNC,Normal,None,0.068,0.112,0.154,72.76,2.76,1921.45,,81.11,0
2024-01-01 08:14:45,CNC,Normal,None,0.236,0.142,0.107,71.38,1.93,2001.34,,80.55,0
2024-01-01 08:14:50,CNC,Normal,None,0.197,0.108,0.104,73.9,1.81,1667.21,,82.72,0
2024-01-01 08:14:55,CNC,Normal,None,0.261,0.223,0.21,72.99,1.9,1657.82,,86.01,0
2024-01-01 08:15:00,3DPrinter,Normal,None,0.164,0.074,0.172,226.12,1.62,,210.19,54.37,0
2024-01-01 08:15:05,3DPrinter,Attack,Malware,0.59,0.477,0.604,278.18,3.75,,294.78,64.1,1
2024-01-01 08:15:10,3DPrinter,Normal,None,0.179,0.127,0.116,218.34,1.86,,209.18,45.98,0
2024-01-01 08:15:15,3DPrinter,Attack,DoS,0.546,0.442,0.564,278.76,4.48,,302.45,72.2,1
2024-01-01 08:15:20,CNC,Attack,DoS,0.527,0.585,0.673,90.09,3.76,2491.41,,123.25,1
2024-01-01 08:15:25,3DPrinter,Normal,None,0.179,0.182,0.141,221.54,2.31,,211.2,57.81,0
2024-01-01 08:15:30,CNC,Normal,None,0.307,0.184,0.183,72.7,1.95,1847.81,,79.0,0
2024-01-01 08:15:35,3DPrinter,Normal,None,0.149,0.11,0.097,217.1,1.98,,218.35,51.18,0
2024-01-01 08:15:40,3DPrinter,Normal,None,0.124,0.064,0.154,227.27,1.37,,204.47,48.64,0
2024-01-01 08:15:45,3DPrinter,Attack,Data_Spoofing,0.459,0.536,0.53,281.12,4.28,,292.91,64.72,1
2024-01-01 08:15:50,3DPrinter,Normal,None,0.208,0.091,0.149,215.82,2.46,,208.52,50.38,0
2024-01-01 08:15:55,3DPrinter,Normal,None,0.116,0.223,0.2,225.12,1.98,,213.89,48.35,0
2024-01-01 08:16:00,3DPrinter,Normal,None,0.206,0.088,0.187,223.41,0.97,,214.0,48.7,0
2024-01-01 08:16:05,CNC,Normal,None,0.118,0.134,0.151,74.54,2.45,1697.58,,87.42,0
2024-01-01 08:16:10,3DPrinter,Normal,None,0.133,0.133,0.197,218.48,2.16,,200.31,46.24,0
2024-01-01 08:16:15,3DPrinter,Normal,None,0.167,0.127,0.052,221.62,1.76,,207.67,45.22,0
2024-01-01 08:16:20,3DPrinter,Attack,DoS,0.482,0.47,0.54,286.95,3.67,,299.74,70.62,1
2024-01-01 08:16:25,CNC,Normal,None,0.154,0.256,0.128,68.19,2.39,1700.16,,81.21,0
2024-01-01 08:16:30,CNC,Attack,Malware,0.625,0.559,0.582,87.32,3.94,2477.89,,116.64,1
2024-01-01 08:16:35,3DPrinter,Attack,Malware,0.454,0.525,0.536,279.89,3.78,,287.88,72.65,1
2024-01-01 08:16:40,3DPrinter,Normal,None,0.162,0.124,0.175,220.48,1.77,,206.98,52.65,0
2024-01-01 08:16:45,CNC,Attack,Parameter_Tamper,0.536,0.606,0.562,90.88,3.26,2546.64,,119.86,1
2024-01-01 08:16:50,3DPrinter,Normal,None,0.11,0.104,0.119,217.29,1.99,,207.75,53.05,0
2024-01-01 08:16:55,CNC,Normal,None,0.366,0.17,0.209,70.53,2.05,1717.24,,80.34,0
2024-01-01 08:17:00,CNC,Normal,None,0.091,0.136,0.129,76.03,2.91,1696.56,,77.16,0
2024-01-01 08:17:05,CNC,Normal,None,0.185,0.127,0.256,68.06,1.88,1751.73,,76.19,0
2024-01-01 08:17:10,3DPrinter,Attack,DoS,0.428,0.455,0.532,282.56,4.1,,299.84,69.82,1
2024-01-01 08:17:15,CNC,Attack,DoS,0.548,0.537,0.874,90.9,3.5,2457.36,,124.59,1
2024-01-01 08:17:20,3DPrinter,Attack,Data_Spoofing,0.408,0.46,0.568,286.84,4.36,,302.68,72.3,1
2024-01-01 08:17:25,CNC,Normal,None,0.167,0.174,0.101,68.07,2.61,1766.52,,78.39,0
2024-01-01 08:17:30,3DPrinter,Normal,None,0.165,0.158,0.13,214.18,1.58,,211.02,50.57,0
2024-01-01 08:17:35,CNC,Normal,None,0.197,0.134,0.192,66.81,2.37,1781.29,,83.94,0
2024-01-01 08:17:40,3DPrinter,Normal,None,0.152,0.107,0.23,221.12,1.56,,212.98,50.81,0
2024-01-01 08:17:45,3DPrinter,Normal,None,0.165,0.07,0.197,226.59,1.76,,199.39,48.18,0
2024-01-01 08:17:50,CNC,Normal,None,0.145,0.209,0.198,67.48,1.97,1758.93,,77.35,0
2024-01-01 08:17:55,CNC,Attack,Data_Spoofing,0.458,0.635,0.756,92.99,3.63,2540.37,,119.9,1
2024-01-01 08:18:00,CNC,Normal,None,0.206,0.085,0.244,66.64,2.04,1852.43,,77.96,0
2024-01-01 08:18:05,CNC,Normal,None,0.234,0.149,0.296,67.0,1.93,1851.39,,80.72,0
2024-01-01 08:18:10,3DPrinter,Attack,Malware,0.536,0.483,0.489,284.17,4.08,,303.25,67.1,1
2024-01-01 08:18:15,3DPrinter,Normal,None,0.158,0.175,0.134,209.14,2.05,,207.32,49.73,0
2024-01-01 08:18:20,3DPrinter,Attack,Malware,0.489,0.471,0.528,283.75,4.06,,301.58,72.67,1
2024-01-01 08:18:25,3DPrinter,Normal,None,0.124,0.138,0.232,218.88,1.7,,209.9,49.09,0
2024-01-01 08:18:30,3DPrinter,Normal,None,0.07,0.159,0.193,215.68,1.93,,214.5,52.71,0
2024-01-01 08:18:35,3DPrinter,Normal,None,0.161,0.115,0.132,220.35,2.15,,205.36,50.72,0
2024-01-01 08:18:40,CNC,Normal,None,0.199,0.185,0.206,78.06,1.48,1731.21,,85.9,0
2024-01-01 08:18:45,CNC,Normal,None,0.155,0.13,0.227,74.84,2.73,1964.0,,82.97,0
2024-01-01 08:18:50,3DPrinter,Normal,None,0.102,0.122,0.127,207.99,1.93,,210.72,54.44,0
2024-01-01 08:18:55,CNC,Normal,None,0.223,0.096,0.174,67.77,1.67,1738.82,,79.85,0
2024-01-01 08:19:00,3DPrinter,Normal,None,0.139,0.017,0.163,213.8,1.53,,206.65,49.39,0
2024-01-01 08:19:05,CNC,Normal,None,0.18,0.118,0.107,70.96,2.74,1612.48,,80.46,0
2024-01-01 08:19:10,CNC,Attack,Malware,0.545,0.536,0.588,90.81,3.84,2283.78,,119.93,1
2024-01-01 08:19:15,3DPrinter,Attack,DoS,0.554,0.415,0.474,270.98,3.52,,301.34,71.53,1
2024-01-01 08:19:20,CNC,Normal,None,0.244,0.102,0.17,68.16,1.92,1834.28,,76.67,0
2024-01-01 08:19:25,CNC,Normal,None,0.025,0.125,0.091,69.61,2.23,1777.51,,77.4,0
2024-01-01 08:19:30,3DPrinter,Attack,DoS,0.561,0.508,0.609,271.33,4.06,,303.79,71.14,1
2024-01-01 08:19:35,CNC,Normal,None,0.225,0.06,0.168,69.9,2.12,1787.15,,72.47,0
2024-01-01 08:19:40,3DPrinter,Normal,None,0.052,0.157,0.183,226.44,1.94,,214.23,55.52,0
2024-01-01 08:19:45,CNC,Normal,None,0.128,0.21,0.113,74.18,2.1,1828.87,,81.04,0
2024-01-01 08:19:50,3DPrinter,Attack,Parameter_Tamper,0.409,0.415,0.458,285.86,4.48,,303.9,67.04,1
2024-01-01 08:19:55,CNC,Normal,None,0.284,0.063,0.145,69.08,2.51,1931.03,,85.58,0
2024-01-01 08:20:00,3DPrinter,Normal,None,0.142,0.084,0.196,214.08,1.31,,216.36,55.67,0
2024-01-01 08:20:05,3DPrinter,Normal,None,0.127,0.096,0.139,222.73,1.8,,207.82,49.67,0
2024-01-01 08:20:10,3DPrinter,Normal,None,0.095,0.102,0.05,218.23,1.77,,211.14,50.72,0
2024-01-01 08:20:15,3DPrinter,Attack,DoS,0.545,0.445,0.572,272.15,3.66,,294.03,70.43,1
2024-01-01 08:20:20,CNC,Normal,None,0.29,0.158,0.145,73.68,1.77,1712.66,,74.95,0
2024-01-01 08:20:25,3DPrinter,Attack,Parameter_Tamper,0.457,0.351,0.587,274.64,4.07,,310.37,67.24,1
2024-01-01 08:20:30,3DPrinter,Normal,None,0.165,0.165,0.238,225.64,1.67,,203.62,49.91,0
2024-01-01 08:20:35,3DPrinter,Normal,None,0.122,0.133,0.163,225.43,1.83,,211.54,48.83,0
2024-01-01 08:20:40,CNC,Normal,None,0.133,0.201,0.151,66.48,2.19,1839.05,,81.02,0
2024-01-01 08:20:45,CNC,Normal,None,0.253,0.077,0.114,68.21,2.75,1586.43,,92.55,0
2024-01-01 08:20:50,3DPrinter,Normal,None,0.21,0.103,0.161,227.46,2.15,,208.98,49.59,0
2024-01-01 08:20:55,CNC,Normal,None,0.25,0.186,0.174,69.94,2.04,1912.41,,83.79,0
2024-01-01 08:21:00,3DPrinter,Normal,None,0.13,0.083,0.197,217.34,1.53,,206.58,48.39,0
2024-01-01 08:21:05,3DPrinter,Normal,None,0.193,0.156,0.166,216.79,1.93,,214.0,52.26,0
2024-01-01 08:21:10,3DPrinter,Normal,None,0.179,0.142,0.102,221.06,1.55,,209.88,45.08,0
2024-01-01 08:21:15,CNC,Normal,None,0.066,0.085,0.138,64.32,2.29,1800.12,,76.73,0
2024-01-01 08:21:20,CNC,Attack,Data_Spoofing,0.587,0.556,0.639,87.87,3.4,2423.66,,123.49,1
2024-01-01 08:21:25,3DPrinter,Attack,Data_Spoofing,0.469,0.491,0.54,278.68,3.4,,303.18,66.28,1
2024-01-01 08:21:30,3DPrinter,Attack,Parameter_Tamper,0.417,0.51,0.507,281.68,4.0,,305.02,76.56,1
2024-01-01 08:21:35,3DPrinter,Normal,None,0.085,0.13,0.115,224.04,1.51,,212.38,51.52,0
2024-01-01 08:21:40,3DPrinter,Normal,None,0.092,0.123,0.103,224.45,1.25,,209.86,51.01,0
2024-01-01 08:21:45,CNC,Normal,None,0.114,0.082,0.238,70.0,2.2,1767.21,,80.62,0
2024-01-01 08:21:50,CNC,Attack,Data_Spoofing,0.54,0.629,0.631,87.67,4.09,2451.18,,124.11,1
2024-01-01 08:21:55,CNC,Attack,Data_Spoofing,0.554,0.61,0.64,91.17,3.76,2526.54,,117.67,1
2024-01-01 08:22:00,3DPrinter,Normal,None,0.228,0.054,0.166,215.92,1.86,,210.34,46.83,0
2024-01-01 08:22:05,CNC,Normal,None,0.254,0.183,0.244,69.58,2.02,1800.05,,82.4,0
2024-01-01 08:22:10,3DPrinter,Normal,None,0.078,0.11,0.07,212.92,2.17,,208.4,48.81,0
2024-01-01 08:22:15,CNC,Normal,None,0.214,0.213,0.155,72.01,1.77,1644.62,,83.27,0
2024-01-01 08:22:20,3DPrinter,Normal,None,0.214,0.161,0.194,213.16,2.26,,206.19,50.58,0
2024-01-01 08:22:25,3DPrinter,Normal,None,0.143,0.093,0.132,220.2,1.5,,213.7,48.46,0
2024-01-01 08:22:30,CNC,Normal,None,0.073,0.061,0.145,62.08,2.51,1559.01,,79.69,0
2024-01-01 08:22:35,CNC,Normal,None,0.181,0.142,0.198,66.46,2.65,1871.54,,82.87,0
2024-01-01 08:22:40,CNC,Normal,None,0.163,0.153,0.229,67.77,1.34,1825.56,,83.95,0
2024-01-01 08:22:45,3DPrinter,Attack,Data_Spoofing,0.432,0.459,0.562,278.88,4.45,,292.0,67.51,1
2024-01-01 08:22:50,3DPrinter,Normal,None,0.113,0.08,0.224,219.46,1.59,,209.79,51.61,0
2024-01-01 08:22:55,3DPrinter,Normal,None,0.153,0.057,0.109,218.12,1.7,,216.41,51.67,0
2024-01-01 08:23:00,CNC,Normal,None,0.203,0.114,0.069,74.73,1.73,1884.86,,82.55,0
2024-01-01 08:23:05,CNC,Normal,None,0.163,0.209,0.155,69.04,2.26,1716.49,,88.36,0
2024-01-01 08:23:10,CNC,Normal,None,0.183,0.181,0.16,65.12,1.99,1822.46,,83.37,0
2024-01-01 08:23:15,3DPrinter,Normal,None,0.119,0.009,0.217,212.88,1.72,,207.85,51.77,0
2024-01-01 08:23:20,CNC,Attack,Malware,0.603,0.573,0.62,85.15,3.51,2515.71,,120.65,1
2024-01-01 08:23:25,CNC,Normal,None,0.183,0.17,0.161,68.08,2.4,1980.43,,79.24,0
2024-01-01 08:23:30,CNC,Normal,None,0.277,0.222,0.176,66.39,2.2,1956.23,,82.47,0
2024-01-01 08:23:35,3DPrinter,Normal,None,0.14,0.057,0.17,224.41,1.66,,207.65,50.8,0
2024-01-01 08:23:40,3DPrinter,Normal,None,0.149,0.096,0.1,221.69,1.57,,202.17,45.97,0
2024-01-01 08:23:45,CNC,Attack,Data_Spoofing,0.488,0.419,0.721,87.95,4.12,2302.99,,123.57,1
2024-01-01 08:23:50,CNC,Normal,None,0.13,0.098,0.053,70.1,2.29,1781.06,,73.84,0
2024-01-01 08:23:55,3DPrinter,Normal,None,0.249,0.201,0.145,215.51,1.4,,209.05,52.76,0
2024-01-01 08:24:00,3DPrinter,Attack,Parameter_Tamper,0.482,0.276,0.57,273.37,3.83,,294.87,68.9,1
2024-01-01 08:24:05,CNC,Normal,None,0.211,-0.042,0.174,71.31,2.36,1923.58,,75.72,0
2024-01-01 08:24:10,CNC,Attack,Parameter_Tamper,0.533,0.58,0.658,93.16,3.57,2333.34,,122.76,1
2024-01-01 08:24:15,3DPrinter,Normal,None,0.022,0.066,0.086,223.4,1.46,,213.33,51.39,0
2024-01-01 08:24:20,CNC,Normal,None,0.106,0.056,0.22,71.74,2.02,1686.45,,85.84,0
2024-01-01 08:24:25,3DPrinter,Normal,None,0.064,0.124,0.1,215.85,1.96,,212.09,54.2,0
2024-01-01 08:24:30,CNC,Attack,DoS,0.489,0.606,0.718,92.41,3.81,2404.38,,110.76,1
2024-01-01 08:24:35,CNC,Attack,DoS,0.611,0.587,0.712,89.04,4.52,2523.01,,121.99,1
2024-01-01 08:24:40,3DPrinter,Attack,Malware,0.479,0.484,0.523,282.7,3.61,,293.89,73.17,1
2024-01-01 08:24:45,CNC,Normal,None,0.246,0.14,0.207,66.72,2.05,1869.55,,83.4,0
2024-01-01 08:24:50,3DPrinter,Normal,None,0.147,0.143,0.179,214.99,1.86,,216.6,55.46,0
2024-01-01 08:24:55,CNC,Attack,Malware,0.603,0.584,0.613,83.54,4.24,2452.12,,116.55,1
2024-01-01 08:25:00,3DPrinter,Normal,None,0.169,0.16,0.108,223.86,2.13,,219.67,50.21,0
2024-01-01 08:25:05,CNC,Normal,None,0.135,0.068,0.065,65.43,2.65,1737.07,,86.13,0
2024-01-01 08:25:10,CNC,Normal,None,0.131,0.205,0.287,68.03,2.03,1783.67,,82.16,0
2024-01-01 08:25:15,CNC,Normal,None,0.169,0.218,0.261,68.92,1.67,1758.65,,81.04,0
2024-01-01 08:25:20,CNC,Normal,None,0.145,0.023,0.067,70.23,2.81,1738.66,,77.43,0
2024-01-01 08:25:25,CNC,Normal,None,0.299,0.035,0.114,69.75,1.62,1707.81,,75.98,0
2024-01-01 08:25:30,CNC,Normal,None,0.186,0.168,0.154,70.56,2.28,1718.73,,85.99,0
2024-01-01 08:25:35,3DPrinter,Normal,None,0.212,0.161,0.083,224.09,2.26,,204.39,47.25,0
2024-01-01 08:25:40,3DPrinter,Normal,None,0.139,0.134,0.223,223.62,1.54,,218.48,50.13,0
2024-01-01 08:25:45,CNC,Normal,None,0.162,0.18,0.156,73.37,2.07,1856.46,,75.92,0
2024-01-01 08:25:50,CNC,Attack,Data_Spoofing,0.539,0.54,0.672,90.57,3.16,2456.1,,126.71,1
2024-01-01 08:25:55,CNC,Normal,None,0.146,0.262,0.257,66.12,2.48,1749.7,,81.05,0
2024-01-01 08:26:00,CNC,Normal,None,0.205,0.18,0.111,67.39,2.88,1769.92,,86.46,0
2024-01-01 08:26:05,3DPrinter,Normal,None,0.2,0.145,0.164,220.38,2.02,,212.41,46.29,0
2024-01-01 08:26:10,CNC,Attack,Malware,0.611,0.67,0.637,88.14,3.86,2576.65,,113.13,1
2024-01-01 08:26:15,3DPrinter,Normal,None,0.164,0.135,0.176,218.85,2.24,,203.31,52.08,0
2024-01-01 08:26:20,CNC,Attack,Malware,0.487,0.408,0.688,90.55,3.61,2322.65,,117.24,1
2024-01-01 08:26:25,CNC,Normal,None,0.18,0.105,0.261,66.23,2.53,1772.1,,78.88,0
2024-01-01 08:26:30,CNC,Normal,None,0.218,0.067,0.17,70.49,1.92,1833.0,,75.97,0
2024-01-01 08:26:35,CNC,Normal,None,0.102,0.346,0.247,65.95,1.67,1848.19,,82.19,0
2024-01-01 08:26:40,3DPrinter,Normal,None,0.093,0.052,0.175,220.05,2.12,,199.3,45.8,0
2024-01-01 08:26:45,CNC,Attack,Data_Spoofing,0.601,0.615,0.684,91.26,4.04,2705.65,,115.48,1
2024-01-01 08:26:50,3DPrinter,Normal,None,0.101,0.147,0.088,223.72,1.83,,218.72,49.16,0
2024-01-01 08:26:55,CNC,Normal,None,0.21,0.125,0.138,77.28,2.37,1662.24,,77.74,0
2024-01-01 08:27:00,CNC,Normal,None,0.188,0.171,0.014,74.24,2.74,1566.93,,84.34,0
2024-01-01 08:27:05,3DPrinter,Normal,None,0.203,-0.012,0.14,221.64,2.08,,204.93,50.26,0
2024-01-01 08:27:10,3DPrinter,Normal,None,0.133,0.081,0.162,215.97,1.66,,203.58,49.6,0
2024-01-01 08:27:15,CNC,Normal,None,0.192,0.119,0.156,77.86,1.76,1946.42,,83.99,0
2024-01-01 08:27:20,3DPrinter,Normal,None,0.212,0.127,0.158,221.69,1.17,,209.07,49.28,0
2024-01-01 08:27:25,3DPrinter,Normal,None,0.222,0.08,0.137,226.19,1.66,,209.79,50.17,0
2024-01-01 08:27:30,3DPrinter,Normal,None,0.136,0.167,0.165,220.22,1.86,,207.2,49.42,0
2024-01-01 08:27:35,3DPrinter,Attack,DoS,0.467,0.356,0.581,276.82,3.64,,296.88,69.45,1
2024-01-01 08:27:40,3DPrinter,Normal,None,0.238,0.106,0.204,224.84,1.74,,220.55,50.81,0
2024-01-01 08:27:45,CNC,Normal,None,0.286,0.172,0.262,72.11,2.52,1808.38,,85.64,0
2024-01-01 08:27:50,3DPrinter,Normal,None,0.204,0.196,0.104,222.64,1.85,,209.41,51.07,0
2024-01-01 08:27:55,CNC,Attack,Parameter_Tamper,0.615,0.669,0.725,90.57,4.18,2396.75,,121.59,1
2024-01-01 08:28:00,3DPrinter,Normal,None,0.101,0.167,0.108,214.96,1.57,,206.56,52.55,0
2024-01-01 08:28:05,CNC,Normal,None,0.169,0.076,0.266,71.53,2.61,1734.22,,83.42,0
2024-01-01 08:28:10,CNC,Normal,None,0.187,0.136,0.06,73.32,1.87,1739.04,,75.95,0
2024-01-01 08:28:15,CNC,Normal,None,0.229,0.199,0.074,71.66,2.45,1730.32,,82.33,0
2024-01-01 08:28:20,3DPrinter,Normal,None,0.103,0.192,0.117,219.67,1.7,,212.46,48.39,0
2024-01-01 08:28:25,3DPrinter,Normal,None,0.153,0.154,0.125,218.35,2.02,,211.68,50.95,0
2024-01-01 08:28:30,3DPrinter,Normal,None,0.115,0.126,0.198,215.94,1.91,,211.58,49.71,0
2024-01-01 08:28:35,3DPrinter,Normal,None,0.125,0.118,0.133,221.67,2.23,,215.41,46.06,0
2024-01-01 08:28:40,CNC,Normal,None,0.273,0.184,0.235,76.06,2.59,1833.06,,86.54,0
2024-01-01 08:28:45,3DPrinter,Attack,Data_Spoofing,0.588,0.432,0.628,275.91,4.46,,302.5,65.8,1
2024-01-01 08:28:50,CNC,Attack,DoS,0.586,0.589,0.547,90.42,4.25,2554.93,,122.77,1
2024-01-01 08:28:55,3DPrinter,Normal,None,0.23,0.218,0.115,214.71,2.24,,219.81,50.01,0
2024-01-01 08:29:00,3DPrinter,Normal,None,0.084,0.163,0.16,214.89,1.44,,211.87,48.81,0
2024-01-01 08:29:05,CNC,Normal,None,0.307,0.117,0.184,74.66,2.54,1841.49,,81.85,0
2024-01-01 08:29:10,3DPrinter,Attack,Parameter_Tamper,0.451,0.603,0.495,278.44,3.5,,302.69,70.45,1
2024-01-01 08:29:15,CNC,Normal,None,0.234,0.107,0.149,69.78,2.02,1819.5,,76.97,0
2024-01-01 08:29:20,CNC,Attack,Parameter_Tamper,0.623,0.606,0.68,88.98,3.73,2521.19,,116.42,1
2024-01-01 08:29:25,CNC,Attack,Data_Spoofing,0.67,0.568,0.707,89.9,3.98,2448.36,,119.21,1
2024-01-01 08:29:30,CNC,Attack,Parameter_Tamper,0.624,0.572,0.603,89.47,3.54,2429.51,,113.08,1
2024-01-01 08:29:35,CNC,Normal,None,0.164,0.122,0.143,69.81,2.39,1887.45,,77.4,0
2024-01-01 08:29:40,3DPrinter,Normal,None,0.099,0.082,0.121,217.1,2.21,,204.31,48.86,0
2024-01-01 08:29:45,CNC,Normal,None,0.203,0.138,0.101,71.72,1.49,1764.04,,81.2,0
2024-01-01 08:29:50,CNC,Normal,None,0.098,0.141,0.06,72.34,1.86,1797.53,,72.46,0
2024-01-01 08:29:55,3DPrinter,Attack,Malware,0.48,0.444,0.518,288.69,3.9,,309.16,72.44,1
2024-01-01 08:30:00,CNC,Attack,DoS,0.571,0.606,0.736,90.41,3.33,2450.06,,126.81,1
2024-01-01 08:30:05,CNC,Normal,None,0.175,0.227,0.156,72.85,2.05,1629.61,,76.3,0
2024-01-01 08:30:10,3DPrinter,Normal,None,0.125,0.137,0.153,213.72,1.69,,223.42,46.3,0
2024-01-01 08:30:15,CNC,Normal,None,0.226,0.243,0.078,70.65,1.76,1741.11,,76.65,0
2024-01-01 08:30:20,CNC,Normal,None,0.211,0.11,0.187,69.43,2.23,1844.51,,78.6,0
2024-01-01 08:30:25,CNC,Attack,DoS,0.53,0.5,0.634,93.54,3.88,2446.88,,121.94,1
2024-01-01 08:30:30,3DPrinter,Normal,None,0.116,0.086,0.122,222.69,1.89,,211.88,54.06,0
2024-01-01 08:30:35,3DPrinter,Normal,None,0.184,0.016,0.111,219.84,1.53,,205.32,48.0,0
2024-01-01 08:30:40,3DPrinter,Normal,None,0.147,0.164,0.22,218.97,1.79,,203.93,55.82,0
2024-01-01 08:30:45,CNC,Attack,Data_Spoofing,0.502,0.513,0.747,88.84,3.95,2514.13,,111.48,1
2024-01-01 08:30:50,3DPrinter,Normal,None,0.151,0.164,0.107,220.01,1.82,,207.44,53.6,0
2024-01-01 08:30:55,3DPrinter,Normal,None,0.139,0.118,0.119,217.15,1.9,,202.41,52.25,0
2024-01-01 08:31:00,CNC,Normal,None,0.265,0.106,0.26,68.16,2.33,1755.38,,83.02,0
2024-01-01 08:31:05,CNC,Normal,None,0.102,0.128,0.207,70.29,2.72,1728.12,,82.98,0
2024-01-01 08:31:10,CNC,Normal,None,0.215,0.154,0.209,65.61,1.73,1914.69,,81.33,0
2024-01-01 08:31:15,CNC,Normal,None,0.217,0.201,0.263,68.19,2.11,1636.05,,78.43,0
2024-01-01 08:31:20,CNC,Normal,None,0.147,0.059,0.083,70.9,2.18,1848.49,,73.4,0
2024-01-01 08:31:25,3DPrinter,Normal,None,0.15,0.18,0.179,222.33,2.26,,205.26,55.24,0
2024-01-01 08:31:30,3DPrinter,Normal,None,0.136,0.15,0.085,224.62,1.65,,207.54,47.49,0
2024-01-01 08:31:35,CNC,Attack,Parameter_Tamper,0.468,0.575,0.61,84.54,3.91,2308.77,,119.73,1
2024-01-01 08:31:40,3DPrinter,Normal,None,0.09,0.108,0.146,214.96,1.72,,213.58,52.56,0
2024-01-01 08:31:45,CNC,Attack,Parameter_Tamper,0.688,0.568,0.739,92.2,3.92,2334.51,,116.16,1
2024-01-01 08:31:50,3DPrinter,Normal,None,0.173,0.145,0.149,215.44,1.49,,209.51,50.45,0
2024-01-01 08:31:55,CNC,Attack,Malware,0.552,0.555,0.635,87.14,3.83,2525.78,,115.03,1
2024-01-01 08:32:00,CNC,Normal,None,0.175,0.172,0.13,69.56,2.25,1769.84,,73.92,0
2024-01-01 08:32:05,CNC,Normal,None,0.164,0.174,0.052,73.25,2.01,1790.64,,85.3,0
2024-01-01 08:32:10,3DPrinter,Normal,None,0.208,0.094,0.086,216.82,1.78,,205.74,53.7,0
2024-01-01 08:32:15,CNC,Normal,None,0.175,0.224,0.128,68.77,2.66,1613.03,,78.45,0
2024-01-01 08:32:20,3DPrinter,Attack,Malware,0.517,0.548,0.549,277.43,3.66,,298.44,70.48,1
2024-01-01 08:32:25,CNC,Normal,None,0.184,0.116,0.172,67.11,2.12,1861.02,,80.63,0
2024-01-01 08:32:30,CNC,Normal,None,0.165,0.096,0.007,73.43,2.36,1842.76,,73.75,0
2024-01-01 08:32:35,3DPrinter,Normal,None,0.219,0.106,0.101,228.67,1.54,,207.22,50.61,0
2024-01-01 08:32:40,CNC,Normal,None,0.154,0.116,0.076,69.12,2.26,1901.82,,80.06,0
2024-01-01 08:32:45,CNC,Attack,Parameter_Tamper,0.49,0.566,0.698,86.19,4.48,2520.23,,126.53,1
2024-01-01 08:32:50,3DPrinter,Normal,None,0.231,0.095,0.125,221.37,1.85,,216.27,49.3,0
2024-01-01 08:32:55,CNC,Normal,None,0.262,0.127,0.182,69.83,2.69,1604.89,,80.57,0
2024-01-01 08:33:00,3DPrinter,Normal,None,0.139,0.116,0.215,216.54,2.19,,204.11,54.04,0
2024-01-01 08:33:05,3DPrinter,Normal,None,0.126,0.202,0.194,216.35,1.91,,203.53,51.72,0
2024-01-01 08:33:10,CNC,Normal,None,0.023,0.228,0.137,68.98,2.8,1752.4,,76.64,0
2024-01-01 08:33:15,3DPrinter,Normal,None,0.139,0.172,0.223,217.58,1.62,,212.46,48.93,0
2024-01-01 08:33:20,3DPrinter,Attack,Parameter_Tamper,0.47,0.445,0.554,277.4,3.89,,299.59,69.45,1
2024-01-01 08:33:25,3DPrinter,Attack,Parameter_Tamper,0.502,0.446,0.548,271.34,4.45,,300.21,71.33,1
2024-01-01 08:33:30,3DPrinter,Normal,None,0.099,0.167,0.128,223.9,1.61,,210.35,53.63,0
2024-01-01 08:33:35,3DPrinter,Attack,Malware,0.487,0.415,0.514,279.45,3.73,,304.21,68.89,1
2024-01-01 08:33:40,CNC,Normal,None,0.227,0.086,0.159,68.03,1.43,1732.45,,82.69,0
2024-01-01 08:33:45,CNC,Normal,None,0.014,0.233,0.182,68.18,2.38,1754.09,,77.22,0
2024-01-01 08:33:50,3DPrinter,Normal,None,0.235,0.077,0.218,215.7,1.96,,204.31,51.57,0
2024-01-01 08:33:55,CNC,Attack,Malware,0.577,0.48,0.597,85.6,3.6,2597.53,,122.06,1
2024-01-01 08:34:00,CNC,Normal,None,0.154,0.223,0.194,67.91,2.76,1685.83,,78.49,0
2024-01-01 08:34:05,CNC,Attack,Malware,0.586,0.613,0.778,88.77,4.08,2728.17,,117.53,1
2024-01-01 08:34:10,CNC,Normal,None,0.051,0.085,0.24,70.63,2.57,1854.28,,85.88,0
2024-01-01 08:34:15,CNC,Normal,None,0.201,0.073,0.113,67.68,2.53,1890.04,,81.8,0
2024-01-01 08:34:20,3DPrinter,Normal,None,0.195,0.204,0.221,224.59,1.28,,219.14,52.75,0
2024-01-01 08:34:25,CNC,Normal,None,0.126,0.066,0.213,74.11,2.48,1828.38,,76.05,0
2024-01-01 08:34:30,3DPrinter,Attack,DoS,0.486,0.344,0.54,282.67,3.9,,299.89,69.44,1
2024-01-01 08:34:35,CNC,Normal,None,0.157,0.065,0.294,66.16,2.28,1900.74,,74.98,0
2024-01-01 08:34:40,3DPrinter,Attack,DoS,0.581,0.548,0.511,280.0,4.06,,296.01,71.89,1
2024-01-01 08:34:45,3DPrinter,Normal,None,0.138,0.142,0.103,221.14,1.24,,213.02,50.89,0
2024-01-01 08:34:50,3DPrinter,Attack,Data_Spoofing,0.559,0.508,0.544,281.26,4.2,,294.31,73.64,1
2024-01-01 08:34:55,3DPrinter,Normal,None,0.237,0.075,0.199,223.33,2.38,,205.61,48.87,0
2024-01-01 08:35:00,3DPrinter,Normal,None,0.112,0.134,0.217,216.72,1.69,,211.38,46.11,0
2024-01-01 08:35:05,3DPrinter,Normal,None,0.112,0.179,0.147,220.4,1.97,,205.69,50.09,0
2024-01-01 08:35:10,3DPrinter,Normal,None,0.221,0.041,0.071,217.02,1.72,,206.9,49.91,0
2024-01-01 08:35:15,3DPrinter,Normal,None,0.164,0.184,0.157,213.96,1.48,,218.38,47.16,0
2024-01-01 08:35:20,CNC,Normal,None,0.125,0.112,0.096,70.98,2.89,1870.29,,84.14,0
2024-01-01 08:35:25,3DPrinter,Attack,Data_Spoofing,0.541,0.538,0.55,274.09,4.13,,310.43,66.96,1
2024-01-01 08:35:30,CNC,Attack,Malware,0.579,0.533,0.829,88.07,3.46,2508.53,,124.72,1
2024-01-01 08:35:35,CNC,Normal,None,0.339,0.217,0.193,69.99,1.96,1690.78,,83.34,0
2024-01-01 08:35:40,3DPrinter,Normal,None,0.192,0.132,0.157,226.43,1.56,,216.83,48.44,0
2024-01-01 08:35:45,3DPrinter,Normal,None,0.258,0.145,0.23,223.53,1.73,,204.87,53.69,0
2024-01-01 08:35:50,3DPrinter,Normal,None,0.221,0.091,0.027,214.11,1.87,,205.11,49.74,0
2024-01-01 08:35:55,CNC,Normal,None,0.204,0.146,0.011,71.37,1.81,1684.67,,73.25,0
2024-01-01 08:36:00,3DPrinter,Normal,None,0.139,0.168,0.219,214.41,2.4,,206.1,50.52,0
2024-01-01 08:36:05,3DPrinter,Attack,Malware,0.526,0.446,0.49,287.25,4.54,,291.59,66.93,1
2024-01-01 08:36:10,CNC,Normal,None,0.102,0.115,0.101,72.03,2.23,1731.89,,83.98,0
2024-01-01 08:36:15,CNC,Normal,None,0.198,0.217,0.121,67.55,2.23,1886.16,,80.56,0
2024-01-01 08:36:20,3DPrinter,Normal,None,0.111,0.098,0.129,214.25,1.57,,210.86,53.61,0
2024-01-01 08:36:25,3DPrinter,Normal,None,0.166,0.234,0.12,222.46,1.97,,210.98,49.7,0
2024-01-01 08:36:30,3DPrinter,Normal,None,0.178,0.079,0.135,217.54,2.59,,212.66,50.56,0
2024-01-01 08:36:35,3DPrinter,Normal,None,0.174,0.086,0.12,229.96,1.55,,207.25,49.56,0
2024-01-01 08:36:40,CNC,Normal,None,0.164,0.197,0.139,65.65,2.33,1920.83,,84.57,0
2024-01-01 08:36:45,3DPrinter,Normal,None,0.122,0.142,0.195,222.33,2.2,,212.61,49.71,0
2024-01-01 08:36:50,3DPrinter,Normal,None,0.083,0.145,0.195,229.68,2.22,,212.77,45.37,0
2024-01-01 08:36:55,CNC,Normal,None,0.189,0.132,0.104,68.84,2.03,1752.24,,74.98,0
2024-01-01 08:37:00,CNC,Normal,None,0.2,-0.035,-0.006,68.98,2.12,1818.91,,77.09,0
2024-01-01 08:37:05,CNC,Normal,None,0.181,0.259,0.293,70.47,2.61,1817.53,,74.65,0
2024-01-01 08:37:10,3DPrinter,Normal,None,0.126,0.161,0.058,220.6,1.9,,210.66,49.0,0
2024-01-01 08:37:15,CNC,Normal,None,0.109,0.221,0.257,69.09,1.16,1763.87,,79.74,0
2024-01-01 08:37:20,3DPrinter,Normal,None,0.156,0.145,0.094,225.67,1.38,,207.17,51.86,0
2024-01-01 08:37:25,CNC,Normal,None,0.253,0.197,0.157,69.45,2.06,1918.06,,77.49,0
2024-01-01 08:37:30,CNC,Attack,DoS,0.635,0.526,0.615,91.79,3.19,2329.79,,117.61,1
2024-01-01 08:37:35,CNC,Attack,Malware,0.675,0.67,0.528,91.3,3.99,2420.44,,121.7,1
2024-01-01 08:37:40,CNC,Normal,None,0.025,0.217,0.171,70.02,2.36,1717.16,,76.0,0
2024-01-01 08:37:45,3DPrinter,Normal,None,0.136,0.091,0.081,219.01,2.42,,200.84,46.85,0
2024-01-01 08:37:50,CNC,Normal,None,0.097,0.158,0.34,65.93,1.64,1833.87,,84.82,0
2024-01-01 08:37:55,3DPrinter,Normal,None,0.119,0.164,0.086,226.88,1.89,,213.44,54.4,0
2024-01-01 08:38:00,CNC,Normal,None,0.152,0.097,0.287,65.58,1.46,1811.96,,79.99,0
2024-01-01 08:38:05,CNC,Normal,None,0.164,0.185,0.169,69.66,1.68,1823.28,,76.97,0
2024-01-01 08:38:10,CNC,Normal,None,0.221,-0.036,0.157,70.15,2.57,1818.48,,85.01,0
2024-01-01 08:38:15,CNC,Normal,None,0.207,0.162,0.174,66.19,2.31,1716.8,,77.45,0
2024-01-01 08:38:20,CNC,Normal,None,0.217,0.012,0.051,75.59,1.91,1820.0,,74.04,0
2024-01-01 08:38:25,CNC,Normal,None,0.187,0.227,0.132,73.21,2.44,2030.36,,74.08,0
2024-01-01 08:38:30,3DPrinter,Normal,None,0.174,0.13,0.172,218.18,1.72,,212.25,48.58,0
2024-01-01 08:38:35,3DPrinter,Attack,Malware,0.482,0.552,0.55,283.91,3.76,,296.1,73.25,1
2024-01-01 08:38:40,CNC,Normal,None,0.219,0.153,0.23,67.9,2.5,1905.44,,79.62,0
2024-01-01 08:38:45,3DPrinter,Normal,None,0.171,0.18,0.185,213.14,1.91,,200.11,50.14,0
2024-01-01 08:38:50,CNC,Normal,None,0.27,0.193,0.125,65.75,1.87,1736.17,,80.44,0
2024-01-01 08:38:55,CNC,Normal,None,0.185,0.17,0.179,68.98,2.35,1787.63,,81.83,0
2024-01-01 08:39:00,CNC,Normal,None,0.178,0.089,0.14,68.64,2.6,1741.3,,78.49,0
2024-01-01 08:39:05,3DPrinter,Attack,Parameter_Tamper,0.536,0.47,0.578,282.22,3.75,,300.75,71.09,1
2024-01-01 08:39:10,CNC,Normal,None,0.335,0.141,0.087,70.09,2.6,1738.48,,79.48,0
2024-01-01 08:39:15,3DPrinter,Normal,None,0.167,0.157,0.17,219.29,1.9,,215.15,52.62,0
2024-01-01 08:39:20,CNC,Normal,None,0.219,0.114,0.146,75.42,2.06,1905.0,,81.36,0
2024-01-01 08:39:25,3DPrinter,Normal,None,0.133,0.15,0.097,232.43,1.88,,216.38,49.54,0
2024-01-01 08:39:30,CNC,Attack,Malware,0.558,0.572,0.683,92.81,3.41,2640.68,,121.45,1
2024-01-01 08:39:35,CNC,Normal,None,0.223,0.205,0.144,73.2,2.78,1708.37,,76.65,0
2024-01-01 08:39:40,CNC,Attack,Malware,0.67,0.499,0.578,89.09,3.81,2473.58,,119.76,1
2024-01-01 08:39:45,3DPrinter,Normal,None,0.161,0.134,0.033,225.06,1.75,,226.22,56.92,0
2024-01-01 08:39:50,3DPrinter,Normal,None,0.161,0.092,0.062,228.73,2.22,,208.09,51.53,0
2024-01-01 08:39:55,3DPrinter,Normal,None,0.126,0.06,0.024,224.29,1.55,,199.91,50.44,0
2024-01-01 08:40:00,3DPrinter,Normal,None,0.15,0.121,0.129,223.1,1.38,,207.96,51.44,0
2024-01-01 08:40:05,CNC,Normal,None,0.228,0.163,0.172,67.01,2.13,1582.29,,80.71,0
2024-01-01 08:40:10,CNC,Normal,None,0.282,0.197,0.153,68.64,1.97,1909.32,,87.62,0
2024-01-01 08:40:15,3DPrinter,Normal,None,0.12,0.134,0.139,221.61,1.8,,205.93,52.47,0
2024-01-01 08:40:20,CNC,Normal,None,0.2,0.101,0.061,68.45,1.99,1902.99,,75.74,0
2024-01-01 08:40:25,CNC,Normal,None,0.125,0.016,0.193,64.51,1.71,1592.44,,79.66,0
2024-01-01 08:40:30,CNC,Normal,None,0.106,0.066,0.096,68.52,2.05,1828.86,,76.44,0
2024-01-01 08:40:35,3DPrinter,Normal,None,0.166,0.129,0.205,222.93,1.68,,211.29,49.28,0
2024-01-01 08:40:40,3DPrinter,Normal,None,0.228,0.123,0.108,215.55,1.54,,202.69,52.8,0
2024-01-01 08:40:45,CNC,Normal,None,0.024,0.078,0.196,70.1,1.41,1865.5,,83.24,0
2024-01-01 08:40:50,3DPrinter,Normal,None,0.158,0.06,0.129,216.29,1.65,,209.53,49.6,0
2024-01-01 08:40:55,CNC,Normal,None,0.209,0.112,0.077,68.8,2.31,1795.51,,80.73,0
2024-01-01 08:41:00,3DPrinter,Attack,Malware,0.56,0.376,0.531,278.35,4.08,,304.31,66.25,1
2024-01-01 08:41:05,CNC,Normal,None,0.102,0.072,0.132,73.71,2.35,1703.2,,78.76,0
2024-01-01 08:41:10,CNC,Normal,None,0.125,0.068,0.243,75.02,1.81,1940.49,,78.05,0
2024-01-01 08:41:15,CNC,Normal,None,0.217,0.103,0.195,73.89,1.76,1763.45,,79.39,0
2024-01-01 08:41:20,CNC,Normal,None,0.138,0.043,0.122,69.21,1.78,1795.45,,81.89,0
2024-01-01 08:41:25,CNC,Normal,None,0.165,0.162,0.276,70.42,2.6,1660.98,,80.63,0
2024-01-01 08:41:30,CNC,Normal,None,0.163,0.182,0.253,68.04,2.35,1786.41,,82.47,0
2024-01-01 08:41:35,CNC,Attack,Malware,0.706,0.443,0.636,90.91,3.87,2315.62,,116.44,1
2024-01-01 08:41:40,CNC,Attack,Malware,0.56,0.347,0.699,89.24,4.41,2539.8,,117.84,1
2024-01-01 08:41:45,3DPrinter,Normal,None,0.203,0.1,0.19,226.97,2.01,,212.15,51.14,0
2024-01-01 08:41:50,3DPrinter,Normal,None,0.144,0.092,0.112,229.7,1.58,,216.46,46.59,0
2024-01-01 08:41:55,3DPrinter,Attack,Malware,0.524,0.379,0.561,285.05,3.75,,292.5,69.72,1
2024-01-01 08:42:00,3DPrinter,Attack,Data_Spoofing,0.456,0.321,0.553,284.75,3.7,,304.24,66.89,1
2024-01-01 08:42:05,3DPrinter,Normal,None,0.143,0.168,0.163,214.1,1.85,,213.36,54.58,0
2024-01-01 08:42:10,3DPrinter,Attack,Parameter_Tamper,0.407,0.493,0.521,280.98,4.3,,297.25,65.06,1
2024-01-01 08:42:15,CNC,Normal,None,0.285,0.111,0.224,71.61,2.37,1772.0,,74.88,0
2024-01-01 08:42:20,CNC,Normal,None,0.202,0.269,0.078,71.56,2.45,1612.33,,81.64,0
2024-01-01 08:42:25,3DPrinter,Normal,None,0.194,0.122,0.178,216.96,1.91,,211.56,44.33,0
2024-01-01 08:42:30,3DPrinter,Normal,None,0.092,0.137,0.213,212.52,1.82,,210.62,46.18,0
2024-01-01 08:42:35,CNC,Normal,None,0.207,0.235,0.275,79.46,1.75,1824.29,,71.67,0
2024-01-01 08:42:40,3DPrinter,Normal,None,0.124,0.145,0.134,215.87,1.57,,219.66,51.33,0
2024-01-01 08:42:45,CNC,Normal,None,0.061,-0.005,0.162,63.77,2.07,1964.34,,81.44,0
2024-01-01 08:42:50,3DPrinter,Normal,None,0.27,0.139,0.135,212.02,1.57,,209.37,47.85,0
2024-01-01 08:42:55,CNC,Normal,None,0.137,0.071,0.174,69.76,1.97,1751.92,,82.78,0
2024-01-01 08:43:00,3DPrinter,Normal,None,0.147,0.092,0.224,229.22,1.43,,204.39,49.17,0
2024-01-01 08:43:05,3DPrinter,Normal,None,0.109,0.2,0.18,224.31,1.38,,204.24,41.48,0
2024-01-01 08:43:10,CNC,Attack,DoS,0.533,0.469,0.711,89.91,4.17,2720.42,,116.92,1
2024-01-01 08:43:15,3DPrinter,Attack,Malware,0.438,0.485,0.691,279.48,4.12,,296.31,70.54,1
2024-01-01 08:43:20,3DPrinter,Normal,None,0.156,0.155,0.151,214.95,1.65,,217.13,50.99,0
2024-01-01 08:43:25,CNC,Attack,DoS,0.659,0.483,0.672,87.02,3.55,2518.93,,121.19,1
2024-01-01 08:43:30,3DPrinter,Normal,None,0.104,0.091,0.132,228.1,1.97,,203.38,49.72,0
2024-01-01 08:43:35,CNC,Normal,None,0.163,0.113,0.139,71.9,1.92,1967.87,,72.35,0
2024-01-01 08:43:40,CNC,Normal,None,0.176,0.105,0.166,70.2,2.23,1714.08,,79.18,0
2024-01-01 08:43:45,CNC,Attack,Parameter_Tamper,0.653,0.473,0.749,89.66,3.89,2623.48,,115.87,1
2024-01-01 08:43:50,CNC,Attack,Data_Spoofing,0.645,0.607,0.639,88.13,3.41,2391.07,,124.85,1
2024-01-01 08:43:55,3DPrinter,Normal,None,0.125,0.11,0.152,225.73,1.57,,217.79,45.41,0
2024-01-01 08:44:00,CNC,Normal,None,0.121,0.192,0.15,69.04,1.69,1790.16,,75.37,0
2024-01-01 08:44:05,CNC,Normal,None,0.062,0.207,0.175,70.92,1.76,1711.92,,87.19,0
2024-01-01 08:44:10,3DPrinter,Attack,DoS,0.507,0.319,0.536,280.49,4.05,,299.79,70.2,1
2024-01-01 08:44:15,CNC,Attack,Parameter_Tamper,0.41,0.593,0.765,91.14,3.92,2348.11,,109.48,1
2024-01-01 08:44:20,3DPrinter,Normal,None,0.112,0.118,0.03,226.6,1.73,,211.59,50.67,0
2024-01-01 08:44:25,3DPrinter,Normal,None,0.213,0.121,0.164,218.66,1.25,,207.84,52.38,0
2024-01-01 08:44:30,3DPrinter,Normal,None,0.13,0.084,0.132,227.54,1.62,,207.56,51.38,0
2024-01-01 08:44:35,3DPrinter,Normal,None,0.141,0.12,0.155,229.07,1.7,,211.39,48.47,0
2024-01-01 08:44:40,CNC,Normal,None,0.173,0.062,0.068,75.8,2.14,1893.65,,73.17,0
2024-01-01 08:44:45,3DPrinter,Normal,None,0.282,0.175,0.062,204.96,1.97,,211.22,46.73,0
2024-01-01 08:44:50,3DPrinter,Normal,None,0.116,0.041,0.1,220.75,1.74,,204.13,44.89,0
2024-01-01 08:44:55,3DPrinter,Normal,None,0.154,0.107,0.113,223.99,1.24,,210.23,51.68,0
2024-01-01 08:45:00,CNC,Normal,None,0.156,0.025,0.236,72.71,3.0,2028.05,,75.3,0
2024-01-01 08:45:05,3DPrinter,Attack,Parameter_Tamper,0.483,0.45,0.609,273.13,4.16,,309.34,71.26,1
2024-01-01 08:45:10,CNC,Normal,None,0.27,0.097,0.132,66.61,1.86,1608.98,,79.66,0
2024-01-01 08:45:15,CNC,Attack,Malware,0.706,0.421,0.712,88.23,4.08,2502.52,,113.83,1
2024-01-01 08:45:20,CNC,Normal,None,-0.023,0.181,0.165,71.41,2.62,1819.88,,86.53,0
2024-01-01 08:45:25,CNC,Normal,None,0.224,0.134,0.098,72.99,2.09,1875.95,,78.83,0
2024-01-01 08:45:30,3DPrinter,Attack,DoS,0.406,0.42,0.648,281.36,4.28,,295.5,65.28,1
2024-01-01 08:45:35,3DPrinter,Normal,None,0.089,0.019,0.135,217.01,1.51,,209.66,51.09,0
2024-01-01 08:45:40,3DPrinter,Normal,None,0.164,0.122,0.179,214.45,2.03,,217.65,50.79,0
2024-01-01 08:45:45,CNC,Normal,None,0.137,0.246,0.202,71.53,2.03,1651.59,,79.17,0
2024-01-01 08:45:50,3DPrinter,Normal,None,0.122,0.064,0.181,230.93,1.69,,206.6,47.76,0
2024-01-01 08:45:55,3DPrinter,Normal,None,0.116,0.071,0.175,213.46,1.32,,206.85,52.2,0
2024-01-01 08:46:00,3DPrinter,Normal,None,0.093,0.075,0.217,220.16,1.83,,210.53,54.18,0
2024-01-01 08:46:05,3DPrinter,Normal,None,0.098,0.128,0.123,219.9,1.77,,216.1,46.77,0
2024-01-01 08:46:10,3DPrinter,Attack,Data_Spoofing,0.547,0.421,0.527,271.06,4.28,,305.48,73.25,1
2024-01-01 08:46:15,3DPrinter,Attack,Parameter_Tamper,0.58,0.474,0.518,271.69,4.15,,289.68,69.05,1
2024-01-01 08:46:20,CNC,Normal,None,0.192,0.207,0.183,76.83,1.41,1791.71,,80.07,0
2024-01-01 08:46:25,CNC,Normal,None,0.086,0.123,0.043,71.21,2.49,1822.7,,78.7,0
2024-01-01 08:46:30,CNC,Attack,DoS,0.571,0.57,0.722,91.34,4.54,2598.22,,126.87,1
2024-01-01 08:46:35,3DPrinter,Normal,None,0.025,0.086,0.151,211.29,1.64,,204.54,50.41,0
2024-01-01 08:46:40,CNC,Normal,None,0.145,0.171,0.166,73.16,1.81,1791.93,,83.56,0
2024-01-01 08:46:45,CNC,Attack,Parameter_Tamper,0.625,0.503,0.664,88.18,3.64,2431.37,,114.27,1
2024-01-01 08:46:50,3DPrinter,Attack,Data_Spoofing,0.556,0.468,0.519,281.69,3.73,,304.73,65.81,1
2024-01-01 08:46:55,CNC,Attack,Data_Spoofing,0.686,0.487,0.583,93.24,4.18,2548.73,,124.29,1
2024-01-01 08:47:00,CNC,Normal,None,0.205,0.079,0.122,69.79,2.63,1754.36,,78.51,0
2024-01-01 08:47:05,3DPrinter,Normal,None,0.242,0.067,0.015,221.0,1.98,,211.31,44.15,0
2024-01-01 08:47:10,3DPrinter,Normal,None,0.147,0.132,0.03,218.32,2.14,,216.33,47.03,0
2024-01-01 08:47:15,3DPrinter,Normal,None,0.196,0.138,0.098,220.51,1.66,,201.09,43.31,0
2024-01-01 08:47:20,CNC,Normal,None,0.25,0.177,0.127,65.46,2.32,1642.13,,79.15,0
2024-01-01 08:47:25,3DPrinter,Normal,None,0.209,0.076,0.145,222.4,2.25,,207.53,48.51,0
2024-01-01 08:47:30,3DPrinter,Normal,None,0.156,0.089,0.145,217.03,1.64,,214.96,53.28,0
2024-01-01 08:47:35,3DPrinter,Normal,None,0.065,0.179,0.232,224.22,2.15,,207.1,46.53,0
2024-01-01 08:47:40,3DPrinter,Normal,None,0.169,0.08,0.083,222.33,2.36,,216.22,52.12,0
2024-01-01 08:47:45,CNC,Attack,Malware,0.669,0.518,0.703,85.82,4.22,2380.55,,121.14,1
2024-01-01 08:47:50,CNC,Attack,DoS,0.563,0.504,0.71,89.96,3.62,2462.66,,120.02,1
2024-01-01 08:47:55,CNC,Attack,Malware,0.714,0.578,0.583,88.23,3.62,2585.67,,126.71,1
2024-01-01 08:48:00,CNC,Attack,Malware,0.564,0.42,0.666,89.87,3.39,2395.64,,123.47,1
2024-01-01 08:48:05,CNC,Normal,None,0.043,0.125,0.187,72.07,2.31,1865.78,,79.72,0
2024-01-01 08:48:10,CNC,Normal,None,0.115,0.099,0.12,69.17,2.74,1764.58,,75.43,0
2024-01-01 08:48:15,3DPrinter,Normal,None,0.177,0.096,0.194,222.48,2.42,,215.9,53.43,0
2024-01-01 08:48:20,3DPrinter,Normal,None,0.199,0.114,0.201,221.27,2.13,,216.0,46.73,0
2024-01-01 08:48:25,CNC,Attack,Malware,0.656,0.565,0.629,89.34,4.11,2395.98,,127.78,1
2024-01-01 08:48:30,CNC,Normal,None,0.255,0.086,0.169,69.66,1.85,1885.15,,79.49,0
2024-01-01 08:48:35,3DPrinter,Attack,DoS,0.488,0.52,0.592,284.36,3.71,,299.6,69.1,1
2024-01-01 08:48:40,3DPrinter,Normal,None,0.164,0.105,0.175,213.92,2.29,,201.96,49.27,0
2024-01-01 08:48:45,3DPrinter,Attack,Malware,0.522,0.493,0.489,287.26,4.0,,297.02,69.1,1
2024-01-01 08:48:50,3DPrinter,Normal,None,0.128,0.178,0.127,216.69,1.81,,210.52,46.44,0
2024-01-01 08:48:55,3DPrinter,Attack,Parameter_Tamper,0.485,0.422,0.592,281.05,3.7,,299.97,72.35,1
2024-01-01 08:49:00,CNC,Attack,Malware,0.724,0.518,0.596,91.64,4.35,2362.12,,119.21,1
2024-01-01 08:49:05,3DPrinter,Normal,None,0.119,0.12,0.148,218.61,2.19,,212.11,53.93,0
2024-01-01 08:49:10,CNC,Attack,Parameter_Tamper,0.721,0.447,0.569,95.49,3.51,2433.02,,116.5,1
2024-01-01 08:49:15,3DPrinter,Normal,None,0.207,0.192,0.114,220.28,1.71,,215.73,41.49,0
2024-01-01 08:49:20,CNC,Normal,None,0.296,0.099,0.277,68.77,2.47,1742.73,,74.58,0
2024-01-01 08:49:25,CNC,Normal,None,0.209,0.217,0.19,65.37,1.98,1838.64,,83.35,0
2024-01-01 08:49:30,CNC,Normal,None,0.079,0.136,0.057,73.94,2.2,1817.82,,91.08,0
2024-01-01 08:49:35,CNC,Attack,Malware,0.558,0.534,0.747,91.91,4.45,2360.73,,119.86,1
2024-01-01 08:49:40,3DPrinter,Normal,None,0.164,0.111,0.158,219.33,2.46,,212.78,46.78,0
2024-01-01 08:49:45,3DPrinter,Normal,None,0.156,0.132,0.1,227.41,1.72,,207.17,48.59,0
2024-01-01 08:49:50,CNC,Normal,None,0.194,0.168,0.199,62.13,1.71,1895.76,,76.31,0
2024-01-01 08:49:55,CNC,Attack,Parameter_Tamper,0.614,0.584,0.576,92.47,3.41,2569.28,,124.42,1
2024-01-01 08:50:00,CNC,Normal,None,0.098,0.085,0.223,73.39,1.93,1725.61,,77.39,0
2024-01-01 08:50:05,CNC,Normal,None,0.068,0.134,0.177,72.85,2.41,1780.91,,79.21,0
2024-01-01 08:50:10,3DPrinter,Attack,Parameter_Tamper,0.476,0.456,0.475,284.8,4.39,,296.87,68.8,1
2024-01-01 08:50:15,3DPrinter,Attack,Malware,0.562,0.52,0.526,284.78,3.99,,296.96,71.78,1
2024-01-01 08:50:20,CNC,Attack,Malware,0.568,0.604,0.659,86.47,4.55,2597.81,,120.15,1
2024-01-01 08:50:25,3DPrinter,Attack,Parameter_Tamper,0.486,0.5,0.576,280.13,3.91,,299.6,60.49,1
2024-01-01 08:50:30,3DPrinter,Normal,None,0.152,0.22,0.136,227.94,1.92,,205.19,50.4,0
2024-01-01 08:50:35,CNC,Normal,None,0.172,0.085,0.162,65.9,2.48,1851.89,,81.98,0
2024-01-01 08:50:40,CNC,Attack,DoS,0.383,0.559,0.611,91.15,4.6,2702.77,,119.34,1
2024-01-01 08:50:45,3DPrinter,Attack,Malware,0.459,0.438,0.53,277.33,4.09,,292.51,73.84,1
2024-01-01 08:50:50,CNC,Attack,Parameter_Tamper,0.646,0.461,0.705,87.1,3.9,2602.32,,119.2,1
2024-01-01 08:50:55,3DPrinter,Normal,None,0.099,0.171,0.18,220.08,1.51,,213.23,50.06,0
2024-01-01 08:51:00,3DPrinter,Normal,None,0.204,0.104,-0.024,215.91,2.16,,209.83,48.98,0
2024-01-01 08:51:05,CNC,Normal,None,0.262,0.333,0.139,72.19,1.94,1590.97,,79.32,0
2024-01-01 08:51:10,3DPrinter,Normal,None,0.106,0.094,0.045,218.07,1.78,,209.32,56.45,0
2024-01-01 08:51:15,CNC,Normal,None,0.308,0.175,0.156,65.81,1.92,1773.73,,73.62,0
2024-01-01 08:51:20,CNC,Attack,Parameter_Tamper,0.646,0.485,0.646,88.99,3.53,2615.53,,114.44,1
2024-01-01 08:51:25,3DPrinter,Attack,DoS,0.515,0.465,0.538,286.6,3.74,,303.14,69.16,1
2024-01-01 08:51:30,3DPrinter,Normal,None,0.149,0.054,0.174,219.01,1.29,,211.66,53.02,0
2024-01-01 08:51:35,3DPrinter,Attack,Malware,0.564,0.493,0.491,282.94,4.19,,290.44,70.28,1
2024-01-01 08:51:40,3DPrinter,Normal,None,0.108,0.048,0.152,228.01,1.74,,205.59,50.56,0
2024-01-01 08:51:45,CNC,Attack,DoS,0.641,0.398,0.613,88.31,3.99,2237.52,,130.2,1
2024-01-01 08:51:50,3DPrinter,Normal,None,0.156,0.151,0.108,220.28,1.6,,212.08,49.17,0
2024-01-01 08:51:55,3DPrinter,Normal,None,0.163,0.086,0.072,219.62,1.29,,210.95,49.89,0
2024-01-01 08:52:00,CNC,Normal,None,0.143,0.151,0.163,73.77,3.24,1913.75,,78.19,0
2024-01-01 08:52:05,3DPrinter,Normal,None,0.125,0.053,0.162,216.59,2.09,,214.97,54.12,0
2024-01-01 08:52:10,3DPrinter,Attack,Parameter_Tamper,0.509,0.47,0.527,276.87,3.87,,302.5,70.6,1
2024-01-01 08:52:15,CNC,Normal,None,0.15,0.156,0.205,67.53,1.71,1743.06,,79.5,0
2024-01-01 08:52:20,CNC,Normal,None,0.162,0.072,0.245,68.02,2.03,1837.79,,74.49,0
2024-01-01 08:52:25,CNC,Normal,None,0.078,0.185,0.225,68.51,1.74,1826.78,,76.71,0
2024-01-01 08:52:30,CNC,Normal,None,0.273,0.01,0.168,72.57,2.03,1686.9,,81.68,0
2024-01-01 08:52:35,CNC,Normal,None,0.25,0.256,0.181,71.76,2.77,1844.74,,78.0,0
2024-01-01 08:52:40,3DPrinter,Attack,Parameter_Tamper,0.496,0.407,0.525,274.96,3.98,,298.77,76.44,1
2024-01-01 08:52:45,3DPrinter,Normal,None,0.195,0.097,0.167,220.02,2.17,,214.91,45.8,0
2024-01-01 08:52:50,CNC,Normal,None,0.334,0.224,0.072,72.36,2.61,1759.66,,81.96,0
2024-01-01 08:52:55,3DPrinter,Normal,None,0.127,0.159,0.188,221.63,1.38,,209.02,53.18,0
2024-01-01 08:53:00,3DPrinter,Attack,DoS,0.443,0.442,0.576,279.36,4.24,,298.04,69.02,1
2024-01-01 08:53:05,CNC,Normal,None,0.238,0.074,0.238,69.12,2.78,1952.87,,79.68,0
2024-01-01 08:53:10,CNC,Normal,None,0.035,0.073,0.191,63.27,2.0,1914.09,,88.17,0
2024-01-01 08:53:15,CNC,Normal,None,0.2,0.16,0.15,71.69,2.85,1777.9,,80.28,0
2024-01-01 08:53:20,CNC,Normal,None,0.391,0.184,0.113,69.33,1.85,1559.55,,81.25,0
2024-01-01 08:53:25,3DPrinter,Normal,None,0.239,0.16,0.098,217.88,1.66,,201.02,49.01,0
2024-01-01 08:53:30,CNC,Normal,None,0.274,0.231,0.138,73.68,2.13,1767.33,,80.23,0
2024-01-01 08:53:35,CNC,Attack,Parameter_Tamper,0.62,0.551,0.633,90.23,3.6,2289.53,,128.17,1
2024-01-01 08:53:40,3DPrinter,Attack,Parameter_Tamper,0.476,0.459,0.47,278.95,3.26,,291.62,64.52,1
2024-01-01 08:53:45,CNC,Normal,None,0.253,0.23,0.161,66.29,2.7,1873.1,,82.15,0
2024-01-01 08:53:50,CNC,Attack,Malware,0.616,0.613,0.617,90.09,3.7,2338.66,,123.67,1
2024-01-01 08:53:55,CNC,Attack,Parameter_Tamper,0.744,0.585,0.532,89.49,3.47,2582.81,,124.28,1
2024-01-01 08:54:00,CNC,Attack,Data_Spoofing,0.599,0.424,0.604,84.28,3.97,2583.16,,119.11,1
2024-01-01 08:54:05,3DPrinter,Attack,Parameter_Tamper,0.514,0.389,0.494,283.55,4.01,,299.31,68.73,1
2024-01-01 08:54:10,3DPrinter,Attack,Parameter_Tamper,0.436,0.428,0.455,273.75,4.04,,301.13,70.92,1
2024-01-01 08:54:15,3DPrinter,Normal,None,0.15,0.061,0.129,223.05,1.33,,211.0,50.3,0
2024-01-01 08:54:20,CNC,Attack,Parameter_Tamper,0.708,0.556,0.772,96.16,3.11,2522.15,,120.35,1
2024-01-01 08:54:25,CNC,Normal,None,0.15,0.139,0.195,70.25,1.91,1617.92,,77.18,0
2024-01-01 08:54:30,CNC,Attack,Data_Spoofing,0.632,0.465,0.615,89.69,3.29,2416.98,,121.25,1
2024-01-01 08:54:35,CNC,Normal,None,0.189,0.086,0.165,73.09,2.4,1824.83,,80.31,0
2024-01-01 08:54:40,3DPrinter,Attack,Data_Spoofing,0.502,0.49,0.554,274.88,4.07,,295.02,77.02,1
2024-01-01 08:54:45,CNC,Normal,None,0.157,0.137,0.062,69.6,2.41,1967.34,,77.64,0
2024-01-01 08:54:50,3DPrinter,Normal,None,0.113,0.037,0.124,215.31,1.6,,213.05,49.85,0
2024-01-01 08:54:55,CNC,Normal,None,0.122,0.15,0.167,71.31,2.54,1839.26,,81.81,0
2024-01-01 08:55:00,3DPrinter,Normal,None,0.179,0.097,0.118,217.21,1.99,,206.89,48.73,0
2024-01-01 08:55:05,CNC,Attack,DoS,0.674,0.614,0.659,89.63,3.72,2574.66,,121.3,1
2024-01-01 08:55:10,3DPrinter,Normal,None,0.089,0.141,0.138,211.23,1.84,,205.81,46.5,0
2024-01-01 08:55:15,CNC,Normal,None,0.181,0.159,0.015,69.72,2.21,1879.46,,83.89,0
2024-01-01 08:55:20,3DPrinter,Normal,None,0.1,0.092,0.083,221.28,2.21,,205.0,43.82,0
2024-01-01 08:55:25,3DPrinter,Normal,None,0.205,0.114,0.141,221.09,1.67,,209.0,51.1,0
2024-01-01 08:55:30,CNC,Normal,None,0.249,0.153,0.178,68.13,1.88,1554.5,,79.09,0
2024-01-01 08:55:35,CNC,Normal,None,0.281,0.212,0.136,67.46,2.57,1766.92,,77.96,0
2024-01-01 08:55:40,CNC,Attack,Parameter_Tamper,0.67,0.721,0.53,93.69,3.84,2638.82,,122.9,1
2024-01-01 08:55:45,3DPrinter,Normal,None,0.153,0.138,0.165,221.45,1.65,,207.43,46.4,0
2024-01-01 08:55:50,CNC,Normal,None,0.14,0.163,0.132,62.36,2.73,1816.94,,81.77,0
2024-01-01 08:55:55,CNC,Normal,None,0.147,0.267,0.195,66.83,2.1,1830.78,,88.27,0
2024-01-01 08:56:00,CNC,Normal,None,0.227,0.121,0.104,70.5,2.83,1769.03,,79.89,0
2024-01-01 08:56:05,CNC,Attack,DoS,0.702,0.508,0.541,92.46,3.97,2403.42,,117.85,1
2024-01-01 08:56:10,3DPrinter,Normal,None,0.074,0.095,0.099,218.0,1.98,,201.37,44.08,0
2024-01-01 08:56:15,3DPrinter,Attack,Malware,0.463,0.464,0.571,285.96,3.75,,305.46,68.36,1
2024-01-01 08:56:20,3DPrinter,Normal,None,0.168,0.168,0.158,211.94,2.43,,211.88,51.54,0
2024-01-01 08:56:25,3DPrinter,Normal,None,0.131,0.046,0.077,216.12,1.82,,206.79,51.98,0
2024-01-01 08:56:30,CNC,Normal,None,0.199,0.235,0.218,73.67,2.65,1747.57,,82.39,0
2024-01-01 08:56:35,3DPrinter,Attack,DoS,0.414,0.375,0.504,286.61,3.95,,300.4,72.28,1
2024-01-01 08:56:40,CNC,Normal,None,0.234,0.071,0.18,70.77,1.87,1783.02,,74.0,0
2024-01-01 08:56:45,3DPrinter,Normal,None,0.133,0.106,0.202,215.97,1.86,,206.72,49.22,0
2024-01-01 08:56:50,CNC,Attack,DoS,0.587,0.646,0.581,88.65,4.06,2509.32,,120.7,1
2024-01-01 08:56:55,3DPrinter,Attack,Malware,0.452,0.46,0.55,277.41,4.07,,302.38,64.76,1
2024-01-01 08:57:00,3DPrinter,Normal,None,0.211,0.111,0.09,215.12,1.71,,208.5,52.74,0
2024-01-01 08:57:05,CNC,Attack,Malware,0.553,0.526,0.704,86.84,3.97,2329.81,,117.75,1
2024-01-01 08:57:10,CNC,Attack,Parameter_Tamper,0.618,0.548,0.639,88.54,4.05,2141.79,,124.55,1
2024-01-01 08:57:15,3DPrinter,Attack,Data_Spoofing,0.454,0.458,0.608,277.3,4.27,,291.84,67.29,1
2024-01-01 08:57:20,CNC,Normal,None,0.136,0.12,0.112,70.13,2.11,1767.23,,70.3,0
2024-01-01 08:57:25,3DPrinter,Attack,Data_Spoofing,0.435,0.426,0.629,273.79,3.66,,294.52,69.8,1
2024-01-01 08:57:30,3DPrinter,Normal,None,0.142,0.213,0.162,220.1,1.64,,212.69,51.98,0
2024-01-01 08:57:35,3DPrinter,Normal,None,0.096,0.162,0.141,226.76,1.35,,203.35,43.47,0
2024-01-01 08:57:40,CNC,Normal,None,0.256,0.037,0.192,69.25,1.95,1819.67,,80.25,0
2024-01-01 08:57:45,3DPrinter,Normal,None,0.109,0.061,0.12,222.67,1.83,,205.74,50.02,0
2024-01-01 08:57:50,CNC,Normal,None,0.244,0.111,0.067,69.15,2.43,1732.56,,83.51,0
2024-01-01 08:57:55,3DPrinter,Normal,None,0.111,0.101,0.041,217.15,1.45,,210.17,46.43,0
2024-01-01 08:58:00,3DPrinter,Normal,None,0.141,-0.0,0.067,217.89,1.41,,213.97,51.26,0
2024-01-01 08:58:05,CNC,Normal,None,0.205,0.164,0.156,68.19,1.95,1714.94,,77.84,0
2024-01-01 08:58:10,CNC,Normal,None,0.195,0.194,0.208,69.59,3.0,1914.0,,79.59,0
2024-01-01 08:58:15,CNC,Normal,None,0.146,0.208,0.258,68.11,2.09,1696.37,,79.19,0
2024-01-01 08:58:20,CNC,Attack,DoS,0.461,0.531,0.649,94.76,4.18,2441.71,,121.56,1
2024-01-01 08:58:25,CNC,Normal,None,0.238,0.246,0.187,68.88,2.0,1783.01,,86.55,0
2024-01-01 08:58:30,CNC,Normal,None,0.223,-0.009,0.243,73.11,2.22,1859.79,,82.12,0
2024-01-01 08:58:35,3DPrinter,Normal,None,0.144,0.084,0.121,217.94,2.11,,208.11,56.25,0
2024-01-01 08:58:40,3DPrinter,Normal,None,0.119,0.127,0.2,208.77,2.27,,207.97,51.54,0
2024-01-01 08:58:45,CNC,Normal,None,0.223,0.152,0.063,68.55,2.54,1694.88,,69.87,0
2024-01-01 08:58:50,CNC,Normal,None,0.125,0.085,0.286,72.58,2.1,1867.2,,78.32,0
2024-01-01 08:58:55,CNC,Normal,None,0.188,0.175,0.204,66.28,1.6,1725.41,,77.35,0
2024-01-01 08:59:00,CNC,Normal,None,0.137,0.2,0.161,65.83,2.05,1854.17,,79.12,0
2024-01-01 08:59:05,CNC,Attack,Parameter_Tamper,0.555,0.642,0.665,89.52,4.8,2394.44,,118.59,1
2024-01-01 08:59:10,CNC,Normal,None,0.225,0.026,0.066,76.41,2.0,1872.95,,86.79,0
2024-01-01 08:59:15,3DPrinter,Normal,None,0.034,0.095,0.206,215.14,1.92,,209.14,51.92,0
2024-01-01 08:59:20,CNC,Attack,Parameter_Tamper,0.674,0.547,0.704,90.15,3.06,2187.95,,120.84,1
2024-01-01 08:59:25,3DPrinter,Normal,None,0.137,0.122,0.175,225.44,2.01,,211.37,47.01,0
2024-01-01 08:59:30,3DPrinter,Normal,None,0.089,0.12,0.116,214.39,2.39,,204.58,50.02,0
2024-01-01 08:59:35,CNC,Normal,None,0.124,0.273,0.232,74.93,2.36,1916.75,,77.1,0
2024-01-01 08:59:40,CNC,Normal,None,0.333,0.124,0.054,72.84,2.29,1850.18,,78.64,0
2024-01-01 08:59:45,CNC,Normal,None,0.118,0.169,0.141,70.34,2.38,1781.18,,79.59,0
2024-01-01 08:59:50,CNC,Normal,None,0.214,0.117,0.273,68.15,2.13,1876.86,,80.31,0
2024-01-01 08:59:55,3DPrinter,Attack,Parameter_Tamper,0.431,0.483,0.638,285.19,4.03,,297.45,62.34,1
2024-01-01 09:00:00,CNC,Normal,None,0.114,0.057,0.154,70.52,3.0,1754.45,,79.8,0
2024-01-01 09:00:05,3DPrinter,Attack,DoS,0.437,0.466,0.598,275.95,4.11,,296.3,72.59,1
2024-01-01 09:00:10,CNC,Attack,Malware,0.667,0.608,0.629,85.61,4.33,2558.19,,118.72,1
2024-01-01 09:00:15,3DPrinter,Attack,Malware,0.527,0.308,0.618,283.8,3.48,,296.96,74.7,1
2024-01-01 09:00:20,3DPrinter,Normal,None,0.204,0.171,0.056,218.52,1.77,,201.9,49.18,0
2024-01-01 09:00:25,3DPrinter,Attack,Malware,0.544,0.447,0.504,280.04,3.56,,297.56,65.69,1
2024-01-01 09:00:30,3DPrinter,Attack,DoS,0.464,0.486,0.558,283.73,4.01,,288.06,73.54,1
2024-01-01 09:00:35,3DPrinter,Normal,None,0.254,0.054,0.141,220.9,2.2,,211.8,48.5,0
2024-01-01 09:00:40,CNC,Attack,Parameter_Tamper,0.59,0.586,0.654,86.64,3.57,2426.2,,113.13,1
2024-01-01 09:00:45,3DPrinter,Attack,Malware,0.431,0.387,0.542,280.34,3.48,,301.66,66.86,1
2024-01-01 09:00:50,3DPrinter,Normal,None,0.164,0.127,0.113,218.12,1.99,,208.43,49.51,0
2024-01-01 09:00:55,3DPrinter,Normal,None,0.149,0.123,0.11,218.28,1.17,,214.87,50.9,0
2024-01-01 09:01:00,CNC,Normal,None,0.27,0.121,0.034,70.8,2.25,1765.43,,79.47,0
2024-01-01 09:01:05,CNC,Attack,Parameter_Tamper,0.61,0.582,0.632,91.67,3.04,2456.61,,126.89,1
2024-01-01 09:01:10,3DPrinter,Normal,None,0.178,0.068,0.124,207.97,1.39,,204.47,50.31,0
2024-01-01 09:01:15,3DPrinter,Normal,None,0.167,0.171,0.13,217.13,1.72,,212.9,54.24,0
2024-01-01 09:01:20,3DPrinter,Normal,None,0.088,0.146,0.294,221.4,1.83,,209.72,51.47,0
2024-01-01 09:01:25,CNC,Normal,None,0.233,0.139,0.092,69.86,1.71,1939.1,,74.58,0
2024-01-01 09:01:30,CNC,Normal,None,0.064,0.104,0.228,67.97,1.44,1825.75,,77.65,0
2024-01-01 09:01:35,3DPrinter,Attack,Malware,0.491,0.455,0.534,283.13,3.98,,301.03,65.13,1
2024-01-01 09:01:40,CNC,Normal,None,0.153,0.153,0.12,68.15,1.89,1860.13,,74.36,0
2024-01-01 09:01:45,CNC,Attack,Malware,0.625,0.552,0.699,86.3,3.53,2545.73,,128.39,1
2024-01-01 09:01:50,3DPrinter,Attack,Parameter_Tamper,0.58,0.407,0.691,268.05,3.9,,291.51,75.55,1
2024-01-01 09:01:55,3DPrinter,Attack,Data_Spoofing,0.487,0.436,0.545,295.49,3.92,,302.55,68.05,1
2024-01-01 09:02:00,3DPrinter,Attack,Parameter_Tamper,0.519,0.485,0.646,269.13,3.98,,305.96,69.63,1
2024-01-01 09:02:05,CNC,Normal,None,0.016,0.217,0.261,70.66,1.86,1556.47,,82.74,0
2024-01-01 09:02:10,3DPrinter,Normal,None,0.143,0.078,0.232,222.99,1.61,,208.6,55.58,0
2024-01-01 09:02:15,CNC,Normal,None,0.114,0.151,0.255,69.29,2.15,1689.68,,83.28,0
2024-01-01 09:02:20,3DPrinter,Normal,None,0.184,0.209,0.054,213.99,2.0,,204.47,45.63,0
2024-01-01 09:02:25,CNC,Normal,None,0.311,0.19,0.122,78.78,1.8,1707.85,,77.74,0
2024-01-01 09:02:30,3DPrinter,Normal,None,0.105,0.151,0.095,227.86,1.53,,197.69,47.63,0
2024-01-01 09:02:35,CNC,Normal,None,0.162,0.227,0.246,69.0,1.48,1743.33,,77.6,0
2024-01-01 09:02:40,CNC,Normal,None,0.169,0.155,0.108,67.22,2.33,1710.4,,74.56,0
2024-01-01 09:02:45,CNC,Attack,Parameter_Tamper,0.686,0.437,0.677,87.55,3.93,2259.63,,125.57,1
2024-01-01 09:02:50,CNC,Normal,None,0.249,0.159,0.063,68.55,2.14,1631.09,,82.85,0
2024-01-01 09:02:55,3DPrinter,Normal,None,0.139,0.05,0.064,222.25,2.1,,202.14,53.24,0
2024-01-01 09:03:00,3DPrinter,Attack,Parameter_Tamper,0.375,0.466,0.655,279.82,3.4,,296.63,69.45,1
2024-01-01 09:03:05,3DPrinter,Normal,None,0.095,0.204,0.095,222.53,1.77,,216.29,51.22,0
2024-01-01 09:03:10,CNC,Normal,None,0.064,0.067,0.236,70.63,2.04,1848.62,,82.02,0
2024-01-01 09:03:15,3DPrinter,Attack,DoS,0.6,0.482,0.554,271.24,3.74,,303.36,70.5,1
2024-01-01 09:03:20,CNC,Attack,Malware,0.618,0.487,0.61,92.54,4.1,2432.18,,119.37,1
2024-01-01 09:03:25,CNC,Normal,None,0.142,0.257,0.191,73.68,1.57,1924.46,,88.93,0
2024-01-01 09:03:30,3DPrinter,Normal,None,0.133,0.11,0.125,217.98,2.17,,210.0,52.91,0
2024-01-01 09:03:35,3DPrinter,Normal,None,0.184,0.037,0.065,220.68,1.81,,206.42,52.43,0
2024-01-01 09:03:40,3DPrinter,Attack,DoS,0.513,0.456,0.637,275.12,4.66,,297.03,65.98,1
2024-01-01 09:03:45,CNC,Normal,None,0.165,0.236,0.169,72.55,2.69,1833.8,,77.63,0
2024-01-01 09:03:50,CNC,Normal,None,0.172,0.114,0.078,70.42,2.32,1679.84,,81.81,0
2024-01-01 09:03:55,3DPrinter,Attack,DoS,0.512,0.4,0.631,289.96,4.12,,307.95,68.29,1
2024-01-01 09:04:00,3DPrinter,Normal,None,0.175,0.158,0.187,213.88,1.89,,203.82,49.15,0
2024-01-01 09:04:05,3DPrinter,Normal,None,0.182,0.143,0.081,214.43,1.61,,205.29,48.36,0
2024-01-01 09:04:10,CNC,Attack,Parameter_Tamper,0.5,0.509,0.516,88.35,4.24,2481.13,,115.29,1
2024-01-01 09:04:15,CNC,Normal,None,0.196,0.292,0.174,69.56,2.59,1824.95,,81.6,0
2024-01-01 09:04:20,CNC,Normal,None,0.066,0.208,0.152,69.13,1.98,1815.37,,79.83,0
2024-01-01 09:04:25,3DPrinter,Normal,None,0.129,0.038,0.119,222.51,1.53,,202.87,50.21,0
2024-01-01 09:04:30,CNC,Normal,None,0.13,0.151,0.201,72.19,2.53,1896.92,,78.88,0
2024-01-01 09:04:35,3DPrinter,Normal,None,0.253,0.125,0.119,220.01,2.26,,203.27,47.42,0
2024-01-01 09:04:40,CNC,Normal,None,0.233,0.167,0.243,67.92,2.6,1815.96,,87.06,0
2024-01-01 09:04:45,CNC,Normal,None,0.375,0.143,0.211,68.9,3.16,1818.01,,78.91,0
2024-01-01 09:04:50,CNC,Attack,DoS,0.521,0.473,0.626,91.6,4.07,2514.13,,116.66,1
2024-01-01 09:04:55,CNC,Normal,None,0.302,0.051,0.097,65.99,2.73,1954.86,,81.28,0
2024-01-01 09:05:00,3DPrinter,Normal,None,0.085,0.087,0.102,219.53,1.76,,213.86,50.1,0
2024-01-01 09:05:05,CNC,Attack,Parameter_Tamper,0.621,0.539,0.589,90.22,4.1,2385.67,,120.35,1
2024-01-01 09:05:10,3DPrinter,Normal,None,0.185,0.131,0.171,214.49,1.85,,206.34,51.53,0
2024-01-01 09:05:15,CNC,Normal,None,0.129,0.304,0.1,71.6,1.91,1904.1,,74.94,0
2024-01-01 09:05:20,3DPrinter,Normal,None,0.112,0.139,0.063,217.73,1.55,,214.42,51.39,0
2024-01-01 09:05:25,CNC,Normal,None,0.094,0.247,0.106,73.52,2.8,1718.38,,74.18,0
2024-01-01 09:05:30,CNC,Normal,None,0.182,0.267,0.09,72.5,1.73,1675.94,,80.11,0
2024-01-01 09:05:35,3DPrinter,Normal,None,0.151,0.096,0.138,219.92,2.0,,212.95,49.34,0
2024-01-01 09:05:40,CNC,Normal,None,0.273,0.295,0.135,65.7,2.72,1886.52,,78.04,0
2024-01-01 09:05:45,CNC,Normal,None,0.137,0.191,0.191,69.52,1.83,1809.24,,73.74,0
2024-01-01 09:05:50,3DPrinter,Normal,None,0.053,0.165,0.074,211.14,1.69,,218.56,52.13,0
2024-01-01 09:05:55,3DPrinter,Normal,None,0.054,0.101,0.074,221.69,1.72,,209.21,46.37,0
2024-01-01 09:06:00,CNC,Normal,None,0.115,0.247,0.174,73.16,1.91,1789.84,,85.26,0
2024-01-01 09:06:05,3DPrinter,Normal,None,0.143,0.119,0.204,225.41,1.48,,206.63,52.87,0
2024-01-01 09:06:10,3DPrinter,Normal,None,0.06,0.041,0.114,218.11,1.36,,215.11,46.21,0
2024-01-01 09:06:15,3DPrinter,Normal,None,0.081,0.235,0.233,214.19,2.27,,208.0,50.39,0
2024-01-01 09:06:20,3DPrinter,Normal,None,0.258,0.027,0.115,222.8,1.32,,205.36,46.74,0
2024-01-01 09:06:25,CNC,Normal,None,0.158,0.121,0.256,73.6,2.19,1791.29,,87.52,0
2024-01-01 09:06:30,3DPrinter,Normal,None,0.16,0.168,0.104,215.62,1.66,,216.42,53.13,0
2024-01-01 09:06:35,3DPrinter,Normal,None,0.149,0.088,0.143,216.22,1.91,,208.92,47.18,0
2024-01-01 09:06:40,3DPrinter,Normal,None,0.107,0.148,0.173,217.77,1.91,,212.48,51.18,0
2024-01-01 09:06:45,3DPrinter,Attack,Data_Spoofing,0.48,0.365,0.6,277.15,3.89,,313.19,70.91,1
2024-01-01 09:06:50,3DPrinter,Normal,None,0.039,0.1,0.178,221.33,1.68,,204.51,51.03,0
2024-01-01 09:06:55,3DPrinter,Attack,Malware,0.451,0.442,0.565,277.0,4.04,,300.37,72.91,1
2024-01-01 09:07:00,3DPrinter,Normal,None,0.136,0.133,0.101,218.07,2.52,,206.16,49.77,0
2024-01-01 09:07:05,3DPrinter,Attack,Malware,0.477,0.39,0.553,280.57,4.06,,304.6,73.06,1
2024-01-01 09:07:10,3DPrinter,Normal,None,0.183,0.069,0.124,212.72,2.0,,213.33,54.29,0
2024-01-01 09:07:15,3DPrinter,Attack,Malware,0.489,0.39,0.584,275.35,3.66,,298.27,68.24,1
2024-01-01 09:07:20,3DPrinter,Normal,None,0.194,0.115,0.155,217.25,1.62,,211.43,50.38,0
2024-01-01 09:07:25,3DPrinter,Normal,None,0.189,0.079,0.183,219.66,1.81,,209.07,53.64,0
2024-01-01 09:07:30,3DPrinter,Normal,None,0.185,0.066,0.132,227.73,1.55,,221.02,49.98,0
2024-01-01 09:07:35,3DPrinter,Attack,DoS,0.549,0.431,0.615,277.54,3.58,,297.42,71.86,1
2024-01-01 09:07:40,CNC,Normal,None,0.142,0.219,0.07,72.15,2.27,1776.4,,78.88,0
2024-01-01 09:07:45,3DPrinter,Attack,Malware,0.475,0.457,0.548,275.37,3.97,,299.28,69.5,1
2024-01-01 09:07:50,3DPrinter,Attack,Data_Spoofing,0.549,0.481,0.467,274.83,3.97,,292.08,76.27,1
2024-01-01 09:07:55,CNC,Normal,None,0.238,-0.005,0.144,76.44,1.58,1601.8,,74.0,0
2024-01-01 09:08:00,3DPrinter,Attack,Data_Spoofing,0.545,0.475,0.581,272.87,3.46,,305.91,64.06,1
2024-01-01 09:08:05,CNC,Normal,None,0.17,0.122,0.147,73.36,2.71,1782.83,,84.39,0
2024-01-01 09:08:10,3DPrinter,Normal,None,0.151,0.142,0.127,213.31,2.18,,211.68,46.2,0
2024-01-01 09:08:15,3DPrinter,Normal,None,0.172,0.162,0.178,210.29,1.8,,202.05,48.01,0
2024-01-01 09:08:20,CNC,Attack,Parameter_Tamper,0.553,0.513,0.522,90.78,3.45,2529.66,,114.84,1
2024-01-01 09:08:25,CNC,Normal,None,0.245,0.114,0.195,71.56,2.73,1791.77,,81.23,0
2024-01-01 09:08:30,3DPrinter,Normal,None,0.142,0.088,0.142,222.67,1.6,,208.18,52.9,0
2024-01-01 09:08:35,CNC,Normal,None,0.275,0.174,0.144,66.59,1.87,1930.26,,80.55,0
2024-01-01 09:08:40,3DPrinter,Normal,None,0.179,0.077,0.069,211.66,1.74,,204.92,43.02,0
2024-01-01 09:08:45,3DPrinter,Normal,None,0.132,0.127,0.124,213.27,1.72,,212.53,51.58,0
2024-01-01 09:08:50,CNC,Normal,None,0.247,0.042,0.092,67.65,2.02,1740.46,,80.14,0
2024-01-01 09:08:55,CNC,Normal,None,0.232,0.121,0.228,66.7,1.95,1649.35,,75.98,0
2024-01-01 09:09:00,3DPrinter,Normal,None,0.181,0.036,0.173,219.3,2.25,,204.34,48.31,0
2024-01-01 09:09:05,3DPrinter,Normal,None,0.131,0.078,0.116,222.65,1.6,,210.19,49.06,0
2024-01-01 09:09:10,CNC,Normal,None,0.38,0.161,0.08,66.9,2.45,1838.55,,78.86,0
2024-01-01 09:09:15,CNC,Normal,None,0.233,0.078,0.137,72.11,3.2,1777.2,,74.37,0
2024-01-01 09:09:20,CNC,Attack,DoS,0.54,0.563,0.777,91.29,4.02,2622.28,,121.89,1
2024-01-01 09:09:25,CNC,Normal,None,0.125,0.135,0.135,73.68,1.72,1843.86,,74.52,0
2024-01-01 09:09:30,CNC,Attack,DoS,0.511,0.675,0.621,91.81,3.82,2520.87,,122.27,1
2024-01-01 09:09:35,3DPrinter,Normal,None,0.115,0.059,0.211,227.76,2.06,,206.19,49.08,0
2024-01-01 09:09:40,CNC,Normal,None,0.221,0.318,0.165,75.1,1.46,1658.65,,83.58,0
2024-01-01 09:09:45,3DPrinter,Attack,DoS,0.413,0.433,0.548,280.1,3.76,,302.89,71.38,1
2024-01-01 09:09:50,3DPrinter,Normal,None,0.139,0.123,0.164,222.76,2.06,,204.93,48.41,0
2024-01-01 09:09:55,CNC,Normal,None,0.146,0.16,-0.027,64.75,2.13,1808.24,,78.52,0
2024-01-01 09:10:00,CNC,Normal,None,0.232,0.112,0.203,71.28,1.76,1798.5,,76.08,0
2024-01-01 09:10:05,CNC,Normal,None,0.226,0.132,0.238,72.06,2.76,1769.71,,85.38,0
2024-01-01 09:10:10,CNC,Attack,Parameter_Tamper,0.649,0.546,0.441,86.73,4.03,2551.63,,114.82,1
2024-01-01 09:10:15,CNC,Normal,None,0.195,0.29,0.127,70.48,2.66,1739.15,,75.97,0
2024-01-01 09:10:20,3DPrinter,Normal,None,0.117,0.122,0.159,217.96,1.69,,207.48,53.14,0
2024-01-01 09:10:25,3DPrinter,Attack,Data_Spoofing,0.357,0.522,0.537,275.6,4.08,,298.92,66.47,1
2024-01-01 09:10:30,CNC,Normal,None,0.216,0.249,0.08,68.84,2.36,1654.75,,82.09,0
2024-01-01 09:10:35,CNC,Normal,None,-0.007,0.204,0.19,69.82,1.52,1719.03,,80.75,0
2024-01-01 09:10:40,3DPrinter,Normal,None,0.196,0.154,0.176,228.23,2.14,,209.21,50.0,0
2024-01-01 09:10:45,CNC,Attack,Malware,0.642,0.626,0.816,85.68,3.71,2262.16,,120.77,1
2024-01-01 09:10:50,CNC,Normal,None,0.104,0.13,0.266,71.23,2.29,1686.49,,76.7,0
2024-01-01 09:10:55,CNC,Normal,None,0.128,0.112,0.107,67.72,2.04,1838.24,,74.75,0
2024-01-01 09:11:00,CNC,Normal,None,0.158,0.028,0.162,69.65,1.57,1740.87,,82.39,0
2024-01-01 09:11:05,3DPrinter,Normal,None,0.093,0.148,0.093,225.53,1.86,,211.29,48.97,0
2024-01-01 09:11:10,CNC,Normal,None,0.204,0.092,0.206,69.74,2.35,1705.4,,81.87,0
2024-01-01 09:11:15,CNC,Normal,None,0.172,0.198,0.116,72.59,1.12,1728.0,,76.3,0
2024-01-01 09:11:20,CNC,Normal,None,0.187,0.133,0.125,70.74,2.73,1928.46,,80.58,0
2024-01-01 09:11:25,CNC,Attack,Malware,0.594,0.616,0.704,90.09,3.44,2434.7,,117.8,1
2024-01-01 09:11:30,3DPrinter,Attack,Parameter_Tamper,0.495,0.394,0.487,281.05,3.78,,291.12,66.66,1
2024-01-01 09:11:35,3DPrinter,Attack,DoS,0.452,0.474,0.515,278.81,4.14,,302.6,66.76,1
2024-01-01 09:11:40,3DPrinter,Attack,DoS,0.444,0.508,0.546,284.0,3.95,,305.93,66.52,1
2024-01-01 09:11:45,CNC,Normal,None,0.162,0.111,0.162,74.39,2.08,1907.25,,85.72,0
2024-01-01 09:11:50,3DPrinter,Attack,Malware,0.502,0.433,0.56,287.3,3.75,,297.99,69.77,1
2024-01-01 09:11:55,3DPrinter,Attack,DoS,0.55,0.537,0.593,282.84,4.33,,301.67,62.52,1
2024-01-01 09:12:00,CNC,Attack,DoS,0.503,0.441,0.668,87.89,3.11,2342.06,,118.12,1
2024-01-01 09:12:05,CNC,Normal,None,0.194,0.183,0.196,72.44,2.33,2093.54,,75.89,0
2024-01-01 09:12:10,CNC,Attack,Parameter_Tamper,0.592,0.614,0.6,85.48,3.2,2420.36,,122.64,1
2024-01-01 09:12:15,3DPrinter,Normal,None,0.129,0.072,0.166,217.47,1.75,,214.47,47.7,0
2024-01-01 09:12:20,CNC,Attack,Malware,0.586,0.445,0.725,89.74,3.83,2660.05,,123.63,1
2024-01-01 09:12:25,CNC,Normal,None,0.211,0.197,0.146,70.89,2.87,1587.6,,81.65,0
2024-01-01 09:12:30,3DPrinter,Normal,None,0.102,0.211,0.176,222.13,1.75,,204.05,55.03,0
2024-01-01 09:12:35,3DPrinter,Normal,None,0.109,0.164,0.156,224.12,1.75,,216.01,50.03,0
2024-01-01 09:12:40,3DPrinter,Normal,None,0.074,0.156,0.119,223.53,2.14,,215.99,45.14,0
2024-01-01 09:12:45,CNC,Attack,Data_Spoofing,0.551,0.536,0.748,94.62,4.43,2471.79,,124.92,1
2024-01-01 09:12:50,3DPrinter,Normal,None,0.163,0.035,0.036,211.19,1.88,,207.58,48.14,0
2024-01-01 09:12:55,CNC,Normal,None,0.139,0.171,0.06,67.49,1.36,1657.6,,80.71,0
2024-01-01 09:13:00,CNC,Normal,None,0.168,0.21,0.127,69.74,3.39,1788.87,,87.06,0
2024-01-01 09:13:05,3DPrinter,Normal,None,0.175,0.157,0.11,212.52,1.8,,209.14,48.69,0
2024-01-01 09:13:10,CNC,Normal,None,0.201,0.268,0.126,71.38,1.55,1906.03,,73.11,0
2024-01-01 09:13:15,3DPrinter,Normal,None,0.19,0.088,0.112,229.36,1.54,,222.21,51.31,0
2024-01-01 09:13:20,CNC,Attack,DoS,0.544,0.722,0.702,90.38,3.59,2595.28,,116.85,1
2024-01-01 09:13:25,CNC,Normal,None,0.119,0.142,0.279,70.45,2.08,1738.18,,83.59,0
2024-01-01 09:13:30,3DPrinter,Normal,None,0.197,0.111,0.144,226.05,2.01,,211.76,44.05,0
2024-01-01 09:13:35,3DPrinter,Attack,Malware,0.498,0.424,0.484,282.05,4.2,,293.25,68.63,1
2024-01-01 09:13:40,CNC,Normal,None,0.122,0.101,0.1,72.54,1.32,1711.74,,79.81,0
2024-01-01 09:13:45,CNC,Normal,None,0.195,0.153,0.103,65.57,2.92,1736.67,,79.61,0
2024-01-01 09:13:50,CNC,Normal,None,0.097,0.141,0.176,67.48,1.95,1723.8,,78.35,0
2024-01-01 09:13:55,3DPrinter,Normal,None,0.177,0.118,0.066,224.73,1.82,,212.11,48.6,0
2024-01-01 09:14:00,3DPrinter,Attack,Data_Spoofing,0.487,0.401,0.524,276.45,4.12,,291.74,71.78,1
2024-01-01 09:14:05,CNC,Normal,None,0.172,0.092,0.241,73.21,1.69,1691.16,,90.24,0
2024-01-01 09:14:10,3DPrinter,Normal,None,0.13,0.132,0.176,221.52,1.65,,218.57,46.9,0
2024-01-01 09:14:15,3DPrinter,Normal,None,0.136,0.117,0.086,216.09,2.06,,211.24,49.97,0
2024-01-01 09:14:20,3DPrinter,Normal,None,0.136,0.178,0.127,218.41,2.13,,208.43,53.88,0
2024-01-01 09:14:25,3DPrinter,Attack,Data_Spoofing,0.436,0.36,0.604,270.81,4.27,,298.16,72.11,1
2024-01-01 09:14:30,CNC,Normal,None,0.109,0.028,0.102,66.25,2.84,1735.26,,82.76,0
2024-01-01 09:14:35,CNC,Normal,None,0.181,0.327,0.167,73.35,2.29,1849.89,,78.63,0
2024-01-01 09:14:40,CNC,Normal,None,0.196,0.149,0.107,75.83,2.01,1796.97,,79.25,0
2024-01-01 09:14:45,CNC,Normal,None,0.317,0.274,0.241,74.05,2.21,1832.1,,84.01,0
2024-01-01 09:14:50,3DPrinter,Normal,None,0.114,0.205,0.237,224.26,2.0,,208.83,51.17,0
2024-01-01 09:14:55,CNC,Normal,None,0.122,0.121,0.113,66.24,1.98,1659.76,,88.36,0
2024-01-01 09:15:00,CNC,Normal,None,0.25,0.1,0.238,72.82,1.77,1912.28,,78.87,0
2024-01-01 09:15:05,CNC,Attack,DoS,0.565,0.55,0.678,92.36,3.09,2571.47,,119.07,1
2024-01-01 09:15:10,3DPrinter,Attack,Data_Spoofing,0.53,0.521,0.623,286.7,4.26,,310.43,71.31,1
2024-01-01 09:15:15,3DPrinter,Normal,None,0.166,0.118,0.097,226.45,1.82,,220.24,45.12,0
2024-01-01 09:15:20,3DPrinter,Normal,None,0.155,0.098,0.123,221.59,2.29,,218.17,49.83,0
2024-01-01 09:15:25,3DPrinter,Normal,None,0.163,0.145,0.091,228.03,2.17,,202.14,47.2,0
2024-01-01 09:15:30,CNC,Normal,None,0.25,0.119,0.146,71.31,2.34,1845.61,,73.48,0
2024-01-01 09:15:35,CNC,Attack,Parameter_Tamper,0.639,0.551,0.643,86.19,3.34,2596.78,,121.6,1
2024-01-01 09:15:40,CNC,Normal,None,0.149,0.187,-0.035,73.29,2.21,1774.22,,83.94,0
2024-01-01 09:15:45,CNC,Attack,Parameter_Tamper,0.721,0.5,0.658,90.71,3.42,2461.56,,119.18,1
2024-01-01 09:15:50,CNC,Normal,None,0.045,0.183,0.221,74.03,2.67,1722.83,,85.16,0
2024-01-01 09:15:55,3DPrinter,Normal,None,0.22,0.148,0.132,221.71,2.17,,206.1,48.04,0
2024-01-01 09:16:00,3DPrinter,Normal,None,0.056,0.109,0.077,220.28,2.33,,211.0,55.99,0
2024-01-01 09:16:05,CNC,Normal,None,0.111,0.187,0.04,78.13,2.17,1712.25,,74.37,0
2024-01-01 09:16:10,CNC,Normal,None,0.092,0.202,0.157,73.26,2.27,1606.84,,84.39,0
2024-01-01 09:16:15,3DPrinter,Normal,None,0.049,0.186,0.093,225.31,1.67,,218.77,48.9,0
2024-01-01 09:16:20,CNC,Normal,None,0.213,0.189,0.127,68.87,2.08,1634.76,,79.66,0
2024-01-01 09:16:25,CNC,Normal,None,0.153,0.142,0.204,70.58,2.72,1792.57,,79.26,0
2024-01-01 09:16:30,CNC,Normal,None,0.13,0.091,0.189,71.58,2.24,1552.14,,73.39,0
2024-01-01 09:16:35,3DPrinter,Normal,None,0.138,0.135,0.164,222.95,1.0,,216.83,47.79,0
2024-01-01 09:16:40,3DPrinter,Attack,Parameter_Tamper,0.539,0.497,0.52,274.49,3.39,,298.19,67.67,1
2024-01-01 09:16:45,3DPrinter,Normal,None,0.208,0.134,0.137,222.74,1.4,,206.29,49.65,0
2024-01-01 09:16:50,3DPrinter,Normal,None,0.156,0.215,0.121,223.44,2.16,,200.54,48.08,0
2024-01-01 09:16:55,3DPrinter,Attack,Malware,0.553,0.429,0.514,281.57,3.89,,303.65,67.21,1
2024-01-01 09:17:00,3DPrinter,Attack,Data_Spoofing,0.625,0.537,0.451,277.78,4.73,,297.13,76.26,1
2024-01-01 09:17:05,CNC,Attack,Malware,0.57,0.582,0.643,95.33,3.21,2513.97,,120.26,1
2024-01-01 09:17:10,CNC,Normal,None,0.19,0.257,0.221,67.8,2.99,1864.24,,79.15,0
2024-01-01 09:17:15,3DPrinter,Normal,None,0.049,0.055,0.12,220.07,1.97,,207.04,54.67,0
2024-01-01 09:17:20,3DPrinter,Normal,None,0.069,0.037,0.241,230.3,1.46,,209.96,46.15,0
2024-01-01 09:17:25,CNC,Normal,None,0.179,0.151,0.206,66.88,2.88,1824.51,,82.91,0
2024-01-01 09:17:30,CNC,Attack,Data_Spoofing,0.628,0.542,0.672,90.86,3.58,2422.51,,116.01,1
2024-01-01 09:17:35,3DPrinter,Attack,Parameter_Tamper,0.453,0.407,0.518,283.49,3.81,,299.41,70.05,1
2024-01-01 09:17:40,3DPrinter,Normal,None,0.103,0.109,0.2,225.19,2.09,,214.68,51.31,0
2024-01-01 09:17:45,CNC,Normal,None,0.208,0.19,0.287,69.75,2.46,1741.56,,89.81,0
2024-01-01 09:17:50,3DPrinter,Attack,Parameter_Tamper,0.5,0.409,0.601,283.26,4.25,,300.85,69.03,1
2024-01-01 09:17:55,3DPrinter,Normal,None,0.147,0.164,0.144,220.91,1.55,,201.41,50.71,0
2024-01-01 09:18:00,CNC,Attack,DoS,0.589,0.6,0.632,92.61,3.73,2671.42,,126.75,1
2024-01-01 09:18:05,CNC,Normal,None,0.157,0.278,0.157,73.75,1.78,1907.52,,84.19,0
2024-01-01 09:18:10,3DPrinter,Normal,None,0.149,0.163,0.071,218.85,1.75,,209.67,46.02,0
2024-01-01 09:18:15,CNC,Normal,None,0.229,0.09,0.239,68.02,1.99,1754.33,,81.36,0
2024-01-01 09:18:20,CNC,Normal,None,0.319,0.145,0.24,71.48,2.18,1790.63,,77.1,0
2024-01-01 09:18:25,CNC,Normal,None,0.148,0.156,0.024,66.65,2.82,1707.18,,84.97,0
2024-01-01 09:18:30,CNC,Normal,None,0.15,0.143,0.149,67.68,2.24,1817.54,,82.81,0
2024-01-01 09:18:35,CNC,Attack,DoS,0.703,0.454,0.617,98.83,4.09,2736.93,,125.58,1
2024-01-01 09:18:40,CNC,Attack,DoS,0.581,0.518,0.735,89.95,4.47,2503.49,,118.35,1
2024-01-01 09:18:45,CNC,Attack,Data_Spoofing,0.558,0.518,0.579,87.53,3.28,2409.96,,125.68,1
2024-01-01 09:18:50,CNC,Normal,None,0.282,0.051,0.099,72.04,2.31,1889.5,,74.89,0
2024-01-01 09:18:55,CNC,Attack,DoS,0.58,0.497,0.696,93.18,3.58,2603.8,,123.06,1
2024-01-01 09:19:00,CNC,Normal,None,0.125,0.245,0.199,66.33,2.99,1755.55,,84.82,0
2024-01-01 09:19:05,3DPrinter,Attack,Data_Spoofing,0.507,0.479,0.57,284.66,4.12,,298.44,67.61,1
2024-01-01 09:19:10,CNC,Attack,Parameter_Tamper,0.637,0.582,0.665,89.39,3.88,2696.75,,118.82,1
2024-01-01 09:19:15,3DPrinter,Normal,None,0.21,0.122,0.048,226.94,1.84,,211.91,54.1,0
2024-01-01 09:19:20,CNC,Attack,Malware,0.657,0.476,0.719,89.29,4.07,2328.49,,122.52,1
2024-01-01 09:19:25,CNC,Attack,Data_Spoofing,0.443,0.534,0.678,96.87,3.09,2578.2,,116.35,1
2024-01-01 09:19:30,CNC,Normal,None,0.117,-0.072,0.196,64.7,1.85,1748.27,,74.3,0
2024-01-01 09:19:35,3DPrinter,Normal,None,0.125,0.122,0.069,222.31,1.52,,207.75,50.88,0
2024-01-01 09:19:40,3DPrinter,Normal,None,0.158,0.085,0.15,211.42,2.04,,210.17,56.63,0
2024-01-01 09:19:45,3DPrinter,Normal,None,0.215,0.159,0.116,226.19,1.72,,207.71,51.43,0
2024-01-01 09:19:50,3DPrinter,Attack,Malware,0.449,0.397,0.602,275.27,3.75,,302.69,69.24,1
2024-01-01 09:19:55,CNC,Normal,None,0.153,0.098,0.158,66.46,1.74,2011.13,,76.56,0
2024-01-01 09:20:00,3DPrinter,Normal,None,0.167,0.105,0.106,212.99,1.91,,214.19,53.87,0
2024-01-01 09:20:05,3DPrinter,Normal,None,0.094,0.115,0.227,208.77,1.86,,219.59,48.94,0
2024-01-01 09:20:10,3DPrinter,Attack,Data_Spoofing,0.482,0.481,0.591,272.44,4.01,,288.61,69.63,1
2024-01-01 09:20:15,CNC,Normal,None,0.154,0.104,0.309,61.68,2.13,1972.57,,80.49,0
2024-01-01 09:20:20,3DPrinter,Normal,None,0.141,0.153,0.096,219.62,1.34,,213.94,50.48,0
2024-01-01 09:20:25,3DPrinter,Normal,None,0.089,0.131,0.117,214.11,1.94,,218.91,49.26,0
2024-01-01 09:20:30,3DPrinter,Normal,None,0.069,0.072,0.171,220.77,1.64,,211.1,52.93,0
2024-01-01 09:20:35,3DPrinter,Normal,None,0.145,0.171,0.12,212.57,1.19,,216.3,51.85,0
2024-01-01 09:20:40,3DPrinter,Normal,None,0.087,0.139,0.076,213.49,1.19,,208.09,49.9,0
2024-01-01 09:20:45,CNC,Attack,Parameter_Tamper,0.564,0.606,0.744,93.17,3.99,2501.19,,116.08,1
2024-01-01 09:20:50,CNC,Normal,None,0.263,0.162,0.175,68.6,1.29,1863.73,,84.62,0
2024-01-01 09:20:55,CNC,Attack,Malware,0.493,0.642,0.649,87.4,3.71,2346.73,,115.49,1
2024-01-01 09:21:00,3DPrinter,Attack,Parameter_Tamper,0.464,0.405,0.493,280.77,3.85,,302.44,64.8,1
2024-01-01 09:21:05,3DPrinter,Attack,Parameter_Tamper,0.444,0.396,0.551,276.8,4.45,,296.33,65.8,1
2024-01-01 09:21:10,CNC,Normal,None,0.095,0.088,0.142,69.84,1.96,1850.59,,80.5,0
2024-01-01 09:21:15,CNC,Attack,Malware,0.574,0.548,0.746,91.99,3.47,2396.08,,123.27,1
2024-01-01 09:21:20,3DPrinter,Attack,Malware,0.521,0.49,0.556,281.14,3.93,,293.32,69.48,1
2024-01-01 09:21:25,3DPrinter,Attack,Malware,0.466,0.371,0.497,284.97,4.08,,299.36,68.47,1
2024-01-01 09:21:30,CNC,Normal,None,0.135,0.162,0.073,72.88,2.18,1765.95,,79.94,0
2024-01-01 09:21:35,CNC,Normal,None,0.151,0.083,0.133,74.52,1.77,1816.28,,85.98,0
2024-01-01 09:21:40,3DPrinter,Normal,None,0.118,0.075,0.115,216.67,1.83,,202.31,51.94,0
2024-01-01 09:21:45,3DPrinter,Normal,None,0.155,0.175,0.165,211.97,1.92,,215.36,47.44,0
2024-01-01 09:21:50,CNC,Normal,None,0.23,0.072,0.144,74.43,1.85,1954.44,,78.66,0
2024-01-01 09:21:55,CNC,Normal,None,0.102,-0.005,0.166,68.67,2.2,1894.53,,77.79,0
2024-01-01 09:22:00,3DPrinter,Normal,None,0.062,0.1,0.096,212.44,1.18,,204.1,49.27,0
2024-01-01 09:22:05,3DPrinter,Normal,None,0.207,0.158,0.098,226.86,1.84,,206.64,51.99,0
2024-01-01 09:22:10,CNC,Attack,Parameter_Tamper,0.56,0.628,0.506,87.95,3.27,2523.42,,118.31,1
2024-01-01 09:22:15,3DPrinter,Normal,None,0.181,0.109,-0.04,216.49,1.54,,212.66,47.58,0
2024-01-01 09:22:20,CNC,Attack,Data_Spoofing,0.726,0.528,0.605,91.25,3.58,2447.19,,119.19,1
2024-01-01 09:22:25,CNC,Attack,Parameter_Tamper,0.716,0.593,0.752,93.09,3.24,2544.49,,123.4,1
2024-01-01 09:22:30,3DPrinter,Normal,None,0.201,0.153,0.13,222.73,1.79,,205.11,47.81,0
2024-01-01 09:22:35,3DPrinter,Normal,None,0.185,0.137,0.073,218.76,1.9,,216.5,52.0,0
2024-01-01 09:22:40,CNC,Attack,DoS,0.638,0.504,0.579,88.48,4.34,2463.55,,128.81,1
2024-01-01 09:22:45,CNC,Attack,DoS,0.456,0.665,0.55,86.14,3.15,2537.26,,120.67,1
2024-01-01 09:22:50,3DPrinter,Normal,None,0.139,0.127,0.141,212.59,1.7,,210.06,50.31,0
2024-01-01 09:22:55,3DPrinter,Normal,None,0.063,0.131,0.171,223.55,1.76,,206.84,51.8,0
2024-01-01 09:23:00,3DPrinter,Normal,None,0.182,0.214,0.174,224.13,1.5,,210.43,48.4,0
2024-01-01 09:23:05,CNC,Attack,Parameter_Tamper,0.649,0.554,0.659,87.13,4.73,2359.27,,114.81,1
2024-01-01 09:23:10,3DPrinter,Normal,None,0.19,0.177,0.139,212.89,1.76,,217.29,54.62,0
2024-01-01 09:23:15,CNC,Normal,None,0.195,0.202,0.146,69.13,2.38,1881.58,,82.41,0
2024-01-01 09:23:20,CNC,Attack,Malware,0.555,0.574,0.727,89.11,4.28,2324.46,,128.87,1
2024-01-01 09:23:25,CNC,Attack,Parameter_Tamper,0.604,0.557,0.605,89.83,4.25,2511.4,,116.83,1
2024-01-01 09:23:30,CNC,Normal,None,0.194,0.127,0.213,70.11,2.44,1896.23,,77.8,0
2024-01-01 09:23:35,3DPrinter,Normal,None,0.108,0.078,0.106,216.02,1.86,,209.2,48.33,0
2024-01-01 09:23:40,CNC,Attack,DoS,0.453,0.655,0.512,92.89,4.09,2531.96,,117.91,1
2024-01-01 09:23:45,CNC,Normal,None,0.215,0.109,0.176,71.8,2.54,1750.58,,81.14,0
2024-01-01 09:23:50,3DPrinter,Attack,Parameter_Tamper,0.547,0.475,0.499,278.16,4.25,,300.57,73.26,1
2024-01-01 09:23:55,CNC,Normal,None,0.156,0.185,0.141,70.65,1.87,1870.35,,79.69,0
2024-01-01 09:24:00,CNC,Normal,None,0.062,0.105,0.18,72.96,2.46,2031.13,,79.53,0
2024-01-01 09:24:05,3DPrinter,Attack,Malware,0.456,0.417,0.534,290.01,3.91,,301.8,71.62,1
2024-01-01 09:24:10,3DPrinter,Attack,Data_Spoofing,0.437,0.498,0.509,274.09,4.03,,291.21,71.77,1
2024-01-01 09:24:15,CNC,Normal,None,-0.019,0.041,0.115,68.62,1.79,1886.02,,83.24,0
2024-01-01 09:24:20,CNC,Normal,None,0.213,0.039,0.118,78.14,2.0,2098.63,,86.84,0
2024-01-01 09:24:25,CNC,Normal,None,0.216,0.099,0.188,66.04,2.1,1928.56,,79.77,0
2024-01-01 09:24:30,3DPrinter,Attack,DoS,0.429,0.515,0.469,284.43,3.43,,303.15,69.38,1
2024-01-01 09:24:35,CNC,Normal,None,0.272,0.233,0.152,65.98,2.01,1651.21,,75.5,0
2024-01-01 09:24:40,CNC,Normal,None,0.143,0.308,0.248,72.06,2.38,1829.98,,81.22,0
2024-01-01 09:24:45,CNC,Normal,None,0.191,0.116,0.16,69.18,2.02,1731.09,,81.87,0
2024-01-01 09:24:50,3DPrinter,Attack,DoS,0.515,0.488,0.565,283.71,4.23,,298.5,71.58,1
2024-01-01 09:24:55,CNC,Normal,None,0.058,0.162,0.056,71.82,2.74,1782.54,,85.44,0
2024-01-01 09:25:00,CNC,Attack,DoS,0.648,0.375,0.461,86.46,3.86,2653.22,,115.49,1
2024-01-01 09:25:05,CNC,Normal,None,0.12,0.039,0.191,71.23,1.82,1912.1,,83.22,0
2024-01-01 09:25:10,CNC,Normal,None,0.216,0.221,0.1,68.04,1.93,1791.33,,80.24,0
2024-01-01 09:25:15,3DPrinter,Normal,None,0.166,0.118,0.248,220.46,1.69,,206.85,54.91,0
2024-01-01 09:25:20,3DPrinter,Attack,Malware,0.464,0.415,0.53,274.68,4.09,,301.56,74.02,1
2024-01-01 09:25:25,CNC,Attack,Data_Spoofing,0.477,0.504,0.614,90.24,3.93,2401.21,,122.89,1
2024-01-01 09:25:30,3DPrinter,Normal,None,0.049,0.127,0.114,216.34,1.53,,209.91,47.6,0
2024-01-01 09:25:35,3DPrinter,Attack,Data_Spoofing,0.511,0.466,0.579,286.05,3.99,,308.19,72.72,1
2024-01-01 09:25:40,3DPrinter,Attack,Malware,0.531,0.384,0.522,279.76,4.26,,309.64,68.55,1
2024-01-01 09:25:45,3DPrinter,Normal,None,0.153,0.111,0.176,226.39,1.97,,210.51,54.49,0
2024-01-01 09:25:50,3DPrinter,Attack,Malware,0.545,0.438,0.51,275.26,3.57,,297.79,70.93,1
2024-01-01 09:25:55,3DPrinter,Attack,Parameter_Tamper,0.49,0.556,0.599,268.07,3.83,,290.94,67.15,1
2024-01-01 09:26:00,3DPrinter,Normal,None,0.213,-0.021,0.142,214.28,1.59,,207.14,55.78,0
2024-01-01 09:26:05,3DPrinter,Attack,Data_Spoofing,0.445,0.434,0.649,272.23,3.58,,299.58,76.76,1
2024-01-01 09:26:10,3DPrinter,Attack,Parameter_Tamper,0.497,0.453,0.567,275.22,3.92,,301.85,70.53,1
2024-01-01 09:26:15,3DPrinter,Attack,Parameter_Tamper,0.517,0.419,0.515,273.53,4.03,,294.6,66.47,1
2024-01-01 09:26:20,CNC,Normal,None,0.223,0.096,0.176,70.18,1.89,1765.52,,83.46,0
2024-01-01 09:26:25,3DPrinter,Attack,Parameter_Tamper,0.507,0.375,0.6,275.59,4.03,,305.82,72.78,1
2024-01-01 09:26:30,CNC,Attack,Parameter_Tamper,0.727,0.578,0.608,91.7,3.84,2328.2,,123.45,1
2024-01-01 09:26:35,3DPrinter,Normal,None,0.13,0.138,0.207,216.51,2.14,,207.36,52.33,0
2024-01-01 09:26:40,3DPrinter,Normal,None,0.144,0.046,0.083,215.55,2.0,,209.26,50.09,0
2024-01-01 09:26:45,CNC,Normal,None,0.168,0.221,0.241,71.31,2.27,1560.39,,77.28,0
2024-01-01 09:26:50,CNC,Normal,None,0.028,0.076,0.185,69.85,3.13,1762.89,,78.2,0
2024-01-01 09:26:55,3DPrinter,Normal,None,0.203,0.032,0.077,215.56,1.75,,204.93,51.02,0
2024-01-01 09:27:00,CNC,Normal,None,0.167,0.282,0.13,69.6,2.12,1817.45,,81.87,0
2024-01-01 09:27:05,CNC,Normal,None,0.198,0.121,0.201,70.84,2.93,1646.97,,79.51,0
2024-01-01 09:27:10,CNC,Attack,Malware,0.616,0.456,0.615,85.55,3.78,2341.86,,121.55,1
2024-01-01 09:27:15,CNC,Normal,None,0.228,0.158,0.121,71.4,1.98,1749.56,,73.92,0
2024-01-01 09:27:20,CNC,Normal,None,0.102,0.154,0.199,70.84,2.0,1520.49,,80.15,0
2024-01-01 09:27:25,3DPrinter,Normal,None,0.189,0.207,0.176,216.23,1.77,,207.28,53.79,0
2024-01-01 09:27:30,3DPrinter,Normal,None,0.194,0.135,0.198,217.82,2.18,,201.68,45.13,0
2024-01-01 09:27:35,3DPrinter,Attack,Malware,0.564,0.288,0.565,279.99,4.04,,300.27,66.02,1
2024-01-01 09:27:40,3DPrinter,Attack,Parameter_Tamper,0.534,0.483,0.499,284.29,3.91,,298.7,76.29,1
2024-01-01 09:27:45,CNC,Normal,None,0.222,0.294,0.166,58.49,2.69,1745.96,,76.79,0
2024-01-01 09:27:50,3DPrinter,Normal,None,0.126,0.084,0.227,227.11,1.92,,207.63,47.95,0
2024-01-01 09:27:55,3DPrinter,Normal,None,0.187,0.095,0.152,227.43,1.19,,208.9,46.0,0
2024-01-01 09:28:00,CNC,Normal,None,0.257,0.093,0.127,72.74,2.1,1824.83,,80.92,0
2024-01-01 09:28:05,3DPrinter,Normal,None,0.116,0.108,0.177,220.03,1.25,,199.78,48.26,0
2024-01-01 09:28:10,3DPrinter,Normal,None,0.179,0.142,0.102,227.68,1.72,,220.05,45.09,0
2024-01-01 09:28:15,CNC,Normal,None,0.161,0.141,0.132,80.13,2.47,1759.07,,75.78,0
2024-01-01 09:28:20,CNC,Normal,None,0.262,0.102,0.342,72.6,2.34,1839.41,,81.62,0
2024-01-01 09:28:25,3DPrinter,Normal,None,0.115,0.111,0.136,208.92,1.74,,214.18,46.8,0
2024-01-01 09:28:30,CNC,Attack,DoS,0.612,0.591,0.571,87.61,3.92,2399.55,,120.43,1
2024-01-01 09:28:35,3DPrinter,Normal,None,0.087,0.077,0.197,218.42,2.21,,214.03,41.17,0
2024-01-01 09:28:40,CNC,Attack,Malware,0.557,0.525,0.516,91.86,4.6,2421.72,,129.53,1
2024-01-01 09:28:45,3DPrinter,Normal,None,0.144,0.164,0.191,229.87,1.91,,209.06,53.1,0
2024-01-01 09:28:50,CNC,Normal,None,0.212,0.243,0.169,68.23,1.46,1721.64,,80.52,0
2024-01-01 09:28:55,3DPrinter,Normal,None,0.107,0.132,0.097,224.32,2.03,,209.06,52.52,0
2024-01-01 09:29:00,CNC,Attack,Malware,0.571,0.602,0.634,86.43,4.38,2313.01,,126.07,1
2024-01-01 09:29:05,3DPrinter,Normal,None,0.175,0.112,0.128,220.28,1.76,,208.92,53.43,0
2024-01-01 09:29:10,CNC,Attack,DoS,0.723,0.636,0.617,92.43,4.09,2474.02,,118.65,1
2024-01-01 09:29:15,CNC,Attack,Data_Spoofing,0.685,0.731,0.557,84.03,3.93,2462.36,,121.26,1
2024-01-01 09:29:20,3DPrinter,Attack,Malware,0.437,0.538,0.581,277.91,4.13,,309.16,67.64,1
2024-01-01 09:29:25,3DPrinter,Normal,None,0.161,0.092,0.11,223.28,1.88,,203.38,48.69,0
2024-01-01 09:29:30,CNC,Normal,None,0.206,0.179,0.168,73.27,1.96,1841.25,,75.34,0
2024-01-01 09:29:35,3DPrinter,Normal,None,0.07,0.111,0.13,213.18,1.52,,214.05,50.69,0
2024-01-01 09:29:40,3DPrinter,Attack,DoS,0.55,0.473,0.477,280.63,4.8,,305.95,67.52,1
2024-01-01 09:29:45,CNC,Normal,None,0.23,0.168,0.152,74.72,2.06,1716.26,,83.58,0
2024-01-01 09:29:50,CNC,Normal,None,0.176,0.208,0.191,70.55,2.33,1831.25,,72.14,0
2024-01-01 09:29:55,3DPrinter,Attack,Parameter_Tamper,0.558,0.518,0.432,290.26,3.49,,296.86,69.88,1
2024-01-01 09:30:00,CNC,Attack,DoS,0.748,0.457,0.707,86.95,3.54,2438.32,,121.79,1
2024-01-01 09:30:05,3DPrinter,Normal,None,0.166,0.09,0.097,223.07,1.79,,214.15,47.28,0
2024-01-01 09:30:10,3DPrinter,Normal,None,0.13,0.028,0.181,215.36,1.86,,209.14,55.29,0
2024-01-01 09:30:15,CNC,Normal,None,0.168,0.123,0.068,70.56,1.86,1866.53,,88.84,0
2024-01-01 09:30:20,3DPrinter,Normal,None,0.157,0.07,0.153,219.35,2.03,,204.39,50.16,0
2024-01-01 09:30:25,3DPrinter,Attack,Parameter_Tamper,0.421,0.407,0.629,276.25,3.35,,302.29,66.69,1
2024-01-01 09:30:30,3DPrinter,Normal,None,0.172,0.15,0.061,226.47,1.99,,206.59,45.37,0
2024-01-01 09:30:35,CNC,Normal,None,0.175,0.173,0.12,70.46,1.58,2021.43,,74.61,0
2024-01-01 09:30:40,3DPrinter,Attack,Malware,0.493,0.504,0.548,278.61,4.34,,310.47,67.09,1
2024-01-01 09:30:45,3DPrinter,Normal,None,0.171,0.149,0.104,226.33,1.51,,209.43,48.33,0
2024-01-01 09:30:50,3DPrinter,Attack,Data_Spoofing,0.534,0.418,0.61,288.93,3.92,,289.03,67.94,1
2024-01-01 09:30:55,CNC,Normal,None,0.35,0.044,0.139,73.14,1.86,1739.97,,82.37,0
2024-01-01 09:31:00,CNC,Attack,DoS,0.66,0.55,0.722,92.88,4.26,2437.64,,124.13,1
2024-01-01 09:31:05,3DPrinter,Normal,None,0.124,0.095,0.089,211.28,1.48,,208.38,50.64,0
2024-01-01 09:31:10,CNC,Normal,None,0.162,0.105,0.25,68.23,2.89,1913.93,,78.1,0
2024-01-01 09:31:15,3DPrinter,Attack,Data_Spoofing,0.516,0.482,0.635,281.66,4.19,,298.4,65.91,1
2024-01-01 09:31:20,3DPrinter,Normal,None,0.17,0.083,0.117,220.03,1.33,,210.7,49.05,0
2024-01-01 09:31:25,CNC,Normal,None,0.119,0.177,0.161,72.83,2.27,1764.75,,88.59,0
2024-01-01 09:31:30,CNC,Attack,DoS,0.677,0.544,0.601,88.82,3.91,2608.52,,120.01,1
2024-01-01 09:31:35,CNC,Normal,None,0.133,0.226,0.197,71.34,1.51,1727.95,,81.65,0
2024-01-01 09:31:40,3DPrinter,Attack,Parameter_Tamper,0.527,0.456,0.512,278.46,3.74,,300.07,70.49,1
2024-01-01 09:31:45,3DPrinter,Normal,None,0.232,0.129,0.109,211.9,1.99,,208.67,51.67,0
2024-01-01 09:31:50,3DPrinter,Normal,None,0.104,0.125,0.131,223.12,1.74,,206.37,51.02,0
2024-01-01 09:31:55,CNC,Normal,None,0.355,0.133,0.146,68.69,2.62,1693.15,,81.38,0
2024-01-01 09:32:00,3DPrinter,Normal,None,0.13,0.104,0.148,210.14,2.21,,212.07,53.37,0
2024-01-01 09:32:05,3DPrinter,Normal,None,0.231,-0.005,0.102,217.7,1.97,,211.09,49.5,0
2024-01-01 09:32:10,CNC,Attack,Parameter_Tamper,0.772,0.542,0.717,87.04,3.13,2591.39,,122.18,1
2024-01-01 09:32:15,3DPrinter,Normal,None,0.127,0.171,0.151,218.3,2.09,,213.23,47.95,0
2024-01-01 09:32:20,CNC,Normal,None,0.183,0.126,0.071,73.26,1.75,1672.54,,78.4,0
2024-01-01 09:32:25,CNC,Attack,Malware,0.611,0.586,0.607,94.85,3.49,2614.34,,120.74,1
2024-01-01 09:32:30,3DPrinter,Normal,None,0.061,0.265,0.18,218.52,1.72,,208.76,55.52,0
2024-01-01 09:32:35,CNC,Normal,None,0.243,0.179,0.15,72.34,1.73,1764.41,,86.59,0
2024-01-01 09:32:40,3DPrinter,Attack,Malware,0.485,0.534,0.639,283.2,4.29,,301.18,65.89,1
2024-01-01 09:32:45,3DPrinter,Normal,None,0.101,0.139,0.18,225.6,2.27,,209.66,53.58,0
2024-01-01 09:32:50,3DPrinter,Attack,Malware,0.531,0.44,0.497,284.32,4.38,,312.37,70.79,1
2024-01-01 09:32:55,3DPrinter,Normal,None,0.098,0.164,0.156,214.39,2.21,,220.19,50.44,0
2024-01-01 09:33:00,3DPrinter,Attack,Malware,0.528,0.432,0.561,282.78,3.95,,303.38,70.21,1
2024-01-01 09:33:05,CNC,Normal,None,0.191,0.138,0.223,77.04,1.64,1789.62,,75.28,0
2024-01-01 09:33:10,3DPrinter,Attack,Parameter_Tamper,0.542,0.482,0.557,282.87,4.07,,299.29,71.17,1
2024-01-01 09:33:15,CNC,Normal,None,0.281,0.154,0.189,74.24,1.85,1788.82,,78.19,0
2024-01-01 09:33:20,3DPrinter,Normal,None,0.169,0.076,0.194,211.58,2.09,,214.1,50.35,0
2024-01-01 09:33:25,3DPrinter,Normal,None,0.045,0.141,0.128,217.74,1.76,,211.46,44.36,0
2024-01-01 09:33:30,3DPrinter,Normal,None,0.118,0.1,0.087,212.3,2.24,,213.98,52.44,0
2024-01-01 09:33:35,CNC,Normal,None,0.165,0.284,0.111,69.7,2.09,1604.54,,78.76,0
2024-01-01 09:33:40,3DPrinter,Attack,Malware,0.527,0.489,0.567,282.35,4.4,,296.04,70.49,1
2024-01-01 09:33:45,3DPrinter,Normal,None,0.139,0.169,0.075,214.06,1.97,,209.68,48.63,0
2024-01-01 09:33:50,3DPrinter,Normal,None,0.231,0.129,0.22,218.03,1.64,,203.92,52.33,0
2024-01-01 09:33:55,3DPrinter,Normal,None,0.176,0.178,0.131,216.33,2.09,,215.92,46.51,0
2024-01-01 09:34:00,3DPrinter,Normal,None,0.125,0.076,0.155,223.18,1.69,,220.13,52.71,0
2024-01-01 09:34:05,CNC,Attack,Malware,0.573,0.554,0.631,86.52,3.07,2448.59,,123.59,1
2024-01-01 09:34:10,CNC,Attack,Parameter_Tamper,0.636,0.478,0.568,92.43,4.18,2450.92,,117.0,1
2024-01-01 09:34:15,CNC,Normal,None,0.26,0.079,0.158,71.46,2.51,1814.43,,81.32,0
2024-01-01 09:34:20,3DPrinter,Attack,Data_Spoofing,0.607,0.508,0.552,280.65,4.53,,304.32,66.31,1
2024-01-01 09:34:25,CNC,Normal,None,0.246,0.064,0.184,71.55,1.7,1761.72,,77.58,0
2024-01-01 09:34:30,CNC,Attack,DoS,0.59,0.406,0.756,85.31,3.95,2523.83,,120.18,1
2024-01-01 09:34:35,CNC,Normal,None,0.185,0.135,0.14,71.31,1.9,1765.62,,80.49,0
2024-01-01 09:34:40,CNC,Attack,DoS,0.571,0.441,0.595,95.56,3.51,2490.28,,125.66,1
2024-01-01 09:34:45,CNC,Attack,Parameter_Tamper,0.563,0.438,0.523,90.89,3.85,2457.42,,113.37,1
2024-01-01 09:34:50,CNC,Attack,Parameter_Tamper,0.538,0.567,0.569,91.42,5.06,2610.56,,119.58,1
2024-01-01 09:34:55,CNC,Normal,None,0.254,0.172,0.137,69.17,1.71,1856.65,,77.41,0
2024-01-01 09:35:00,CNC,Normal,None,0.089,0.043,0.172,73.45,2.42,1830.27,,78.85,0
2024-01-01 09:35:05,3DPrinter,Attack,Parameter_Tamper,0.534,0.447,0.537,278.49,4.16,,295.32,66.77,1
2024-01-01 09:35:10,CNC,Normal,None,0.297,0.108,0.182,72.11,1.93,1754.01,,80.53,0
2024-01-01 09:35:15,CNC,Normal,None,0.12,0.11,0.106,72.2,1.58,1856.48,,82.74,0
2024-01-01 09:35:20,CNC,Normal,None,0.128,0.003,0.209,74.94,2.42,1611.27,,79.91,0
2024-01-01 09:35:25,3DPrinter,Normal,None,0.136,0.064,0.172,213.24,1.71,,204.98,50.38,0
2024-01-01 09:35:30,CNC,Normal,None,0.211,0.087,-0.06,72.38,2.4,1935.29,,71.64,0
2024-01-01 09:35:35,3DPrinter,Attack,Parameter_Tamper,0.467,0.521,0.642,279.27,4.1,,295.06,69.56,1
2024-01-01 09:35:40,3DPrinter,Attack,Malware,0.462,0.476,0.459,283.19,4.09,,298.73,65.09,1
2024-01-01 09:35:45,CNC,Normal,None,0.071,0.207,0.139,71.38,2.14,1825.68,,79.09,0
2024-01-01 09:35:50,3DPrinter,Normal,None,0.215,0.141,0.147,221.15,2.23,,212.38,54.57,0
2024-01-01 09:35:55,3DPrinter,Normal,None,0.129,0.161,0.094,221.54,1.78,,213.13,49.33,0
2024-01-01 09:36:00,CNC,Attack,Malware,0.652,0.505,0.707,89.61,4.45,2466.63,,113.84,1
2024-01-01 09:36:05,CNC,Normal,None,0.167,0.247,0.129,74.8,2.56,1784.54,,72.75,0
2024-01-01 09:36:10,CNC,Normal,None,0.171,0.138,0.193,66.93,2.72,1850.35,,83.34,0
2024-01-01 09:36:15,CNC,Normal,None,0.125,0.175,0.024,69.53,1.74,1779.74,,83.92,0
2024-01-01 09:36:20,3DPrinter,Attack,Parameter_Tamper,0.436,0.469,0.56,293.44,3.72,,298.74,67.81,1
2024-01-01 09:36:25,CNC,Normal,None,0.17,0.021,0.109,69.42,2.47,1818.86,,86.43,0
2024-01-01 09:36:30,CNC,Attack,DoS,0.689,0.558,0.595,89.21,3.25,2488.85,,120.69,1
2024-01-01 09:36:35,CNC,Normal,None,0.183,0.142,0.254,72.32,2.2,1821.67,,81.18,0
2024-01-01 09:36:40,CNC,Normal,None,0.075,0.157,0.104,61.53,2.09,1794.99,,79.12,0
2024-01-01 09:36:45,CNC,Normal,None,0.197,0.135,0.137,64.77,1.92,1781.65,,79.54,0
2024-01-01 09:36:50,3DPrinter,Normal,None,0.213,0.061,0.088,223.34,2.33,,207.11,51.24,0
2024-01-01 09:36:55,3DPrinter,Attack,Parameter_Tamper,0.44,0.496,0.524,272.01,4.45,,310.27,74.63,1
2024-01-01 09:37:00,CNC,Normal,None,0.061,0.066,0.26,68.38,2.48,1797.18,,77.28,0
2024-01-01 09:37:05,3DPrinter,Attack,DoS,0.417,0.552,0.65,279.34,3.83,,303.49,68.96,1
2024-01-01 09:37:10,3DPrinter,Normal,None,0.178,0.018,0.117,215.16,1.71,,209.44,53.2,0
2024-01-01 09:37:15,CNC,Normal,None,0.201,0.191,0.256,67.03,2.06,1875.9,,81.79,0
2024-01-01 09:37:20,3DPrinter,Normal,None,0.156,0.084,0.118,221.45,1.86,,216.06,49.17,0
2024-01-01 09:37:25,3DPrinter,Attack,DoS,0.452,0.451,0.596,288.06,4.22,,299.58,74.13,1
2024-01-01 09:37:30,3DPrinter,Normal,None,0.166,-0.016,0.144,223.31,2.05,,212.99,52.88,0
2024-01-01 09:37:35,CNC,Normal,None,0.292,0.157,0.179,65.43,1.99,1780.69,,84.2,0
2024-01-01 09:37:40,CNC,Attack,Parameter_Tamper,0.534,0.549,0.592,92.81,3.46,2488.46,,123.76,1
2024-01-01 09:37:45,3DPrinter,Normal,None,0.114,0.153,0.152,224.98,1.97,,208.52,48.61,0
2024-01-01 09:37:50,3DPrinter,Attack,Parameter_Tamper,0.544,0.519,0.504,288.84,3.91,,309.97,69.13,1
2024-01-01 09:37:55,CNC,Normal,None,0.23,0.159,0.184,66.7,2.22,1863.12,,75.4,0
2024-01-01 09:38:00,CNC,Normal,None,0.146,0.224,0.118,73.51,2.52,1777.16,,77.06,0
2024-01-01 09:38:05,CNC,Attack,DoS,0.554,0.538,0.645,84.87,3.96,2491.08,,126.44,1
2024-01-01 09:38:10,3DPrinter,Normal,None,0.186,0.113,0.153,222.42,1.7,,213.65,54.37,0
2024-01-01 09:38:15,CNC,Normal,None,0.073,-0.034,0.128,74.99,2.01,1750.94,,78.87,0
2024-01-01 09:38:20,CNC,Normal,None,0.164,0.137,0.125,73.34,1.9,1814.01,,82.15,0
2024-01-01 09:38:25,CNC,Attack,Malware,0.609,0.448,0.585,93.64,4.01,2438.27,,124.81,1
2024-01-01 09:38:30,3DPrinter,Normal,None,0.175,0.165,0.119,217.26,1.59,,204.84,52.0,0
2024-01-01 09:38:35,3DPrinter,Normal,None,0.264,0.095,0.109,211.16,1.81,,209.74,51.96,0
2024-01-01 09:38:40,3DPrinter,Normal,None,0.105,0.18,0.075,224.51,2.24,,211.91,49.59,0
2024-01-01 09:38:45,3DPrinter,Normal,None,0.162,0.159,0.137,219.93,1.47,,208.5,47.71,0
2024-01-01 09:38:50,CNC,Normal,None,0.214,0.15,0.234,70.88,2.34,1728.77,,74.68,0
2024-01-01 09:38:55,CNC,Normal,None,0.151,0.155,0.127,67.49,1.76,2076.84,,78.99,0
2024-01-01 09:39:00,3DPrinter,Normal,None,0.086,0.101,0.112,221.85,1.89,,207.08,48.01,0
2024-01-01 09:39:05,CNC,Normal,None,0.11,0.265,0.13,74.49,2.71,1699.9,,84.13,0
2024-01-01 09:39:10,CNC,Normal,None,0.053,0.099,0.166,66.98,2.37,1865.19,,78.1,0
2024-01-01 09:39:15,CNC,Normal,None,0.086,0.17,0.187,70.06,2.56,1732.76,,81.35,0
2024-01-01 09:39:20,3DPrinter,Normal,None,0.129,0.042,0.073,223.71,1.72,,207.89,47.78,0
2024-01-01 09:39:25,CNC,Normal,None,0.153,0.169,0.219,71.6,1.49,1899.52,,83.75,0
2024-01-01 09:39:30,CNC,Normal,None,0.064,0.27,0.237,71.47,2.15,1666.28,,78.67,0
2024-01-01 09:39:35,3DPrinter,Normal,None,0.172,0.106,0.09,217.68,1.47,,207.76,48.78,0
2024-01-01 09:39:40,3DPrinter,Normal,None,0.286,0.15,0.176,216.12,1.95,,208.86,47.65,0
2024-01-01 09:39:45,3DPrinter,Attack,DoS,0.596,0.421,0.594,282.55,3.94,,306.96,69.36,1
2024-01-01 09:39:50,CNC,Attack,Data_Spoofing,0.605,0.608,0.664,87.38,3.72,2513.57,,123.72,1
2024-01-01 09:39:55,CNC,Normal,None,0.196,0.183,0.137,70.97,2.39,1699.28,,80.67,0
2024-01-01 09:40:00,3DPrinter,Normal,None,0.209,0.091,0.155,220.93,1.81,,209.15,45.04,0
2024-01-01 09:40:05,CNC,Normal,None,0.11,0.117,0.253,72.93,2.35,1649.42,,79.8,0
2024-01-01 09:40:10,CNC,Normal,None,0.159,0.109,0.197,64.66,2.86,1704.03,,71.53,0
2024-01-01 09:40:15,3DPrinter,Normal,None,0.149,0.084,0.158,216.02,2.32,,215.14,52.43,0
2024-01-01 09:40:20,CNC,Attack,Malware,0.415,0.492,0.56,91.34,3.94,2535.79,,118.78,1
2024-01-01 09:40:25,3DPrinter,Attack,Data_Spoofing,0.49,0.486,0.53,272.06,3.94,,303.12,75.42,1
2024-01-01 09:40:30,CNC,Normal,None,0.154,0.062,0.197,68.28,1.86,1782.56,,76.43,0
2024-01-01 09:40:35,3DPrinter,Normal,None,0.148,0.148,0.12,213.88,1.53,,218.67,51.15,0
2024-01-01 09:40:40,3DPrinter,Attack,Data_Spoofing,0.544,0.476,0.573,284.44,4.0,,303.1,68.61,1
2024-01-01 09:40:45,3DPrinter,Normal,None,0.192,0.021,0.241,224.31,1.55,,208.59,48.09,0
2024-01-01 09:40:50,3DPrinter,Normal,None,0.097,0.139,0.132,225.57,1.78,,214.21,47.92,0
2024-01-01 09:40:55,CNC,Normal,None,0.15,0.072,0.166,74.3,1.5,1719.98,,77.79,0
2024-01-01 09:41:00,3DPrinter,Attack,Malware,0.519,0.442,0.605,273.44,3.96,,298.97,70.48,1
2024-01-01 09:41:05,CNC,Attack,Parameter_Tamper,0.708,0.623,0.636,91.14,3.78,2490.38,,121.04,1
2024-01-01 09:41:10,3DPrinter,Attack,DoS,0.48,0.474,0.517,280.95,3.89,,301.84,69.52,1
2024-01-01 09:41:15,3DPrinter,Normal,None,0.115,0.086,0.135,222.06,2.27,,200.71,48.48,0
2024-01-01 09:41:20,CNC,Normal,None,0.264,0.087,0.233,70.36,1.57,1826.13,,80.75,0
2024-01-01 09:41:25,CNC,Normal,None,0.261,0.036,0.251,69.51,2.68,1751.98,,81.08,0
2024-01-01 09:41:30,CNC,Normal,None,0.145,0.087,0.242,66.01,2.52,1882.87,,85.51,0
2024-01-01 09:41:35,CNC,Normal,None,0.183,0.152,0.088,75.54,2.6,1787.9,,82.91,0
2024-01-01 09:41:40,CNC,Normal,None,0.152,0.002,0.082,69.19,2.16,1850.58,,79.18,0
2024-01-01 09:41:45,3DPrinter,Normal,None,0.162,0.212,0.2,219.0,1.68,,215.15,55.95,0
2024-01-01 09:41:50,3DPrinter,Normal,None,0.064,0.139,0.112,218.01,1.91,,215.25,48.6,0
2024-01-01 09:41:55,CNC,Attack,DoS,0.568,0.607,0.736,85.42,3.56,2582.01,,118.13,1
2024-01-01 09:42:00,CNC,Attack,Parameter_Tamper,0.556,0.429,0.649,89.95,3.42,2591.79,,119.79,1
2024-01-01 09:42:05,CNC,Attack,Data_Spoofing,0.543,0.597,0.702,88.12,2.98,2536.08,,120.29,1
2024-01-01 09:42:10,3DPrinter,Normal,None,0.141,0.137,0.254,216.33,1.52,,205.27,53.66,0
2024-01-01 09:42:15,3DPrinter,Normal,None,0.115,0.144,0.145,215.07,1.96,,220.78,48.86,0
2024-01-01 09:42:20,CNC,Normal,None,0.149,0.03,0.081,69.88,2.57,1968.23,,79.26,0
2024-01-01 09:42:25,3DPrinter,Normal,None,0.114,0.193,0.07,212.34,1.88,,215.75,45.28,0
2024-01-01 09:42:30,3DPrinter,Attack,Data_Spoofing,0.517,0.529,0.482,273.03,3.95,,300.32,68.94,1
2024-01-01 09:42:35,CNC,Normal,None,0.352,0.18,0.137,63.41,2.71,1819.02,,78.48,0
2024-01-01 09:42:40,3DPrinter,Attack,Data_Spoofing,0.511,0.571,0.649,272.97,3.49,,303.98,74.1,1
2024-01-01 09:42:45,CNC,Normal,None,0.164,0.211,0.078,73.08,1.94,1836.24,,77.96,0
2024-01-01 09:42:50,3DPrinter,Normal,None,0.059,0.17,0.169,213.28,1.88,,210.02,48.65,0
2024-01-01 09:42:55,CNC,Normal,None,-0.023,0.119,0.112,69.8,1.64,1792.38,,85.99,0
2024-01-01 09:43:00,CNC,Normal,None,0.187,0.082,0.211,65.61,2.14,1652.62,,78.82,0
2024-01-01 09:43:05,3DPrinter,Attack,Malware,0.535,0.506,0.584,280.96,4.46,,302.1,73.91,1
2024-01-01 09:43:10,3DPrinter,Normal,None,0.217,0.243,0.213,217.55,1.86,,208.65,48.78,0
2024-01-01 09:43:15,CNC,Normal,None,0.172,0.075,0.179,70.56,2.36,1697.27,,73.6,0
2024-01-01 09:43:20,3DPrinter,Attack,Malware,0.583,0.499,0.537,267.82,3.5,,296.71,72.28,1
2024-01-01 09:43:25,3DPrinter,Normal,None,0.188,0.026,0.064,219.91,1.89,,212.42,49.09,0
2024-01-01 09:43:30,3DPrinter,Normal,None,0.108,0.13,0.168,219.26,1.27,,215.05,52.24,0
2024-01-01 09:43:35,3DPrinter,Normal,None,0.161,0.149,0.14,222.71,1.56,,217.79,52.98,0
2024-01-01 09:43:40,3DPrinter,Normal,None,0.207,0.063,0.12,213.02,1.78,,212.24,46.04,0
2024-01-01 09:43:45,CNC,Attack,DoS,0.627,0.527,0.667,90.31,3.81,2424.94,,118.8,1
2024-01-01 09:43:50,3DPrinter,Normal,None,0.223,0.12,0.161,215.34,1.45,,203.58,48.74,0
2024-01-01 09:43:55,3DPrinter,Attack,DoS,0.603,0.471,0.525,284.62,4.12,,295.93,66.5,1
2024-01-01 09:44:00,CNC,Normal,None,0.222,0.101,0.123,71.21,2.81,1779.96,,84.72,0
2024-01-01 09:44:05,3DPrinter,Normal,None,0.078,0.066,0.157,217.71,2.11,,213.87,48.51,0
2024-01-01 09:44:10,CNC,Normal,None,0.065,0.049,0.194,69.25,2.29,1981.56,,78.82,0
2024-01-01 09:44:15,3DPrinter,Normal,None,0.182,-0.076,0.154,212.88,1.74,,208.49,54.76,0
2024-01-01 09:44:20,CNC,Attack,Malware,0.661,0.471,0.662,91.4,3.85,2514.94,,124.81,1
2024-01-01 09:44:25,CNC,Normal,None,0.062,0.032,0.174,70.58,2.87,1643.5,,77.6,0
2024-01-01 09:44:30,CNC,Attack,Data_Spoofing,0.581,0.575,0.75,91.11,3.87,2495.27,,115.41,1
2024-01-01 09:44:35,CNC,Normal,None,0.165,0.205,0.195,76.92,1.79,1882.26,,74.75,0
2024-01-01 09:44:40,CNC,Attack,Parameter_Tamper,0.489,0.578,0.648,91.84,3.4,2446.5,,122.66,1
2024-01-01 09:44:45,3DPrinter,Normal,None,0.125,0.113,0.15,220.57,1.8,,204.55,53.33,0
2024-01-01 09:44:50,3DPrinter,Attack,Data_Spoofing,0.471,0.496,0.529,277.3,3.25,,294.8,67.48,1
2024-01-01 09:44:55,CNC,Attack,Parameter_Tamper,0.562,0.479,0.593,88.63,3.66,2716.55,,124.22,1
2024-01-01 09:45:00,CNC,Attack,Parameter_Tamper,0.518,0.621,0.736,86.57,3.33,2438.96,,114.34,1
2024-01-01 09:45:05,3DPrinter,Normal,None,0.111,0.133,0.153,215.86,2.01,,206.8,49.53,0
2024-01-01 09:45:10,CNC,Normal,None,0.221,0.18,0.117,66.7,2.82,1824.67,,81.59,0
2024-01-01 09:45:15,3DPrinter,Normal,None,0.172,0.147,0.086,220.58,1.79,,211.61,50.35,0
2024-01-01 09:45:20,CNC,Normal,None,0.152,0.198,0.262,70.24,1.73,1550.65,,79.85,0
2024-01-01 09:45:25,CNC,Normal,None,0.198,0.062,0.28,70.14,2.1,1680.08,,81.79,0
2024-01-01 09:45:30,CNC,Normal,None,0.148,0.151,0.101,68.65,2.92,1889.64,,76.17,0
2024-01-01 09:45:35,CNC,Normal,None,0.241,0.13,0.106,68.67,2.09,1961.29,,83.79,0
2024-01-01 09:45:40,3DPrinter,Normal,None,0.148,0.177,0.119,216.43,2.13,,217.9,55.89,0
2024-01-01 09:45:45,CNC,Normal,None,0.203,0.155,0.228,67.85,2.52,1865.44,,81.16,0
2024-01-01 09:45:50,3DPrinter,Normal,None,0.186,0.165,0.146,216.74,1.78,,210.24,50.73,0
2024-01-01 09:45:55,CNC,Normal,None,0.112,0.143,0.124,67.5,2.11,1868.83,,82.19,0
2024-01-01 09:46:00,3DPrinter,Normal,None,0.108,0.086,0.171,221.79,1.42,,217.89,47.72,0
2024-01-01 09:46:05,CNC,Normal,None,0.171,0.1,0.286,76.07,2.93,1780.7,,72.87,0
2024-01-01 09:46:10,3DPrinter,Normal,None,0.209,0.1,0.25,214.83,1.7,,212.7,51.41,0
2024-01-01 09:46:15,CNC,Normal,None,0.162,0.167,0.088,71.95,2.37,1692.93,,76.86,0
2024-01-01 09:46:20,CNC,Normal,None,0.19,0.197,0.155,75.16,2.91,1830.77,,82.81,0
2024-01-01 09:46:25,3DPrinter,Attack,Data_Spoofing,0.455,0.526,0.523,288.37,3.73,,294.94,64.72,1
2024-01-01 09:46:30,3DPrinter,Normal,None,0.182,0.071,0.13,223.76,1.63,,205.77,44.6,0
2024-01-01 09:46:35,3DPrinter,Normal,None,0.131,0.192,0.15,223.31,1.35,,215.97,53.9,0
2024-01-01 09:46:40,CNC,Normal,None,0.25,0.108,0.106,73.36,2.27,1714.92,,79.41,0
2024-01-01 09:46:45,CNC,Attack,Parameter_Tamper,0.571,0.62,0.595,87.46,4.13,2592.19,,123.41,1
2024-01-01 09:46:50,3DPrinter,Normal,None,0.155,0.046,0.151,223.27,1.96,,205.31,55.66,0
2024-01-01 09:46:55,3DPrinter,Attack,Malware,0.425,0.518,0.553,283.83,4.44,,301.23,69.23,1
2024-01-01 09:47:00,CNC,Attack,Data_Spoofing,0.597,0.471,0.711,87.54,3.52,2543.26,,119.43,1
2024-01-01 09:47:05,3DPrinter,Attack,Parameter_Tamper,0.508,0.351,0.525,278.48,3.91,,303.09,75.96,1
2024-01-01 09:47:10,CNC,Normal,None,0.241,0.21,0.166,67.98,2.31,1856.61,,81.05,0
2024-01-01 09:47:15,CNC,Normal,None,0.266,0.093,0.083,66.69,2.37,1777.74,,73.27,0
2024-01-01 09:47:20,CNC,Normal,None,0.232,0.151,0.216,73.58,2.05,2064.68,,78.62,0
2024-01-01 09:47:25,CNC,Attack,DoS,0.585,0.519,0.572,92.96,3.98,2591.78,,118.76,1
2024-01-01 09:47:30,3DPrinter,Normal,None,0.106,0.098,0.078,229.27,2.21,,212.98,56.45,0
2024-01-01 09:47:35,CNC,Attack,Parameter_Tamper,0.654,0.482,0.553,92.31,4.4,2456.12,,115.44,1
2024-01-01 09:47:40,3DPrinter,Normal,None,0.088,0.104,0.142,220.39,2.4,,208.96,50.83,0
2024-01-01 09:47:45,3DPrinter,Attack,Malware,0.419,0.345,0.516,275.71,3.84,,302.81,69.68,1
2024-01-01 09:47:50,3DPrinter,Attack,DoS,0.602,0.439,0.638,270.21,4.04,,298.33,68.4,1
2024-01-01 09:47:55,CNC,Normal,None,0.226,0.315,0.126,72.1,1.56,1772.04,,79.49,0
2024-01-01 09:48:00,CNC,Normal,None,0.189,0.128,0.154,71.54,1.73,1804.23,,75.44,0
2024-01-01 09:48:05,CNC,Normal,None,0.191,0.08,0.141,66.84,2.01,1680.66,,72.67,0
2024-01-01 09:48:10,CNC,Normal,None,0.224,0.156,0.072,68.78,2.48,1755.15,,74.33,0
2024-01-01 09:48:15,3DPrinter,Normal,None,0.263,0.033,0.12,220.17,1.54,,207.72,45.78,0
2024-01-01 09:48:20,3DPrinter,Attack,Parameter_Tamper,0.397,0.467,0.58,277.07,3.83,,311.29,68.03,1
2024-01-01 09:48:25,3DPrinter,Attack,Malware,0.444,0.326,0.575,287.6,4.03,,294.84,68.46,1
2024-01-01 09:48:30,CNC,Normal,None,0.267,0.208,0.139,72.64,3.0,1694.56,,82.22,0
2024-01-01 09:48:35,CNC,Normal,None,0.319,0.192,0.203,68.11,3.37,1672.29,,75.67,0
2024-01-01 09:48:40,CNC,Attack,DoS,0.645,0.63,0.561,90.2,3.78,2520.34,,119.94,1
2024-01-01 09:48:45,CNC,Attack,DoS,0.531,0.527,0.69,90.82,4.21,2629.15,,121.23,1
2024-01-01 09:48:50,3DPrinter,Attack,Malware,0.507,0.498,0.428,279.98,3.83,,300.73,73.28,1
2024-01-01 09:48:55,CNC,Normal,None,0.181,0.187,0.152,64.26,1.81,1889.65,,69.04,0
2024-01-01 09:49:00,3DPrinter,Normal,None,0.139,0.19,0.147,226.66,2.17,,203.63,51.38,0
2024-01-01 09:49:05,CNC,Normal,None,0.301,0.103,0.103,72.87,1.72,1710.62,,75.58,0
2024-01-01 09:49:10,CNC,Normal,None,0.204,0.122,0.152,67.49,2.34,1905.05,,77.43,0
2024-01-01 09:49:15,CNC,Attack,DoS,0.482,0.517,0.686,94.87,3.59,2366.76,,122.53,1
2024-01-01 09:49:20,3DPrinter,Normal,None,0.134,0.128,0.1,222.92,1.53,,210.13,49.32,0
2024-01-01 09:49:25,3DPrinter,Attack,Parameter_Tamper,0.531,0.428,0.548,280.2,4.27,,302.96,69.53,1
2024-01-01 09:49:30,CNC,Normal,None,0.156,0.205,0.178,66.15,2.73,1876.7,,84.01,0
2024-01-01 09:49:35,CNC,Normal,None,0.208,0.164,0.156,73.13,2.29,1812.15,,81.26,0
2024-01-01 09:49:40,CNC,Normal,None,0.142,0.104,0.1,66.79,1.78,1614.82,,81.71,0
2024-01-01 09:49:45,3DPrinter,Normal,None,0.249,0.174,0.162,229.54,1.51,,219.44,47.1,0
2024-01-01 09:49:50,3DPrinter,Normal,None,0.167,0.122,0.179,220.17,1.64,,210.46,45.22,0
2024-01-01 09:49:55,CNC,Normal,None,0.223,0.1,0.217,68.04,2.57,1922.27,,73.33,0
2024-01-01 09:50:00,3DPrinter,Normal,None,0.192,0.126,0.094,228.4,1.73,,211.41,51.88,0
2024-01-01 09:50:05,3DPrinter,Normal,None,0.153,0.146,0.193,216.13,1.64,,219.48,49.55,0
2024-01-01 09:50:10,3DPrinter,Normal,None,0.087,0.1,0.087,217.71,1.75,,207.97,45.71,0
2024-01-01 09:50:15,3DPrinter,Normal,None,0.141,0.151,0.106,224.44,2.22,,213.91,49.35,0
2024-01-01 09:50:20,CNC,Attack,Parameter_Tamper,0.564,0.508,0.588,90.17,4.59,2346.03,,111.77,1
2024-01-01 09:50:25,CNC,Normal,None,0.199,0.115,0.169,70.26,1.91,1824.53,,75.03,0
2024-01-01 09:50:30,3DPrinter,Attack,Data_Spoofing,0.53,0.396,0.571,274.09,4.53,,294.94,67.61,1
2024-01-01 09:50:35,CNC,Normal,None,0.077,0.163,0.12,70.43,2.43,1896.06,,83.17,0
2024-01-01 09:50:40,CNC,Normal,None,0.093,0.09,0.168,66.6,2.63,2027.93,,78.82,0
2024-01-01 09:50:45,3DPrinter,Normal,None,0.117,0.059,0.119,229.06,1.97,,197.54,53.65,0
2024-01-01 09:50:50,CNC,Normal,None,0.149,0.178,0.222,72.43,1.52,1732.57,,76.4,0
2024-01-01 09:50:55,CNC,Normal,None,0.175,0.136,0.154,73.6,2.21,1757.84,,84.18,0
2024-01-01 09:51:00,CNC,Normal,None,0.299,0.279,0.009,70.34,3.37,1847.88,,80.07,0
2024-01-01 09:51:05,CNC,Attack,Malware,0.692,0.624,0.678,90.04,3.79,2404.56,,122.03,1
2024-01-01 09:51:10,CNC,Normal,None,0.045,0.113,0.227,71.39,1.8,1609.61,,79.43,0
2024-01-01 09:51:15,3DPrinter,Normal,None,0.196,0.201,0.107,218.41,1.64,,209.56,48.25,0
2024-01-01 09:51:20,CNC,Attack,Malware,0.674,0.616,0.568,93.75,3.92,2379.33,,127.04,1
2024-01-01 09:51:25,3DPrinter,Normal,None,0.144,0.057,0.091,216.57,1.55,,208.66,47.87,0
2024-01-01 09:51:30,CNC,Normal,None,0.221,0.088,0.243,66.32,2.45,1964.33,,79.29,0
2024-01-01 09:51:35,CNC,Normal,None,0.194,0.165,0.078,67.02,2.66,1990.06,,81.57,0
2024-01-01 09:51:40,3DPrinter,Normal,None,0.171,0.147,0.149,216.94,1.9,,202.35,45.18,0
2024-01-01 09:51:45,CNC,Normal,None,0.129,0.069,0.166,66.74,1.93,1729.42,,78.96,0
2024-01-01 09:51:50,CNC,Normal,None,0.193,0.037,0.187,73.32,2.46,2015.77,,72.25,0
2024-01-01 09:51:55,3DPrinter,Normal,None,0.156,0.145,0.083,215.19,1.8,,209.52,45.76,0
2024-01-01 09:52:00,3DPrinter,Attack,Parameter_Tamper,0.592,0.483,0.591,270.66,4.6,,296.72,69.97,1
2024-01-01 09:52:05,3DPrinter,Normal,None,0.117,0.131,0.136,217.18,1.52,,215.65,50.09,0
2024-01-01 09:52:10,CNC,Normal,None,0.224,0.17,0.097,65.24,2.62,1755.1,,79.67,0
2024-01-01 09:52:15,3DPrinter,Normal,None,0.14,0.029,0.233,213.03,1.86,,210.35,41.57,0
2024-01-01 09:52:20,3DPrinter,Attack,DoS,0.53,0.43,0.498,275.66,3.54,,293.68,65.58,1
2024-01-01 09:52:25,3DPrinter,Normal,None,0.098,0.134,0.127,219.49,2.21,,207.81,51.83,0
2024-01-01 09:52:30,3DPrinter,Normal,None,0.111,0.231,0.185,220.76,1.82,,211.45,49.39,0
2024-01-01 09:52:35,3DPrinter,Normal,None,0.156,0.096,0.221,210.76,1.64,,203.96,51.24,0
2024-01-01 09:52:40,CNC,Normal,None,0.1,0.09,0.174,66.13,1.95,1797.43,,75.16,0
2024-01-01 09:52:45,CNC,Normal,None,0.28,0.081,0.071,72.48,2.33,1839.87,,78.52,0
2024-01-01 09:52:50,CNC,Normal,None,0.124,0.135,0.199,68.6,2.51,1839.27,,77.67,0
2024-01-01 09:52:55,3DPrinter,Attack,Parameter_Tamper,0.556,0.407,0.491,280.91,3.44,,302.31,69.67,1
2024-01-01 09:53:00,3DPrinter,Normal,None,0.175,0.14,0.04,214.69,1.9,,211.0,47.63,0
2024-01-01 09:53:05,CNC,Attack,Parameter_Tamper,0.652,0.64,0.518,88.74,3.98,2545.72,,125.41,1
2024-01-01 09:53:10,3DPrinter,Attack,Data_Spoofing,0.485,0.389,0.526,274.45,4.23,,306.1,72.75,1
2024-01-01 09:53:15,3DPrinter,Attack,Malware,0.624,0.433,0.474,281.55,3.67,,296.03,66.43,1
2024-01-01 09:53:20,CNC,Normal,None,0.132,0.266,0.189,72.31,2.25,1781.84,,80.06,0
2024-01-01 09:53:25,CNC,Normal,None,0.197,0.115,0.053,69.34,2.29,1761.24,,73.34,0
2024-01-01 09:53:30,CNC,Attack,Data_Spoofing,0.646,0.537,0.633,87.71,3.41,2573.99,,116.03,1
2024-01-01 09:53:35,CNC,Normal,None,0.212,0.238,0.177,72.85,1.51,1867.76,,79.97,0
2024-01-01 09:53:40,CNC,Attack,Malware,0.487,0.72,0.641,90.67,3.56,2343.11,,117.89,1
2024-01-01 09:53:45,CNC,Attack,Parameter_Tamper,0.574,0.627,0.662,88.41,4.12,2416.75,,120.38,1
2024-01-01 09:53:50,3DPrinter,Attack,Data_Spoofing,0.417,0.375,0.531,270.64,3.79,,293.16,71.46,1
2024-01-01 09:53:55,CNC,Normal,None,0.211,0.215,0.154,72.05,1.77,1937.8,,88.59,0
2024-01-01 09:54:00,CNC,Attack,Data_Spoofing,0.58,0.498,0.745,90.5,4.05,2440.98,,115.04,1
2024-01-01 09:54:05,CNC,Attack,Malware,0.572,0.552,0.587,89.45,3.58,2617.48,,128.46,1
2024-01-01 09:54:10,3DPrinter,Normal,None,0.077,0.101,0.17,219.7,1.78,,210.36,57.56,0
2024-01-01 09:54:15,CNC,Attack,Malware,0.725,0.536,0.512,90.08,3.83,2563.9,,117.17,1
2024-01-01 09:54:20,CNC,Normal,None,0.126,0.087,0.214,69.57,2.15,1903.29,,85.25,0
2024-01-01 09:54:25,CNC,Normal,None,0.031,0.104,0.122,67.05,0.91,1950.83,,76.0,0
2024-01-01 09:54:30,CNC,Normal,None,0.287,-0.004,0.137,72.2,2.19,1688.63,,78.09,0
2024-01-01 09:54:35,CNC,Normal,None,0.201,0.007,0.149,70.98,2.64,1575.15,,75.5,0
2024-01-01 09:54:40,3DPrinter,Normal,None,0.213,0.183,0.163,223.16,2.45,,205.19,50.4,0
2024-01-01 09:54:45,CNC,Normal,None,0.318,0.196,0.3,73.71,2.83,1887.87,,85.39,0
2024-01-01 09:54:50,CNC,Normal,None,0.143,0.273,0.304,74.09,2.17,1824.44,,74.9,0
2024-01-01 09:54:55,CNC,Normal,None,0.148,0.088,0.217,74.74,2.57,1905.74,,79.68,0
2024-01-01 09:55:00,3DPrinter,Normal,None,0.178,0.105,0.132,220.83,1.18,,214.73,49.64,0
2024-01-01 09:55:05,CNC,Normal,None,0.249,0.143,0.246,68.3,2.41,1829.01,,80.18,0
2024-01-01 09:55:10,3DPrinter,Normal,None,0.148,0.193,0.161,214.59,1.51,,206.29,53.0,0
2024-01-01 09:55:15,CNC,Normal,None,0.241,0.071,0.156,65.28,2.35,1688.48,,78.89,0
2024-01-01 09:55:20,3DPrinter,Attack,Malware,0.491,0.439,0.564,272.85,3.8,,305.18,69.78,1
2024-01-01 09:55:25,CNC,Attack,Malware,0.541,0.502,0.602,88.35,3.56,2372.04,,115.5,1
2024-01-01 09:55:30,CNC,Attack,Data_Spoofing,0.648,0.612,0.625,91.05,3.64,2563.36,,120.93,1
2024-01-01 09:55:35,3DPrinter,Normal,None,0.119,0.106,0.108,215.68,2.01,,208.98,48.84,0
2024-01-01 09:55:40,CNC,Normal,None,0.132,0.098,0.033,72.37,2.02,1846.21,,78.74,0
2024-01-01 09:55:45,CNC,Normal,None,0.178,0.136,0.263,70.53,1.88,1728.87,,82.38,0
2024-01-01 09:55:50,3DPrinter,Normal,None,0.178,0.153,0.153,221.07,1.76,,213.25,54.19,0
2024-01-01 09:55:55,3DPrinter,Normal,None,0.167,0.053,0.096,215.75,1.58,,207.59,50.73,0
2024-01-01 09:56:00,3DPrinter,Attack,Data_Spoofing,0.446,0.492,0.585,273.22,4.14,,301.68,72.51,1
2024-01-01 09:56:05,3DPrinter,Attack,Data_Spoofing,0.508,0.449,0.576,278.32,4.08,,292.45,67.94,1
2024-01-01 09:56:10,3DPrinter,Normal,None,0.161,0.107,0.157,213.95,1.54,,205.64,56.51,0
2024-01-01 09:56:15,3DPrinter,Normal,None,0.142,0.093,0.105,219.63,1.9,,202.82,51.65,0
2024-01-01 09:56:20,3DPrinter,Normal,None,0.031,0.083,0.161,216.01,1.92,,210.53,49.58,0
2024-01-01 09:56:25,CNC,Attack,Malware,0.689,0.552,0.574,87.69,3.6,2395.43,,119.16,1
2024-01-01 09:56:30,CNC,Normal,None,0.301,-0.03,0.177,70.13,2.09,1747.08,,80.27,0
2024-01-01 09:56:35,3DPrinter,Normal,None,0.203,0.064,0.088,223.44,1.7,,214.59,53.63,0
2024-01-01 09:56:40,3DPrinter,Attack,DoS,0.534,0.379,0.624,278.95,4.31,,293.12,69.28,1
2024-01-01 09:56:45,3DPrinter,Normal,None,0.197,0.012,0.151,221.75,1.84,,195.13,46.2,0
2024-01-01 09:56:50,CNC,Normal,None,0.161,0.109,0.177,71.76,2.64,1875.6,,78.01,0
2024-01-01 09:56:55,CNC,Attack,Parameter_Tamper,0.657,0.678,0.685,87.09,3.9,2575.25,,117.65,1
2024-01-01 09:57:00,3DPrinter,Normal,None,0.153,0.182,0.175,218.99,1.97,,207.83,50.72,0
2024-01-01 09:57:05,CNC,Attack,Malware,0.525,0.667,0.637,91.87,4.12,2490.27,,123.12,1
2024-01-01 09:57:10,CNC,Normal,None,0.193,0.061,0.037,73.39,2.22,1821.0,,82.22,0
2024-01-01 09:57:15,3DPrinter,Attack,DoS,0.451,0.504,0.539,277.67,3.78,,299.72,69.76,1
2024-01-01 09:57:20,3DPrinter,Normal,None,0.205,-0.004,0.117,221.13,2.31,,204.32,46.08,0
2024-01-01 09:57:25,3DPrinter,Normal,None,0.107,0.158,0.186,220.62,2.28,,211.08,45.75,0
2024-01-01 09:57:30,3DPrinter,Attack,Parameter_Tamper,0.508,0.461,0.571,273.66,3.93,,299.1,68.55,1
2024-01-01 09:57:35,3DPrinter,Normal,None,0.184,0.114,0.162,220.82,1.58,,207.47,46.6,0
2024-01-01 09:57:40,3DPrinter,Attack,Parameter_Tamper,0.54,0.443,0.424,279.74,3.95,,300.51,70.76,1
2024-01-01 09:57:45,CNC,Normal,None,0.132,0.241,0.043,71.16,2.2,1882.65,,77.02,0
2024-01-01 09:57:50,3DPrinter,Normal,None,0.165,0.103,0.096,213.45,1.93,,203.07,53.93,0
2024-01-01 09:57:55,CNC,Normal,None,0.092,0.229,0.137,69.11,2.38,1947.45,,81.63,0
2024-01-01 09:58:00,3DPrinter,Normal,None,0.183,-0.005,0.159,214.84,1.62,,208.86,54.67,0
2024-01-01 09:58:05,3DPrinter,Normal,None,0.098,0.147,0.119,226.62,1.79,,211.1,49.87,0
2024-01-01 09:58:10,CNC,Attack,DoS,0.601,0.587,0.764,89.5,4.22,2438.64,,120.91,1
2024-01-01 09:58:15,CNC,Normal,None,0.079,0.179,0.146,71.11,1.8,1703.42,,80.95,0
2024-01-01 09:58:20,CNC,Normal,None,0.088,0.159,0.118,68.35,2.85,1770.36,,82.35,0
2024-01-01 09:58:25,CNC,Normal,None,0.184,0.171,0.155,73.28,2.59,1841.34,,80.22,0
2024-01-01 09:58:30,CNC,Normal,None,0.202,0.184,0.097,73.04,2.6,1730.38,,82.18,0
2024-01-01 09:58:35,3DPrinter,Normal,None,0.062,0.138,0.198,220.9,1.4,,205.2,46.45,0
2024-01-01 09:58:40,CNC,Normal,None,0.184,0.128,0.262,66.15,2.75,1686.24,,83.68,0
2024-01-01 09:58:45,CNC,Normal,None,0.257,0.051,0.224,69.78,2.04,1677.63,,70.09,0
2024-01-01 09:58:50,3DPrinter,Attack,DoS,0.445,0.393,0.558,278.03,3.42,,304.32,71.0,1
2024-01-01 09:58:55,CNC,Normal,None,0.309,0.299,0.173,66.19,2.59,1789.2,,79.55,0
2024-01-01 09:59:00,3DPrinter,Normal,None,0.138,0.17,0.166,216.67,2.11,,211.51,50.81,0
2024-01-01 09:59:05,CNC,Normal,None,0.144,-0.096,0.129,72.29,2.04,1753.38,,75.83,0
2024-01-01 09:59:10,CNC,Attack,Data_Spoofing,0.574,0.604,0.597,90.46,3.64,2475.64,,123.03,1
2024-01-01 09:59:15,3DPrinter,Normal,None,0.131,0.024,0.229,222.42,1.79,,214.53,45.64,0
2024-01-01 09:59:20,CNC,Normal,None,0.179,0.09,0.215,72.77,1.71,2049.82,,81.11,0
2024-01-01 09:59:25,CNC,Attack,Data_Spoofing,0.628,0.585,0.728,93.31,3.75,2564.19,,118.47,1
2024-01-01 09:59:30,3DPrinter,Normal,None,0.126,0.087,0.235,219.46,1.79,,211.42,57.81,0
2024-01-01 09:59:35,CNC,Normal,None,0.332,0.122,0.161,70.91,1.96,1819.26,,79.42,0
2024-01-01 09:59:40,CNC,Attack,Malware,0.605,0.426,0.682,88.53,4.41,2460.5,,118.19,1
2024-01-01 09:59:45,3DPrinter,Attack,Parameter_Tamper,0.577,0.515,0.546,281.07,3.97,,306.19,69.23,1
2024-01-01 09:59:50,3DPrinter,Normal,None,0.177,0.158,0.14,210.31,1.43,,208.55,46.59,0
2024-01-01 09:59:55,3DPrinter,Normal,None,0.124,0.118,0.072,221.58,2.21,,211.4,52.43,0
2024-01-01 10:00:00,3DPrinter,Normal,None,0.12,0.218,0.117,221.0,1.91,,212.44,52.39,0
2024-01-01 10:00:05,CNC,Normal,None,0.127,0.19,0.214,75.67,2.2,1842.62,,76.08,0
2024-01-01 10:00:10,CNC,Normal,None,0.173,0.047,0.095,71.21,1.99,1744.16,,76.94,0
2024-01-01 10:00:15,3DPrinter,Normal,None,0.113,0.081,0.237,223.68,2.08,,215.89,55.5,0
2024-01-01 10:00:20,3DPrinter,Attack,Malware,0.489,0.497,0.478,275.43,3.76,,294.71,70.26,1
2024-01-01 10:00:25,CNC,Attack,Data_Spoofing,0.635,0.499,0.498,87.02,3.58,2475.29,,115.48,1
2024-01-01 10:00:30,CNC,Normal,None,0.116,0.117,0.04,69.02,1.91,1773.75,,81.2,0
2024-01-01 10:00:35,CNC,Normal,None,0.177,0.203,0.188,69.79,1.88,1838.05,,82.76,0
2024-01-01 10:00:40,CNC,Attack,Malware,0.656,0.553,0.674,90.97,3.32,2606.89,,113.32,1
2024-01-01 10:00:45,3DPrinter,Normal,None,0.186,0.137,0.157,222.54,2.13,,202.88,47.08,0
2024-01-01 10:00:50,CNC,Normal,None,0.185,0.302,0.215,70.15,1.92,1788.92,,80.6,0
2024-01-01 10:00:55,CNC,Normal,None,0.283,0.148,0.128,69.18,2.74,1938.45,,81.01,0
2024-01-01 10:01:00,3DPrinter,Normal,None,0.177,0.053,0.209,223.81,1.9,,210.44,55.98,0
2024-01-01 10:01:05,3DPrinter,Normal,None,0.172,0.186,0.111,215.69,1.83,,208.87,51.95,0
2024-01-01 10:01:10,3DPrinter,Attack,Parameter_Tamper,0.598,0.413,0.486,274.25,3.67,,298.82,68.6,1
2024-01-01 10:01:15,CNC,Normal,None,0.252,0.139,0.228,71.75,2.22,1847.88,,79.89,0
2024-01-01 10:01:20,3DPrinter,Normal,None,0.091,0.095,0.156,217.38,1.58,,213.91,46.15,0
2024-01-01 10:01:25,CNC,Attack,Malware,0.524,0.453,0.679,91.58,2.84,2416.57,,117.24,1
2024-01-01 10:01:30,3DPrinter,Normal,None,0.136,0.122,0.104,219.25,1.65,,209.5,48.64,0
2024-01-01 10:01:35,CNC,Normal,None,0.217,0.167,0.2,67.69,2.81,1768.54,,86.12,0
2024-01-01 10:01:40,CNC,Normal,None,0.293,0.118,0.124,70.08,2.6,1791.71,,82.37,0
2024-01-01 10:01:45,3DPrinter,Normal,None,0.141,0.108,0.123,214.23,1.69,,193.39,48.23,0
2024-01-01 10:01:50,3DPrinter,Attack,Data_Spoofing,0.571,0.433,0.549,272.65,3.67,,291.61,73.23,1
2024-01-01 10:01:55,CNC,Normal,None,0.148,0.166,0.161,69.94,1.91,1745.6,,81.71,0
2024-01-01 10:02:00,3DPrinter,Normal,None,0.176,0.101,0.08,213.96,1.43,,211.9,48.09,0
2024-01-01 10:02:05,CNC,Normal,None,0.065,0.311,0.203,75.75,2.53,1725.82,,78.47,0
2024-01-01 10:02:10,CNC,Attack,Parameter_Tamper,0.568,0.596,0.647,82.22,4.63,2543.32,,119.79,1
2024-01-01 10:02:15,CNC,Attack,Data_Spoofing,0.55,0.469,0.639,88.61,4.37,2617.11,,120.43,1
2024-01-01 10:02:20,3DPrinter,Normal,None,0.093,0.123,0.135,212.42,1.79,,207.09,54.24,0
2024-01-01 10:02:25,3DPrinter,Normal,None,0.129,0.079,0.149,221.13,2.19,,216.31,49.83,0
2024-01-01 10:02:30,CNC,Attack,Malware,0.575,0.535,0.713,87.69,3.96,2551.03,,120.98,1
2024-01-01 10:02:35,3DPrinter,Attack,DoS,0.615,0.505,0.532,285.93,4.32,,305.04,70.28,1
2024-01-01 10:02:40,3DPrinter,Normal,None,0.215,0.092,0.19,219.91,1.43,,202.74,49.73,0
2024-01-01 10:02:45,3DPrinter,Normal,None,0.2,0.059,0.094,215.9,1.9,,211.45,51.18,0
2024-01-01 10:02:50,3DPrinter,Normal,None,0.192,0.2,0.111,215.92,2.3,,206.23,51.52,0
2024-01-01 10:02:55,3DPrinter,Attack,Malware,0.609,0.481,0.618,276.79,4.33,,301.38,72.74,1
2024-01-01 10:03:00,CNC,Attack,DoS,0.497,0.567,0.498,92.14,3.71,2690.56,,121.96,1
2024-01-01 10:03:05,3DPrinter,Normal,None,0.196,0.142,0.165,222.11,1.2,,210.59,46.65,0
2024-01-01 10:03:10,CNC,Normal,None,0.322,0.19,0.158,62.61,1.99,1847.47,,77.96,0
2024-01-01 10:03:15,3DPrinter,Attack,Parameter_Tamper,0.571,0.429,0.551,277.04,4.1,,297.31,71.41,1
2024-01-01 10:03:20,3DPrinter,Normal,None,0.205,0.099,0.166,217.37,1.48,,212.78,47.76,0
2024-01-01 10:03:25,CNC,Normal,None,0.152,0.18,0.079,77.0,2.72,1801.26,,83.47,0
2024-01-01 10:03:30,3DPrinter,Normal,None,0.063,0.109,0.134,216.93,1.82,,206.78,51.0,0
2024-01-01 10:03:35,CNC,Normal,None,0.046,0.102,0.085,67.59,2.29,1671.85,,77.0,0
2024-01-01 10:03:40,CNC,Attack,DoS,0.618,0.628,0.704,90.11,3.98,2696.0,,123.22,1
2024-01-01 10:03:45,CNC,Normal,None,0.159,0.118,0.253,69.5,1.81,2017.73,,72.7,0
2024-01-01 10:03:50,CNC,Normal,None,0.189,0.041,-0.007,74.41,2.24,1955.57,,85.99,0
2024-01-01 10:03:55,3DPrinter,Normal,None,0.187,0.169,0.149,219.75,1.72,,208.95,51.83,0
2024-01-01 10:04:00,CNC,Normal,None,0.174,0.217,0.248,70.16,1.84,1890.27,,79.94,0
2024-01-01 10:04:05,CNC,Attack,DoS,0.574,0.565,0.719,94.47,3.68,2526.7,,126.71,1
2024-01-01 10:04:10,3DPrinter,Normal,None,0.146,0.159,0.208,212.83,1.48,,213.23,48.48,0
2024-01-01 10:04:15,3DPrinter,Normal,None,0.191,0.197,0.109,220.51,1.57,,214.21,48.38,0
2024-01-01 10:04:20,3DPrinter,Normal,None,0.166,-0.068,0.165,212.71,1.24,,200.06,43.76,0
2024-01-01 10:04:25,CNC,Normal,None,0.2,0.063,0.093,67.03,2.09,1995.19,,80.31,0
2024-01-01 10:04:30,CNC,Normal,None,0.165,0.236,0.256,70.25,2.89,1737.83,,72.18,0
2024-01-01 10:04:35,3DPrinter,Attack,DoS,0.422,0.425,0.499,276.85,3.63,,302.14,65.63,1
2024-01-01 10:04:40,3DPrinter,Attack,Parameter_Tamper,0.471,0.511,0.551,280.67,4.34,,298.29,72.75,1
2024-01-01 10:04:45,3DPrinter,Normal,None,0.192,0.176,0.135,230.01,1.81,,215.7,50.88,0
2024-01-01 10:04:50,CNC,Normal,None,0.11,0.154,0.237,72.72,2.24,1773.19,,76.02,0
2024-01-01 10:04:55,CNC,Normal,None,0.164,0.115,0.069,74.3,1.92,1852.93,,85.42,0
2024-01-01 10:05:00,3DPrinter,Normal,None,0.16,0.143,0.158,213.32,1.07,,204.92,49.54,0
2024-01-01 10:05:05,3DPrinter,Normal,None,0.198,0.103,0.238,213.87,1.84,,209.91,49.65,0
2024-01-01 10:05:10,CNC,Normal,None,0.226,0.077,0.145,74.06,1.99,1800.73,,79.58,0
2024-01-01 10:05:15,CNC,Normal,None,0.167,0.185,0.263,67.22,2.1,1740.06,,84.94,0
2024-01-01 10:05:20,CNC,Attack,Parameter_Tamper,0.72,0.557,0.72,99.2,3.87,2490.32,,115.73,1
2024-01-01 10:05:25,CNC,Normal,None,0.172,0.141,0.084,64.22,2.49,1857.91,,81.87,0
2024-01-01 10:05:30,CNC,Normal,None,0.174,0.253,0.138,69.25,1.84,1761.66,,73.07,0
2024-01-01 10:05:35,3DPrinter,Normal,None,0.044,0.063,0.152,216.72,2.13,,218.02,52.04,0
2024-01-01 10:05:40,3DPrinter,Attack,Malware,0.518,0.506,0.554,267.76,4.13,,301.6,69.27,1
2024-01-01 10:05:45,3DPrinter,Attack,Data_Spoofing,0.458,0.357,0.512,288.65,3.55,,300.0,70.1,1
2024-01-01 10:05:50,CNC,Normal,None,0.297,0.294,0.206,67.06,1.85,1887.58,,85.33,0
2024-01-01 10:05:55,3DPrinter,Normal,None,0.118,0.152,0.175,224.45,1.93,,210.6,51.99,0
2024-01-01 10:06:00,3DPrinter,Normal,None,0.221,0.092,0.087,222.47,1.84,,208.36,49.99,0
2024-01-01 10:06:05,3DPrinter,Attack,DoS,0.416,0.409,0.556,277.25,3.81,,302.17,65.19,1
2024-01-01 10:06:10,CNC,Normal,None,0.257,0.133,0.163,73.6,1.84,1861.17,,75.53,0
2024-01-01 10:06:15,CNC,Attack,Parameter_Tamper,0.665,0.555,0.642,93.1,3.28,2271.68,,119.15,1
2024-01-01 10:06:20,CNC,Normal,None,0.193,0.191,0.128,73.64,2.64,1791.64,,83.92,0
2024-01-01 10:06:25,3DPrinter,Normal,None,0.029,0.141,0.089,223.12,2.29,,209.14,46.61,0
2024-01-01 10:06:30,3DPrinter,Normal,None,0.205,0.119,0.137,220.23,1.78,,214.94,48.14,0
2024-01-01 10:06:35,CNC,Normal,None,0.209,0.115,0.053,69.42,2.08,1829.92,,77.51,0
2024-01-01 10:06:40,CNC,Normal,None,0.11,0.163,0.199,66.01,1.96,1803.0,,77.61,0
2024-01-01 10:06:45,3DPrinter,Normal,None,0.139,0.102,0.242,215.44,1.72,,208.06,49.26,0
2024-01-01 10:06:50,CNC,Attack,Data_Spoofing,0.619,0.478,0.568,87.98,3.54,2712.08,,126.21,1
2024-01-01 10:06:55,3DPrinter,Normal,None,0.067,0.147,0.05,216.55,1.78,,211.27,46.06,0
2024-01-01 10:07:00,3DPrinter,Attack,Parameter_Tamper,0.587,0.366,0.571,277.18,4.12,,301.25,71.53,1
2024-01-01 10:07:05,3DPrinter,Attack,Data_Spoofing,0.549,0.457,0.519,277.52,4.02,,312.2,70.9,1
2024-01-01 10:07:10,3DPrinter,Normal,None,0.192,0.053,0.197,219.49,1.42,,205.76,47.17,0
2024-01-01 10:07:15,3DPrinter,Attack,DoS,0.454,0.418,0.633,284.92,4.24,,303.94,71.38,1
2024-01-01 10:07:20,3DPrinter,Attack,Parameter_Tamper,0.501,0.376,0.494,284.02,3.55,,303.07,67.97,1
2024-01-01 10:07:25,3DPrinter,Normal,None,0.054,0.1,-0.01,215.84,1.65,,216.92,51.19,0
2024-01-01 10:07:30,3DPrinter,Normal,None,0.165,0.097,0.152,219.49,1.51,,216.0,50.62,0
2024-01-01 10:07:35,3DPrinter,Normal,None,0.058,0.124,0.217,221.93,0.99,,211.31,45.65,0
2024-01-01 10:07:40,CNC,Attack,Parameter_Tamper,0.587,0.524,0.594,87.54,4.26,2455.83,,128.53,1
2024-01-01 10:07:45,3DPrinter,Normal,None,0.183,0.054,0.126,207.38,1.71,,213.21,52.16,0
2024-01-01 10:07:50,3DPrinter,Normal,None,0.207,0.126,0.142,216.52,2.14,,210.62,49.32,0
2024-01-01 10:07:55,3DPrinter,Normal,None,0.133,0.1,0.093,222.26,1.45,,209.64,52.51,0
2024-01-01 10:08:00,3DPrinter,Normal,None,0.04,0.083,0.061,229.99,1.33,,222.93,51.54,0
2024-01-01 10:08:05,CNC,Normal,None,0.144,0.095,0.219,70.06,1.99,1861.84,,77.09,0
2024-01-01 10:08:10,3DPrinter,Normal,None,0.175,0.094,0.209,225.81,1.88,,216.05,56.55,0
2024-01-01 10:08:15,CNC,Normal,None,0.142,0.17,0.078,69.63,2.17,1930.56,,77.15,0
2024-01-01 10:08:20,CNC,Normal,None,0.001,0.113,0.069,74.06,2.87,1565.59,,83.46,0
2024-01-01 10:08:25,3DPrinter,Attack,Malware,0.553,0.501,0.527,285.38,4.33,,305.41,68.02,1
2024-01-01 10:08:30,3DPrinter,Attack,Data_Spoofing,0.528,0.386,0.472,279.39,4.46,,294.07,70.53,1
2024-01-01 10:08:35,CNC,Attack,Malware,0.55,0.574,0.626,91.49,4.39,2570.48,,123.24,1
2024-01-01 10:08:40,CNC,Normal,None,0.163,0.164,0.303,72.26,1.92,1798.13,,80.53,0
2024-01-01 10:08:45,3DPrinter,Normal,None,0.183,0.183,0.145,215.96,1.78,,205.98,54.67,0
2024-01-01 10:08:50,3DPrinter,Normal,None,0.132,0.177,0.066,221.75,2.47,,209.13,49.39,0
2024-01-01 10:08:55,CNC,Attack,Parameter_Tamper,0.65,0.6,0.661,85.09,3.43,2485.01,,124.45,1
2024-01-01 10:09:00,3DPrinter,Normal,None,0.088,0.101,0.215,225.19,1.63,,209.92,52.91,0
2024-01-01 10:09:05,CNC,Attack,Parameter_Tamper,0.631,0.518,0.685,89.01,4.09,2516.97,,121.93,1
2024-01-01 10:09:10,CNC,Normal,None,0.164,0.025,0.122,72.56,1.43,1697.05,,80.55,0
2024-01-01 10:09:15,CNC,Normal,None,0.278,0.067,0.186,68.85,2.37,1795.71,,80.3,0
2024-01-01 10:09:20,CNC,Attack,Data_Spoofing,0.532,0.469,0.726,87.5,4.2,2514.85,,124.41,1
2024-01-01 10:09:25,CNC,Attack,Parameter_Tamper,0.523,0.528,0.574,83.38,3.69,2617.81,,115.5,1
2024-01-01 10:09:30,3DPrinter,Normal,None,0.167,0.128,0.24,225.88,2.04,,202.52,50.18,0
2024-01-01 10:09:35,CNC,Attack,Data_Spoofing,0.621,0.502,0.644,89.77,3.83,2752.45,,121.48,1
2024-01-01 10:09:40,3DPrinter,Normal,None,0.129,0.016,0.11,210.87,2.08,,200.23,45.79,0
2024-01-01 10:09:45,CNC,Normal,None,0.18,0.176,0.295,71.23,2.03,1657.19,,76.37,0
2024-01-01 10:09:50,3DPrinter,Attack,Parameter_Tamper,0.539,0.464,0.618,283.69,4.16,,306.64,70.05,1
2024-01-01 10:09:55,3DPrinter,Normal,None,0.111,0.137,0.224,213.45,1.94,,217.41,52.28,0
2024-01-01 10:10:00,CNC,Attack,Parameter_Tamper,0.624,0.572,0.634,88.19,3.79,2698.27,,120.92,1
2024-01-01 10:10:05,3DPrinter,Normal,None,0.083,0.181,0.118,218.15,1.78,,210.26,50.38,0
2024-01-01 10:10:10,CNC,Normal,None,0.193,0.174,0.192,71.77,2.04,1566.56,,77.65,0
2024-01-01 10:10:15,3DPrinter,Attack,Malware,0.456,0.465,0.577,275.7,3.98,,299.22,68.34,1
2024-01-01 10:10:20,3DPrinter,Normal,None,0.156,0.179,0.154,218.22,1.87,,219.19,47.37,0
2024-01-01 10:10:25,CNC,Normal,None,0.182,0.172,0.141,72.78,1.68,2036.83,,83.42,0
2024-01-01 10:10:30,3DPrinter,Normal,None,0.14,0.115,0.183,224.26,2.15,,216.87,49.88,0
2024-01-01 10:10:35,CNC,Normal,None,0.277,0.218,0.121,65.48,2.26,1739.53,,82.52,0
2024-01-01 10:10:40,CNC,Normal,None,0.186,0.029,0.098,68.62,2.62,1786.78,,84.02,0
2024-01-01 10:10:45,3DPrinter,Normal,None,0.159,0.134,0.08,230.28,1.66,,213.28,52.31,0
2024-01-01 10:10:50,3DPrinter,Attack,DoS,0.435,0.427,0.501,280.64,3.72,,296.65,67.3,1
2024-01-01 10:10:55,CNC,Normal,None,0.163,0.219,0.272,72.93,2.71,1765.54,,77.45,0
2024-01-01 10:11:00,CNC,Normal,None,0.214,0.187,0.119,66.69,2.24,1843.46,,77.45,0
2024-01-01 10:11:05,3DPrinter,Normal,None,0.191,0.154,0.192,222.76,2.37,,218.18,51.32,0
2024-01-01 10:11:10,3DPrinter,Normal,None,0.194,0.103,0.163,210.61,1.23,,201.43,51.17,0
2024-01-01 10:11:15,3DPrinter,Attack,Data_Spoofing,0.522,0.351,0.529,284.75,4.08,,294.02,62.71,1
2024-01-01 10:11:20,CNC,Attack,Data_Spoofing,0.538,0.669,0.654,88.75,3.7,2661.87,,123.65,1
2024-01-01 10:11:25,CNC,Normal,None,0.169,0.174,0.193,68.85,2.07,1727.17,,83.07,0
2024-01-01 10:11:30,CNC,Attack,DoS,0.557,0.449,0.546,87.24,3.79,2400.6,,125.99,1
2024-01-01 10:11:35,3DPrinter,Attack,Data_Spoofing,0.453,0.425,0.552,277.22,4.04,,307.7,72.91,1
2024-01-01 10:11:40,3DPrinter,Normal,None,0.121,0.167,0.18,220.83,2.09,,207.28,52.35,0
2024-01-01 10:11:45,CNC,Attack,Data_Spoofing,0.655,0.571,0.636,91.61,3.42,2415.53,,120.25,1
2024-01-01 10:11:50,3DPrinter,Normal,None,0.209,0.123,0.183,227.37,1.23,,209.81,49.31,0
2024-01-01 10:11:55,CNC,Normal,None,0.113,0.117,0.062,68.36,2.16,1922.86,,88.81,0
2024-01-01 10:12:00,3DPrinter,Normal,None,0.115,0.185,0.109,227.53,1.79,,206.74,47.83,0
2024-01-01 10:12:05,CNC,Normal,None,0.286,0.193,0.208,69.4,2.47,1572.68,,80.42,0
2024-01-01 10:12:10,CNC,Normal,None,0.126,0.225,0.026,65.72,2.38,1823.03,,78.6,0
2024-01-01 10:12:15,CNC,Attack,Parameter_Tamper,0.744,0.512,0.662,93.85,3.73,2404.51,,113.84,1
2024-01-01 10:12:20,CNC,Attack,Malware,0.633,0.617,0.611,88.97,3.98,2321.13,,121.86,1
2024-01-01 10:12:25,CNC,Normal,None,0.101,0.027,0.183,67.67,2.1,1830.93,,79.15,0
2024-01-01 10:12:30,CNC,Attack,Parameter_Tamper,0.646,0.566,0.629,90.27,3.35,2582.92,,126.47,1
2024-01-01 10:12:35,CNC,Normal,None,0.096,0.085,0.076,70.96,2.16,1780.44,,85.64,0
2024-01-01 10:12:40,3DPrinter,Normal,None,0.129,0.139,0.112,213.92,1.79,,204.71,51.54,0
2024-01-01 10:12:45,CNC,Normal,None,0.063,0.072,0.149,70.77,2.08,1771.0,,81.69,0
2024-01-01 10:12:50,CNC,Normal,None,0.19,0.1,0.101,74.3,2.67,1898.62,,81.24,0
2024-01-01 10:12:55,3DPrinter,Normal,None,0.169,0.109,0.12,222.67,1.27,,208.82,49.6,0
2024-01-01 10:13:00,CNC,Attack,Malware,0.57,0.422,0.668,89.05,4.16,2514.62,,122.82,1
2024-01-01 10:13:05,CNC,Attack,DoS,0.599,0.599,0.659,86.73,3.23,2510.65,,117.83,1
2024-01-01 10:13:10,3DPrinter,Attack,Data_Spoofing,0.473,0.471,0.486,278.89,3.71,,302.26,69.43,1
2024-01-01 10:13:15,3DPrinter,Normal,None,0.164,0.113,0.199,219.97,1.67,,202.37,51.66,0
2024-01-01 10:13:20,CNC,Normal,None,0.09,0.058,0.166,69.15,1.29,1994.7,,72.04,0
2024-01-01 10:13:25,CNC,Normal,None,0.182,0.086,0.206,66.79,2.73,1875.2,,80.08,0
2024-01-01 10:13:30,CNC,Normal,None,0.262,0.14,0.048,71.89,2.85,1707.36,,79.16,0
2024-01-01 10:13:35,3DPrinter,Normal,None,0.124,0.077,0.104,218.38,1.72,,206.75,47.73,0
2024-01-01 10:13:40,3DPrinter,Attack,Malware,0.538,0.484,0.473,277.03,4.38,,301.47,71.0,1
2024-01-01 10:13:45,3DPrinter,Attack,Parameter_Tamper,0.512,0.428,0.475,280.04,4.0,,294.39,65.65,1
2024-01-01 10:13:50,3DPrinter,Normal,None,0.187,0.104,0.136,218.21,1.77,,208.38,48.39,0
2024-01-01 10:13:55,CNC,Attack,Malware,0.55,0.433,0.617,86.79,3.91,2531.88,,113.36,1
2024-01-01 10:14:00,CNC,Normal,None,0.173,0.282,0.137,67.67,1.85,1754.84,,82.36,0
2024-01-01 10:14:05,CNC,Normal,None,0.229,0.091,0.164,74.26,2.31,1639.34,,82.02,0
2024-01-01 10:14:10,CNC,Normal,None,0.228,-0.008,-0.007,69.25,2.44,1834.82,,87.62,0
2024-01-01 10:14:15,CNC,Attack,Data_Spoofing,0.608,0.638,0.641,88.9,3.66,2585.84,,121.46,1
2024-01-01 10:14:20,CNC,Attack,Data_Spoofing,0.627,0.703,0.73,87.48,4.74,2568.93,,121.7,1
2024-01-01 10:14:25,3DPrinter,Normal,None,0.145,0.204,0.168,222.0,1.87,,207.58,49.91,0
2024-01-01 10:14:30,CNC,Attack,Data_Spoofing,0.59,0.444,0.653,87.85,3.61,2487.51,,115.76,1
2024-01-01 10:14:35,3DPrinter,Attack,DoS,0.419,0.461,0.478,289.65,3.97,,299.27,67.1,1
2024-01-01 10:14:40,3DPrinter,Attack,DoS,0.595,0.452,0.507,284.25,3.97,,305.26,71.24,1
2024-01-01 10:14:45,3DPrinter,Normal,None,0.134,0.135,0.221,225.99,1.66,,201.02,54.16,0
2024-01-01 10:14:50,CNC,Normal,None,0.155,0.205,0.206,70.64,2.29,1684.9,,83.07,0
2024-01-01 10:14:55,3DPrinter,Normal,None,0.189,0.187,0.173,222.37,1.98,,208.0,49.83,0
2024-01-01 10:15:00,3DPrinter,Normal,None,0.143,0.117,0.116,221.08,1.77,,209.09,51.47,0
2024-01-01 10:15:05,3DPrinter,Attack,Data_Spoofing,0.504,0.444,0.557,278.45,3.95,,292.07,71.07,1
2024-01-01 10:15:10,3DPrinter,Normal,None,0.163,0.18,0.157,224.43,1.78,,210.71,54.96,0
2024-01-01 10:15:15,3DPrinter,Normal,None,0.191,-0.003,0.133,225.86,1.77,,207.97,50.39,0
2024-01-01 10:15:20,CNC,Normal,None,0.157,-0.002,0.137,66.65,1.92,1683.43,,74.88,0
2024-01-01 10:15:25,CNC,Normal,None,0.11,0.176,0.226,68.14,1.67,2128.41,,83.13,0
2024-01-01 10:15:30,3DPrinter,Attack,Parameter_Tamper,0.539,0.439,0.63,278.09,3.21,,295.55,71.51,1
2024-01-01 10:15:35,CNC,Normal,None,0.191,0.045,0.145,67.12,2.18,1868.78,,83.98,0
2024-01-01 10:15:40,3DPrinter,Normal,None,0.249,0.207,0.175,211.62,1.26,,207.26,49.84,0
2024-01-01 10:15:45,3DPrinter,Normal,None,0.145,0.234,0.187,212.25,2.25,,215.97,49.16,0
2024-01-01 10:15:50,CNC,Normal,None,0.178,0.158,0.129,70.44,2.58,1841.21,,82.3,0
2024-01-01 10:15:55,3DPrinter,Normal,None,0.067,0.061,0.151,211.3,1.68,,212.11,47.53,0
2024-01-01 10:16:00,3DPrinter,Normal,None,0.163,0.152,0.181,229.96,2.35,,211.62,50.47,0
2024-01-01 10:16:05,CNC,Attack,Malware,0.563,0.599,0.701,89.54,3.93,2391.48,,125.08,1
2024-01-01 10:16:10,3DPrinter,Attack,Parameter_Tamper,0.5,0.402,0.459,276.22,3.73,,301.77,71.11,1
2024-01-01 10:16:15,3DPrinter,Normal,None,0.166,0.13,0.038,215.12,2.09,,212.24,55.24,0
2024-01-01 10:16:20,3DPrinter,Normal,None,0.146,0.157,0.14,228.7,1.32,,214.2,50.6,0
2024-01-01 10:16:25,3DPrinter,Normal,None,0.08,0.2,0.089,218.86,1.83,,205.2,44.73,0
2024-01-01 10:16:30,3DPrinter,Normal,None,0.126,0.205,0.078,221.96,2.33,,213.87,46.63,0
2024-01-01 10:16:35,3DPrinter,Attack,Data_Spoofing,0.423,0.46,0.582,277.27,4.14,,300.82,65.6,1
2024-01-01 10:16:40,CNC,Normal,None,0.082,0.204,0.201,71.67,1.67,1785.0,,78.44,0
2024-01-01 10:16:45,CNC,Normal,None,0.187,0.069,0.118,71.18,2.34,1715.69,,75.33,0
2024-01-01 10:16:50,CNC,Normal,None,0.18,0.203,0.092,75.37,1.66,1955.03,,84.8,0
2024-01-01 10:16:55,CNC,Normal,None,0.08,0.085,0.128,66.49,1.48,1871.84,,80.89,0
2024-01-01 10:17:00,3DPrinter,Normal,None,0.114,0.09,0.0,220.46,1.53,,214.05,52.82,0
2024-01-01 10:17:05,CNC,Attack,Parameter_Tamper,0.616,0.537,0.67,90.98,3.86,2549.45,,115.48,1
2024-01-01 10:17:10,CNC,Attack,Data_Spoofing,0.614,0.592,0.646,90.55,4.04,2292.57,,123.62,1
2024-01-01 10:17:15,3DPrinter,Attack,Malware,0.542,0.465,0.443,274.87,4.05,,300.68,69.33,1
2024-01-01 10:17:20,3DPrinter,Normal,None,0.151,0.149,0.05,225.0,1.68,,215.08,51.93,0
2024-01-01 10:17:25,3DPrinter,Normal,None,0.128,0.118,0.131,213.76,2.04,,206.74,49.7,0
2024-01-01 10:17:30,3DPrinter,Normal,None,0.125,0.194,0.099,219.2,1.66,,208.02,58.32,0
2024-01-01 10:17:35,CNC,Attack,Parameter_Tamper,0.479,0.562,0.601,95.22,4.94,2472.14,,121.41,1
2024-01-01 10:17:40,CNC,Normal,None,0.098,0.231,0.226,65.41,2.07,1679.39,,68.56,0
2024-01-01 10:17:45,CNC,Attack,DoS,0.514,0.644,0.676,85.56,2.91,2428.05,,117.5,1
2024-01-01 10:17:50,3DPrinter,Normal,None,0.135,0.153,0.206,224.8,1.9,,217.29,51.27,0
2024-01-01 10:17:55,3DPrinter,Normal,None,0.146,0.077,0.204,214.07,2.05,,214.1,47.08,0
2024-01-01 10:18:00,3DPrinter,Normal,None,0.093,0.165,0.08,230.59,1.32,,213.7,52.64,0
2024-01-01 10:18:05,CNC,Normal,None,0.223,0.212,0.071,73.27,2.62,1706.2,,86.39,0
2024-01-01 10:18:10,CNC,Normal,None,0.133,0.106,0.119,70.83,2.65,1770.6,,76.74,0
2024-01-01 10:18:15,CNC,Normal,None,0.237,0.177,0.099,66.16,2.17,1709.57,,83.16,0
2024-01-01 10:18:20,3DPrinter,Normal,None,0.065,0.147,0.198,217.75,1.56,,200.94,43.48,0
2024-01-01 10:18:25,3DPrinter,Attack,Data_Spoofing,0.536,0.446,0.524,287.71,3.63,,300.06,71.58,1
2024-01-01 10:18:30,3DPrinter,Attack,Parameter_Tamper,0.482,0.393,0.518,278.55,3.43,,296.07,68.88,1
2024-01-01 10:18:35,CNC,Attack,DoS,0.552,0.625,0.58,86.24,4.57,2434.2,,114.76,1
2024-01-01 10:18:40,3DPrinter,Normal,None,0.091,0.089,0.242,215.13,2.13,,209.86,46.56,0
2024-01-01 10:18:45,CNC,Attack,DoS,0.796,0.509,0.673,91.53,3.57,2516.63,,124.94,1
2024-01-01 10:18:50,3DPrinter,Normal,None,0.103,0.221,0.105,221.61,1.36,,215.18,49.08,0
2024-01-01 10:18:55,CNC,Normal,None,0.1,0.046,0.267,73.59,2.37,1795.43,,78.25,0
2024-01-01 10:19:00,3DPrinter,Attack,Data_Spoofing,0.603,0.481,0.563,280.04,4.0,,296.6,66.8,1
2024-01-01 10:19:05,3DPrinter,Attack,Parameter_Tamper,0.482,0.442,0.571,282.62,4.65,,302.32,73.45,1
2024-01-01 10:19:10,3DPrinter,Normal,None,0.189,0.162,0.186,220.11,1.82,,214.47,46.88,0
2024-01-01 10:19:15,CNC,Normal,None,0.096,0.16,0.192,72.1,2.38,1800.7,,77.46,0
2024-01-01 10:19:20,3DPrinter,Normal,None,0.25,0.146,0.117,225.74,1.73,,211.26,45.99,0
2024-01-01 10:19:25,3DPrinter,Attack,Parameter_Tamper,0.425,0.41,0.647,277.74,4.05,,302.26,66.59,1
2024-01-01 10:19:30,CNC,Normal,None,0.146,0.237,0.226,73.43,3.07,1910.07,,71.45,0
2024-01-01 10:19:35,CNC,Normal,None,0.203,0.01,0.217,68.36,1.8,1927.08,,81.31,0
2024-01-01 10:19:40,3DPrinter,Normal,None,0.148,0.166,0.125,233.72,1.94,,218.18,47.92,0
2024-01-01 10:19:45,3DPrinter,Normal,None,0.128,0.074,0.139,221.75,1.06,,215.27,48.52,0
2024-01-01 10:19:50,CNC,Normal,None,0.235,0.106,0.091,57.94,1.82,1762.79,,79.76,0
2024-01-01 10:19:55,3DPrinter,Attack,DoS,0.486,0.452,0.604,279.43,4.0,,297.0,71.29,1
2024-01-01 10:20:00,CNC,Attack,Data_Spoofing,0.513,0.596,0.677,86.85,3.92,2553.02,,124.1,1
2024-01-01 10:20:05,3DPrinter,Normal,None,0.061,0.057,0.234,212.28,2.15,,209.59,48.9,0
2024-01-01 10:20:10,CNC,Attack,Parameter_Tamper,0.55,0.565,0.626,91.69,3.48,2397.77,,125.26,1
2024-01-01 10:20:15,CNC,Normal,None,0.339,0.072,0.24,68.24,2.4,1865.44,,84.52,0
2024-01-01 10:20:20,3DPrinter,Normal,None,0.254,0.109,0.219,222.53,1.82,,211.68,55.09,0
2024-01-01 10:20:25,CNC,Normal,None,0.171,0.2,0.159,67.4,1.89,1748.2,,72.86,0
2024-01-01 10:20:30,CNC,Normal,None,0.279,0.036,0.215,72.64,3.18,1903.84,,83.82,0
2024-01-01 10:20:35,CNC,Attack,Data_Spoofing,0.626,0.767,0.652,90.43,4.3,2591.5,,120.15,1
2024-01-01 10:20:40,CNC,Attack,Parameter_Tamper,0.594,0.559,0.736,90.26,3.88,2475.04,,121.96,1
2024-01-01 10:20:45,CNC,Normal,None,0.145,0.132,0.063,73.17,2.77,1889.82,,79.35,0
2024-01-01 10:20:50,3DPrinter,Normal,None,0.114,0.12,0.21,220.65,1.84,,202.56,52.36,0
2024-01-01 10:20:55,CNC,Normal,None,0.125,0.232,0.221,63.51,2.57,1870.55,,81.02,0
2024-01-01 10:21:00,3DPrinter,Normal,None,0.103,0.042,0.102,219.42,0.58,,204.43,44.66,0
2024-01-01 10:21:05,CNC,Normal,None,0.26,0.103,0.167,67.28,2.03,1778.2,,79.06,0
2024-01-01 10:21:10,3DPrinter,Normal,None,0.155,0.166,0.184,222.67,1.89,,211.19,49.81,0
2024-01-01 10:21:15,3DPrinter,Attack,DoS,0.524,0.434,0.558,285.78,4.34,,298.8,72.3,1
2024-01-01 10:21:20,CNC,Normal,None,0.183,0.089,0.124,71.68,1.63,1813.31,,80.12,0
2024-01-01 10:21:25,3DPrinter,Normal,None,0.098,0.099,0.144,220.61,1.51,,208.01,50.23,0
2024-01-01 10:21:30,CNC,Normal,None,0.215,0.194,0.178,66.95,2.12,1807.8,,81.16,0
2024-01-01 10:21:35,3DPrinter,Attack,Parameter_Tamper,0.516,0.522,0.604,282.83,4.32,,294.59,65.49,1
2024-01-01 10:21:40,CNC,Attack,Malware,0.602,0.555,0.619,84.76,3.35,2409.35,,112.13,1
2024-01-01 10:21:45,3DPrinter,Normal,None,0.094,0.091,0.185,223.23,1.47,,213.41,50.87,0
2024-01-01 10:21:50,3DPrinter,Normal,None,0.153,0.179,0.102,221.14,1.36,,208.18,50.08,0
2024-01-01 10:21:55,3DPrinter,Attack,Malware,0.416,0.478,0.626,268.21,4.38,,300.28,71.31,1
2024-01-01 10:22:00,CNC,Normal,None,0.219,0.045,0.143,70.03,2.41,1885.62,,77.85,0
2024-01-01 10:22:05,CNC,Normal,None,0.194,0.085,0.126,63.84,1.91,1743.96,,79.3,0
2024-01-01 10:22:10,CNC,Attack,DoS,0.632,0.562,0.444,87.89,3.92,2489.09,,122.05,1
2024-01-01 10:22:15,3DPrinter,Normal,None,0.201,0.165,0.187,223.78,1.76,,207.39,47.76,0
2024-01-01 10:22:20,3DPrinter,Normal,None,0.175,0.182,0.095,217.52,1.32,,208.52,51.7,0
2024-01-01 10:22:25,3DPrinter,Normal,None,0.132,0.103,0.027,219.05,1.75,,208.88,48.12,0
2024-01-01 10:22:30,CNC,Attack,Parameter_Tamper,0.616,0.503,0.563,89.68,3.89,2483.13,,120.81,1
2024-01-01 10:22:35,CNC,Attack,DoS,0.654,0.608,0.736,91.58,4.17,2342.07,,120.82,1
2024-01-01 10:22:40,3DPrinter,Attack,DoS,0.407,0.438,0.581,284.79,3.62,,303.65,73.4,1
2024-01-01 10:22:45,CNC,Normal,None,0.223,0.066,0.092,69.85,1.89,1711.5,,80.42,0
2024-01-01 10:22:50,3DPrinter,Normal,None,0.169,0.023,0.203,225.03,1.88,,208.45,52.15,0
2024-01-01 10:22:55,CNC,Normal,None,0.203,-0.003,0.086,70.49,2.33,1708.82,,81.04,0
2024-01-01 10:23:00,CNC,Normal,None,0.199,0.102,0.096,72.98,2.09,1613.19,,83.39,0
2024-01-01 10:23:05,3DPrinter,Attack,Malware,0.478,0.387,0.608,265.9,4.25,,304.67,68.7,1
2024-01-01 10:23:10,CNC,Normal,None,0.2,0.323,0.056,70.36,2.02,1823.46,,87.01,0
2024-01-01 10:23:15,CNC,Attack,DoS,0.727,0.471,0.656,87.45,3.86,2414.09,,120.11,1
2024-01-01 10:23:20,3DPrinter,Normal,None,0.158,0.135,0.175,221.55,2.29,,220.96,48.79,0
2024-01-01 10:23:25,3DPrinter,Normal,None,0.199,0.042,0.19,212.47,1.92,,208.24,47.01,0
2024-01-01 10:23:30,CNC,Attack,Data_Spoofing,0.594,0.609,0.596,90.84,3.86,2587.71,,122.64,1
2024-01-01 10:23:35,3DPrinter,Normal,None,0.181,0.148,0.142,221.33,1.62,,205.87,52.28,0
2024-01-01 10:23:40,CNC,Normal,None,0.207,0.211,0.116,69.35,2.53,1892.67,,80.93,0
2024-01-01 10:23:45,CNC,Attack,Malware,0.629,0.6,0.745,92.65,3.74,2387.71,,126.67,1
2024-01-01 10:23:50,CNC,Normal,None,0.206,0.014,0.097,67.82,1.69,1810.61,,79.7,0
2024-01-01 10:23:55,3DPrinter,Normal,None,0.221,0.098,0.096,226.39,1.69,,206.38,52.12,0
2024-01-01 10:24:00,3DPrinter,Normal,None,0.154,0.15,0.188,223.14,2.09,,215.34,50.31,0
2024-01-01 10:24:05,3DPrinter,Normal,None,0.175,0.142,0.185,215.57,2.03,,204.97,48.9,0
2024-01-01 10:24:10,CNC,Normal,None,0.186,0.139,0.251,71.52,2.59,1751.04,,86.12,0
2024-01-01 10:24:15,CNC,Normal,None,0.243,0.287,0.213,72.37,2.27,1747.53,,83.04,0
2024-01-01 10:24:20,CNC,Normal,None,0.141,0.256,0.236,67.68,1.97,2013.51,,75.92,0
2024-01-01 10:24:25,CNC,Normal,None,0.13,0.182,0.1,68.19,1.37,1770.59,,75.65,0
2024-01-01 10:24:30,CNC,Normal,None,0.115,0.145,0.183,74.21,1.96,1961.78,,76.77,0
2024-01-01 10:24:35,3DPrinter,Normal,None,0.138,-0.028,0.207,223.6,1.96,,206.96,51.28,0
2024-01-01 10:24:40,CNC,Normal,None,0.196,0.105,0.092,69.07,2.33,1900.14,,78.98,0
2024-01-01 10:24:45,CNC,Normal,None,0.174,0.152,0.211,74.1,2.33,1710.93,,80.22,0
2024-01-01 10:24:50,3DPrinter,Normal,None,0.224,0.156,0.178,223.7,1.46,,213.24,54.15,0
2024-01-01 10:24:55,CNC,Attack,Data_Spoofing,0.566,0.555,0.593,86.83,3.51,2748.53,,120.54,1
2024-01-01 10:25:00,CNC,Normal,None,0.222,0.177,0.057,75.67,2.5,1610.97,,83.28,0
2024-01-01 10:25:05,3DPrinter,Normal,None,0.189,0.088,0.21,222.21,1.26,,206.26,44.65,0
2024-01-01 10:25:10,3DPrinter,Normal,None,0.154,0.178,0.075,216.44,1.93,,197.21,48.4,0
2024-01-01 10:25:15,CNC,Normal,None,0.204,0.034,0.069,73.85,2.01,1802.21,,71.82,0
2024-01-01 10:25:20,3DPrinter,Normal,None,0.188,0.073,0.035,229.26,1.62,,213.59,50.48,0
2024-01-01 10:25:25,CNC,Normal,None,0.25,0.152,0.174,74.33,2.43,1955.86,,71.23,0
2024-01-01 10:25:30,CNC,Normal,None,0.224,0.026,0.257,71.43,3.52,2008.07,,79.96,0
2024-01-01 10:25:35,CNC,Normal,None,0.305,0.125,0.221,68.94,2.23,1940.94,,80.08,0
2024-01-01 10:25:40,CNC,Normal,None,0.241,0.091,0.225,67.26,1.74,1838.16,,76.74,0
2024-01-01 10:25:45,CNC,Normal,None,0.135,0.204,0.236,67.99,2.52,1996.85,,77.25,0
2024-01-01 10:25:50,CNC,Normal,None,0.248,0.24,0.178,68.95,2.56,1928.18,,78.08,0
2024-01-01 10:25:55,CNC,Normal,None,0.13,0.075,0.107,71.56,2.66,1652.68,,81.41,0
2024-01-01 10:26:00,3DPrinter,Attack,Malware,0.527,0.421,0.518,276.91,3.66,,304.5,68.51,1
2024-01-01 10:26:05,CNC,Normal,None,0.258,0.206,0.217,70.02,1.59,1920.94,,77.33,0
2024-01-01 10:26:10,3DPrinter,Normal,None,0.226,0.113,0.179,215.98,1.67,,216.84,49.88,0
2024-01-01 10:26:15,CNC,Normal,None,0.191,0.212,0.218,72.1,2.65,1790.74,,72.52,0
2024-01-01 10:26:20,CNC,Normal,None,0.067,0.127,0.09,68.65,2.22,1882.72,,83.17,0
2024-01-01 10:26:25,3DPrinter,Normal,None,0.033,0.11,0.137,217.9,1.83,,209.81,47.48,0
2024-01-01 10:26:30,CNC,Normal,None,0.097,0.284,0.164,72.22,2.45,1831.03,,78.34,0
2024-01-01 10:26:35,CNC,Normal,None,0.142,0.143,0.08,67.7,1.49,1707.7,,80.38,0
2024-01-01 10:26:40,CNC,Normal,None,0.227,0.143,0.115,69.52,1.78,1767.18,,82.33,0
2024-01-01 10:26:45,CNC,Normal,None,0.087,0.302,0.108,69.05,2.18,1731.26,,84.39,0
2024-01-01 10:26:50,3DPrinter,Normal,None,0.07,0.064,0.138,219.43,1.9,,213.39,50.83,0
2024-01-01 10:26:55,CNC,Attack,Parameter_Tamper,0.524,0.494,0.682,88.79,4.1,2648.33,,109.58,1
2024-01-01 10:27:00,CNC,Attack,Parameter_Tamper,0.406,0.695,0.616,97.32,3.95,2479.73,,120.73,1
2024-01-01 10:27:05,CNC,Normal,None,0.13,0.276,0.164,70.86,2.09,1771.29,,75.83,0
2024-01-01 10:27:10,3DPrinter,Normal,None,0.249,0.146,0.177,220.35,2.61,,205.25,45.26,0
2024-01-01 10:27:15,3DPrinter,Attack,Data_Spoofing,0.584,0.461,0.484,282.49,4.08,,300.12,73.08,1
2024-01-01 10:27:20,3DPrinter,Normal,None,0.115,0.002,0.155,208.82,1.9,,217.3,49.95,0
2024-01-01 10:27:25,CNC,Attack,Data_Spoofing,0.613,0.548,0.752,90.44,4.25,2408.87,,119.18,1
2024-01-01 10:27:30,CNC,Normal,None,0.204,0.153,0.108,66.14,2.39,1715.01,,80.46,0
2024-01-01 10:27:35,CNC,Normal,None,0.206,0.08,0.168,72.02,2.81,1871.85,,81.16,0
2024-01-01 10:27:40,3DPrinter,Attack,Parameter_Tamper,0.501,0.458,0.545,275.13,4.0,,308.79,67.55,1
2024-01-01 10:27:45,CNC,Attack,Data_Spoofing,0.581,0.469,0.588,92.29,4.59,2638.24,,114.62,1
2024-01-01 10:27:50,CNC,Normal,None,0.135,0.189,0.191,68.39,1.85,1857.58,,77.23,0
2024-01-01 10:27:55,3DPrinter,Normal,None,0.205,0.121,0.087,219.75,1.73,,209.77,47.6,0
2024-01-01 10:28:00,CNC,Normal,None,0.139,0.135,0.251,67.91,2.77,1713.86,,75.57,0
2024-01-01 10:28:05,3DPrinter,Normal,None,0.056,0.125,0.12,205.44,1.37,,213.87,56.06,0
2024-01-01 10:28:10,CNC,Normal,None,0.206,0.179,-0.064,69.22,1.93,2011.24,,78.63,0
2024-01-01 10:28:15,CNC,Normal,None,0.178,0.233,0.157,70.55,1.48,1724.68,,78.82,0
2024-01-01 10:28:20,3DPrinter,Attack,Parameter_Tamper,0.455,0.515,0.57,272.4,3.88,,302.27,69.09,1
2024-01-01 10:28:25,CNC,Attack,Parameter_Tamper,0.61,0.343,0.613,87.4,3.94,2828.57,,122.78,1
2024-01-01 10:28:30,CNC,Normal,None,0.157,0.143,0.231,73.03,2.27,1702.38,,87.27,0
2024-01-01 10:28:35,3DPrinter,Normal,None,0.184,0.049,0.181,227.77,1.81,,206.66,51.08,0
2024-01-01 10:28:40,CNC,Normal,None,0.212,0.195,0.108,72.8,2.41,1772.6,,77.77,0
2024-01-01 10:28:45,3DPrinter,Normal,None,0.141,0.133,0.123,224.4,1.9,,208.42,50.69,0
2024-01-01 10:28:50,3DPrinter,Normal,None,0.129,0.191,0.172,222.04,1.26,,211.56,46.01,0
2024-01-01 10:28:55,3DPrinter,Normal,None,0.087,0.15,0.07,218.51,1.99,,212.08,48.84,0
2024-01-01 10:29:00,CNC,Attack,Data_Spoofing,0.609,0.47,0.621,97.14,3.32,2537.49,,128.48,1
2024-01-01 10:29:05,3DPrinter,Normal,None,0.136,0.094,0.236,213.78,1.48,,208.29,49.81,0
2024-01-01 10:29:10,CNC,Normal,None,0.151,0.209,0.118,68.87,2.75,1725.17,,82.48,0
2024-01-01 10:29:15,CNC,Normal,None,0.06,0.116,0.106,72.22,2.79,1911.76,,82.01,0
2024-01-01 10:29:20,CNC,Normal,None,0.097,0.164,0.124,74.21,2.43,1888.06,,77.85,0
2024-01-01 10:29:25,3DPrinter,Normal,None,0.191,0.185,0.101,220.62,1.57,,208.43,49.86,0
2024-01-01 10:29:30,3DPrinter,Normal,None,0.12,0.103,0.074,223.36,1.96,,208.52,43.0,0
2024-01-01 10:29:35,3DPrinter,Attack,Malware,0.464,0.558,0.5,285.42,3.78,,295.65,67.77,1
2024-01-01 10:29:40,3DPrinter,Attack,Data_Spoofing,0.428,0.44,0.498,284.97,4.17,,298.21,72.07,1
2024-01-01 10:29:45,CNC,Normal,None,0.076,0.298,0.125,68.7,2.42,1744.12,,82.68,0
2024-01-01 10:29:50,CNC,Normal,None,0.112,0.128,0.095,72.13,2.01,1691.93,,75.16,0
2024-01-01 10:29:55,CNC,Normal,None,0.229,0.139,0.141,65.53,2.04,1790.04,,77.49,0
2024-01-01 10:30:00,CNC,Attack,Data_Spoofing,0.65,0.58,0.637,85.02,3.27,2365.73,,121.93,1
2024-01-01 10:30:05,CNC,Attack,DoS,0.647,0.498,0.809,95.46,3.99,2613.89,,111.1,1
2024-01-01 10:30:10,CNC,Attack,DoS,0.564,0.492,0.678,88.58,3.85,2310.07,,117.88,1
2024-01-01 10:30:15,CNC,Attack,Parameter_Tamper,0.592,0.588,0.762,87.64,3.45,2232.0,,118.83,1
2024-01-01 10:30:20,3DPrinter,Normal,None,0.146,0.189,0.086,222.69,1.21,,211.8,54.52,0
2024-01-01 10:30:25,3DPrinter,Attack,Data_Spoofing,0.507,0.518,0.499,280.8,4.17,,302.21,67.4,1
2024-01-01 10:30:30,CNC,Normal,None,0.183,0.216,0.12,69.55,2.52,1776.4,,79.91,0
2024-01-01 10:30:35,CNC,Attack,Malware,0.572,0.458,0.515,86.61,4.76,2572.28,,120.75,1
2024-01-01 10:30:40,CNC,Normal,None,0.141,0.054,0.117,72.45,2.24,1867.56,,75.19,0
2024-01-01 10:30:45,3DPrinter,Attack,Parameter_Tamper,0.572,0.503,0.534,280.55,4.49,,294.79,70.61,1
2024-01-01 10:30:50,CNC,Attack,Parameter_Tamper,0.644,0.63,0.687,89.88,3.93,2585.48,,125.56,1
2024-01-01 10:30:55,3DPrinter,Normal,None,0.074,0.041,0.097,227.46,1.24,,201.97,48.54,0
2024-01-01 10:31:00,CNC,Attack,Parameter_Tamper,0.547,0.554,0.71,89.12,3.49,2613.5,,119.9,1
2024-01-01 10:31:05,CNC,Normal,None,0.167,0.239,0.173,69.03,2.65,1686.99,,79.1,0
2024-01-01 10:31:10,3DPrinter,Normal,None,0.122,0.129,0.154,228.52,1.86,,203.01,49.25,0
2024-01-01 10:31:15,CNC,Attack,DoS,0.509,0.468,0.641,87.5,4.04,2485.2,,126.84,1
2024-01-01 10:31:20,3DPrinter,Normal,None,0.173,0.159,0.226,221.71,2.2,,213.15,52.81,0
2024-01-01 10:31:25,3DPrinter,Attack,Malware,0.555,0.393,0.635,289.02,3.93,,298.15,71.84,1
2024-01-01 10:31:30,3DPrinter,Normal,None,0.157,0.156,0.166,214.9,1.56,,213.35,50.22,0
2024-01-01 10:31:35,3DPrinter,Attack,Data_Spoofing,0.553,0.427,0.541,271.27,3.95,,303.44,71.02,1
2024-01-01 10:31:40,3DPrinter,Normal,None,0.179,0.143,0.143,229.28,2.24,,214.6,52.27,0
2024-01-01 10:31:45,3DPrinter,Attack,Malware,0.47,0.543,0.534,284.21,4.37,,305.09,70.38,1
2024-01-01 10:31:50,CNC,Normal,None,0.242,0.171,0.194,71.38,1.92,1840.09,,82.99,0
2024-01-01 10:31:55,CNC,Normal,None,0.203,0.043,0.013,74.52,2.4,1860.67,,75.69,0
2024-01-01 10:32:00,3DPrinter,Normal,None,0.167,0.174,0.112,219.24,1.45,,216.03,55.9,0
2024-01-01 10:32:05,CNC,Attack,Data_Spoofing,0.576,0.536,0.739,85.85,3.56,2415.0,,118.88,1
2024-01-01 10:32:10,3DPrinter,Attack,Parameter_Tamper,0.448,0.46,0.583,269.68,3.84,,300.19,66.8,1
2024-01-01 10:32:15,CNC,Normal,None,0.197,0.243,0.059,69.0,1.92,1684.05,,78.88,0
2024-01-01 10:32:20,3DPrinter,Normal,None,0.068,0.126,0.132,215.67,1.87,,212.12,50.72,0
2024-01-01 10:32:25,3DPrinter,Attack,Parameter_Tamper,0.51,0.479,0.619,274.4,3.86,,308.82,69.23,1
2024-01-01 10:32:30,CNC,Normal,None,0.044,0.037,-0.001,70.24,2.42,1836.16,,78.84,0
2024-01-01 10:32:35,CNC,Attack,DoS,0.628,0.46,0.575,87.19,4.23,2485.25,,117.91,1
2024-01-01 10:32:40,3DPrinter,Attack,Data_Spoofing,0.555,0.377,0.612,284.26,3.95,,304.58,68.5,1
2024-01-01 10:32:45,CNC,Normal,None,0.115,0.214,0.111,73.59,2.55,1855.67,,82.45,0
2024-01-01 10:32:50,3DPrinter,Normal,None,0.166,0.118,0.072,221.59,2.11,,204.5,49.31,0
2024-01-01 10:32:55,3DPrinter,Normal,None,0.171,0.057,0.2,216.93,1.7,,217.25,46.63,0
2024-01-01 10:33:00,3DPrinter,Normal,None,0.172,0.045,0.215,221.7,2.03,,215.78,52.91,0
2024-01-01 10:33:05,CNC,Normal,None,0.171,0.133,0.141,74.99,2.42,1945.14,,81.02,0
2024-01-01 10:33:10,CNC,Normal,None,0.304,0.188,0.232,65.29,1.83,1942.97,,83.84,0
2024-01-01 10:33:15,3DPrinter,Attack,Parameter_Tamper,0.525,0.447,0.485,284.35,4.22,,296.62,72.12,1
2024-01-01 10:33:20,3DPrinter,Normal,None,0.226,0.149,0.106,218.44,1.5,,215.33,49.24,0
2024-01-01 10:33:25,CNC,Normal,None,0.163,0.018,0.24,72.91,1.69,1813.63,,76.39,0
2024-01-01 10:33:30,CNC,Normal,None,0.141,0.106,0.174,68.51,2.71,1785.99,,84.19,0
2024-01-01 10:33:35,CNC,Normal,None,0.127,0.024,0.107,74.34,2.3,1819.19,,88.53,0
2024-01-01 10:33:40,CNC,Normal,None,0.11,0.169,0.286,66.41,2.48,1904.86,,76.43,0
2024-01-01 10:33:45,CNC,Normal,None,0.211,0.136,0.099,70.49,2.65,1783.19,,80.6,0
2024-01-01 10:33:50,3DPrinter,Attack,Malware,0.394,0.409,0.612,279.27,3.86,,300.86,72.21,1
2024-01-01 10:33:55,CNC,Normal,None,0.273,0.15,0.151,75.47,1.82,1977.5,,80.13,0
2024-01-01 10:34:00,CNC,Normal,None,0.117,0.043,0.153,73.42,2.01,1738.35,,84.1,0
2024-01-01 10:34:05,3DPrinter,Normal,None,0.185,0.077,0.086,214.11,1.91,,211.55,47.95,0
2024-01-01 10:34:10,CNC,Attack,DoS,0.44,0.551,0.511,86.38,3.6,2373.22,,128.87,1
2024-01-01 10:34:15,3DPrinter,Normal,None,0.193,0.149,0.174,225.86,1.81,,213.98,52.15,0
2024-01-01 10:34:20,CNC,Attack,DoS,0.536,0.486,0.668,91.12,3.4,2535.85,,115.11,1
2024-01-01 10:34:25,3DPrinter,Normal,None,0.151,0.08,0.126,215.28,1.65,,209.18,51.21,0
2024-01-01 10:34:30,CNC,Normal,None,0.211,0.21,0.223,74.19,2.9,1895.79,,77.99,0
2024-01-01 10:34:35,3DPrinter,Normal,None,0.158,0.122,0.168,226.72,1.61,,208.41,50.05,0
2024-01-01 10:34:40,3DPrinter,Attack,Malware,0.463,0.476,0.5,279.45,3.51,,306.78,73.16,1
2024-01-01 10:34:45,3DPrinter,Normal,None,0.126,0.136,0.208,220.19,1.86,,215.91,45.37,0
2024-01-01 10:34:50,CNC,Normal,None,0.175,0.148,0.197,72.51,2.23,1850.64,,80.73,0
2024-01-01 10:34:55,CNC,Normal,None,0.125,0.104,0.066,64.95,2.73,1704.49,,78.7,0
2024-01-01 10:35:00,3DPrinter,Attack,Parameter_Tamper,0.539,0.493,0.501,291.03,3.88,,307.18,72.43,1
2024-01-01 10:35:05,CNC,Normal,None,0.113,0.095,0.026,69.34,1.66,1820.43,,75.25,0
2024-01-01 10:35:10,3DPrinter,Normal,None,0.122,0.088,0.12,230.36,1.47,,209.99,51.4,0
2024-01-01 10:35:15,CNC,Normal,None,0.265,0.222,0.127,67.17,2.27,1666.44,,77.36,0
2024-01-01 10:35:20,3DPrinter,Normal,None,0.139,0.179,0.184,219.28,2.3,,219.55,51.99,0
2024-01-01 10:35:25,3DPrinter,Normal,None,0.077,0.137,0.165,209.33,2.43,,207.12,47.2,0
2024-01-01 10:35:30,CNC,Attack,Malware,0.671,0.541,0.652,86.45,3.9,2719.28,,121.55,1
2024-01-01 10:35:35,3DPrinter,Normal,None,0.11,0.089,0.217,226.49,1.98,,219.14,56.7,0
2024-01-01 10:35:40,3DPrinter,Normal,None,0.208,0.007,0.186,219.56,2.23,,205.86,45.84,0
2024-01-01 10:35:45,CNC,Normal,None,0.142,0.125,0.123,71.79,2.18,1862.77,,78.84,0
2024-01-01 10:35:50,CNC,Normal,None,0.186,0.043,0.139,70.34,2.11,1650.72,,84.89,0
2024-01-01 10:35:55,3DPrinter,Normal,None,0.101,0.171,0.094,232.09,1.79,,216.23,46.53,0
2024-01-01 10:36:00,CNC,Normal,None,0.259,0.126,0.161,73.55,1.3,1783.98,,86.81,0
2024-01-01 10:36:05,3DPrinter,Attack,Parameter_Tamper,0.542,0.481,0.61,278.55,3.74,,304.14,72.41,1
2024-01-01 10:36:10,3DPrinter,Normal,None,0.09,0.121,0.097,218.01,1.57,,212.5,53.16,0
2024-01-01 10:36:15,3DPrinter,Normal,None,0.205,0.1,0.1,225.85,1.48,,206.54,51.73,0
2024-01-01 10:36:20,CNC,Attack,Parameter_Tamper,0.683,0.606,0.621,88.88,3.54,2370.82,,122.66,1
2024-01-01 10:36:25,CNC,Attack,Parameter_Tamper,0.658,0.475,0.718,91.68,3.01,2527.74,,116.91,1
2024-01-01 10:36:30,CNC,Normal,None,0.255,0.17,0.217,70.18,2.39,1669.98,,85.56,0
2024-01-01 10:36:35,CNC,Normal,None,0.146,0.201,0.159,66.15,1.97,1958.96,,85.54,0
2024-01-01 10:36:40,CNC,Normal,None,0.221,0.139,0.123,70.96,2.37,1822.65,,84.28,0
2024-01-01 10:36:45,3DPrinter,Attack,DoS,0.457,0.472,0.46,278.29,4.69,,301.87,71.1,1
2024-01-01 10:36:50,3DPrinter,Attack,Data_Spoofing,0.497,0.521,0.606,278.0,3.51,,299.68,66.54,1
2024-01-01 10:36:55,CNC,Normal,None,0.182,0.055,0.102,71.63,2.7,1848.29,,82.53,0
2024-01-01 10:37:00,3DPrinter,Normal,None,0.143,0.15,0.087,220.4,2.48,,214.07,49.74,0
2024-01-01 10:37:05,CNC,Attack,Data_Spoofing,0.619,0.631,0.64,90.09,3.2,2601.68,,122.51,1
2024-01-01 10:37:10,CNC,Normal,None,0.235,0.243,0.182,68.33,2.16,1685.7,,82.91,0
2024-01-01 10:37:15,3DPrinter,Attack,Parameter_Tamper,0.397,0.458,0.649,268.32,3.76,,297.99,72.58,1
2024-01-01 10:37:20,CNC,Normal,None,0.127,0.232,0.129,72.72,2.15,1805.51,,73.71,0
2024-01-01 10:37:25,3DPrinter,Attack,DoS,0.443,0.448,0.575,282.73,4.27,,301.06,68.75,1
2024-01-01 10:37:30,CNC,Normal,None,0.171,0.127,0.244,70.04,2.33,1899.68,,80.0,0
2024-01-01 10:37:35,CNC,Attack,DoS,0.655,0.428,0.625,89.4,4.1,2292.97,,120.16,1
2024-01-01 10:37:40,CNC,Normal,None,0.105,0.109,0.034,71.4,2.34,1751.35,,77.29,0
2024-01-01 10:37:45,3DPrinter,Normal,None,0.115,0.208,0.188,210.69,1.57,,211.21,50.97,0
2024-01-01 10:37:50,CNC,Normal,None,0.269,0.068,0.182,73.36,2.48,1879.53,,72.87,0
2024-01-01 10:37:55,3DPrinter,Attack,Data_Spoofing,0.534,0.482,0.517,282.52,4.14,,293.08,69.63,1
2024-01-01 10:38:00,CNC,Normal,None,0.216,0.163,0.095,71.19,2.99,1660.98,,82.92,0
2024-01-01 10:38:05,3DPrinter,Attack,Parameter_Tamper,0.543,0.46,0.502,283.36,4.1,,306.42,70.14,1
2024-01-01 10:38:10,CNC,Normal,None,0.072,0.106,0.191,73.51,2.19,1721.77,,79.16,0
2024-01-01 10:38:15,CNC,Normal,None,0.154,0.117,0.144,72.77,2.15,1902.37,,86.15,0
2024-01-01 10:38:20,3DPrinter,Attack,Parameter_Tamper,0.54,0.465,0.462,281.4,4.03,,305.15,71.7,1
2024-01-01 10:38:25,3DPrinter,Normal,None,0.144,0.128,0.19,224.44,1.91,,213.0,53.82,0
2024-01-01 10:38:30,3DPrinter,Attack,Data_Spoofing,0.391,0.404,0.523,282.25,3.5,,297.39,68.05,1
2024-01-01 10:38:35,CNC,Normal,None,0.188,0.087,0.201,72.17,1.94,1786.58,,76.51,0
2024-01-01 10:38:40,CNC,Normal,None,0.272,0.069,0.283,66.3,2.58,1752.42,,76.36,0
2024-01-01 10:38:45,3DPrinter,Attack,Data_Spoofing,0.566,0.432,0.455,295.7,3.96,,305.19,66.29,1
2024-01-01 10:38:50,3DPrinter,Normal,None,0.102,0.13,0.03,218.24,2.05,,209.91,49.0,0
2024-01-01 10:38:55,3DPrinter,Normal,None,0.149,0.146,0.17,211.7,1.83,,222.18,45.99,0
2024-01-01 10:39:00,3DPrinter,Attack,Malware,0.568,0.501,0.439,279.35,3.99,,306.84,69.96,1
2024-01-01 10:39:05,CNC,Normal,None,0.192,0.12,0.168,67.75,1.69,1795.87,,86.86,0
2024-01-01 10:39:10,3DPrinter,Normal,None,0.083,0.208,0.14,224.12,1.51,,213.56,52.39,0
2024-01-01 10:39:15,CNC,Attack,Malware,0.666,0.546,0.615,88.09,3.91,2562.89,,119.49,1
2024-01-01 10:39:20,CNC,Normal,None,0.223,0.255,0.194,70.0,1.76,1886.63,,79.37,0
2024-01-01 10:39:25,CNC,Attack,DoS,0.662,0.624,0.627,87.12,3.95,2389.53,,122.14,1
2024-01-01 10:39:30,3DPrinter,Normal,None,0.159,0.047,0.155,201.9,2.04,,204.48,47.14,0
2024-01-01 10:39:35,CNC,Attack,DoS,0.696,0.645,0.714,90.64,3.9,2469.61,,116.36,1
2024-01-01 10:39:40,CNC,Normal,None,0.244,0.167,0.145,66.72,2.11,1718.16,,84.75,0
2024-01-01 10:39:45,3DPrinter,Normal,None,0.155,0.083,0.098,226.18,1.66,,203.68,48.54,0
2024-01-01 10:39:50,3DPrinter,Normal,None,0.156,0.111,0.225,217.93,1.56,,212.02,51.26,0
2024-01-01 10:39:55,3DPrinter,Attack,Data_Spoofing,0.471,0.416,0.54,275.05,3.94,,303.42,70.4,1
2024-01-01 10:40:00,CNC,Normal,None,0.107,0.184,0.093,70.92,2.51,1809.87,,75.06,0
2024-01-01 10:40:05,3DPrinter,Normal,None,0.09,0.148,0.227,215.02,2.17,,210.22,45.99,0
2024-01-01 10:40:10,CNC,Normal,None,0.158,0.113,0.045,65.05,1.86,1755.5,,79.9,0
2024-01-01 10:40:15,CNC,Attack,Data_Spoofing,0.648,0.515,0.664,93.12,3.96,2487.87,,123.71,1
2024-01-01 10:40:20,CNC,Normal,None,0.155,0.051,0.022,67.99,1.21,1686.71,,82.18,0
2024-01-01 10:40:25,CNC,Normal,None,0.193,0.251,0.163,71.69,2.0,1820.79,,82.6,0
2024-01-01 10:40:30,CNC,Normal,None,0.191,0.155,0.133,70.96,2.36,1656.93,,83.39,0
2024-01-01 10:40:35,CNC,Normal,None,0.093,0.161,0.106,64.91,2.62,1620.37,,78.64,0
2024-01-01 10:40:40,3DPrinter,Normal,None,0.151,0.238,0.178,208.78,1.34,,203.51,44.73,0
2024-01-01 10:40:45,3DPrinter,Normal,None,0.136,0.18,0.15,221.72,2.15,,209.52,52.26,0
2024-01-01 10:40:50,CNC,Attack,Malware,0.529,0.494,0.557,94.5,3.21,2595.21,,114.16,1
2024-01-01 10:40:55,CNC,Normal,None,0.234,0.182,0.29,69.36,2.1,1861.04,,78.68,0
2024-01-01 10:41:00,CNC,Normal,None,0.183,0.197,0.118,70.99,1.84,1695.68,,78.7,0
2024-01-01 10:41:05,CNC,Normal,None,0.161,0.094,0.307,66.91,2.26,1859.25,,82.52,0
2024-01-01 10:41:10,CNC,Normal,None,0.135,0.128,0.207,72.48,2.11,1833.18,,74.68,0
2024-01-01 10:41:15,3DPrinter,Normal,None,0.141,0.087,0.142,221.79,2.33,,207.31,52.32,0
2024-01-01 10:41:20,3DPrinter,Attack,Parameter_Tamper,0.532,0.478,0.485,281.55,4.35,,304.92,70.08,1
2024-01-01 10:41:25,CNC,Normal,None,0.203,0.103,0.091,66.2,2.26,1950.77,,78.37,0
2024-01-01 10:41:30,3DPrinter,Attack,Parameter_Tamper,0.498,0.463,0.588,286.5,4.01,,291.69,73.92,1
2024-01-01 10:41:35,3DPrinter,Normal,None,0.076,0.078,0.114,201.82,2.43,,212.75,47.7,0
2024-01-01 10:41:40,CNC,Normal,None,0.141,0.068,0.277,71.41,3.29,1607.77,,80.83,0
2024-01-01 10:41:45,3DPrinter,Normal,None,0.174,0.23,0.172,220.63,1.95,,208.0,53.9,0
2024-01-01 10:41:50,CNC,Normal,None,0.099,0.132,0.226,68.86,2.1,1702.1,,83.05,0
2024-01-01 10:41:55,CNC,Attack,Malware,0.686,0.568,0.65,86.82,2.93,2511.32,,123.18,1
2024-01-01 10:42:00,CNC,Normal,None,0.069,0.018,0.166,71.3,2.76,1888.66,,82.54,0
2024-01-01 10:42:05,CNC,Normal,None,0.269,0.166,0.202,71.48,2.38,2070.09,,79.7,0
2024-01-01 10:42:10,3DPrinter,Normal,None,0.174,0.151,0.184,215.5,1.24,,212.58,53.59,0
2024-01-01 10:42:15,CNC,Normal,None,0.205,0.094,0.08,70.92,2.17,1854.29,,79.89,0
2024-01-01 10:42:20,CNC,Normal,None,0.125,0.146,0.126,69.24,2.31,1905.96,,81.17,0
2024-01-01 10:42:25,3DPrinter,Attack,DoS,0.531,0.563,0.558,277.25,4.8,,302.07,72.97,1
2024-01-01 10:42:30,3DPrinter,Attack,Parameter_Tamper,0.47,0.478,0.494,282.82,4.53,,304.11,73.59,1
2024-01-01 10:42:35,3DPrinter,Attack,DoS,0.481,0.474,0.564,276.97,3.92,,304.6,73.2,1
2024-01-01 10:42:40,3DPrinter,Normal,None,0.173,0.114,0.135,219.81,1.55,,215.95,52.89,0
2024-01-01 10:42:45,CNC,Normal,None,0.252,0.169,0.26,73.0,1.84,1781.0,,80.14,0
2024-01-01 10:42:50,CNC,Attack,DoS,0.676,0.559,0.64,93.01,2.74,2524.14,,123.78,1
2024-01-01 10:42:55,CNC,Attack,Data_Spoofing,0.592,0.57,0.583,92.02,4.09,2374.49,,114.14,1
2024-01-01 10:43:00,3DPrinter,Attack,Malware,0.64,0.45,0.597,283.64,3.79,,297.74,70.2,1
2024-01-01 10:43:05,3DPrinter,Normal,None,0.056,0.089,0.145,208.5,1.85,,197.84,53.26,0
2024-01-01 10:43:10,CNC,Normal,None,0.216,0.156,0.234,70.32,2.19,1692.84,,79.11,0
2024-01-01 10:43:15,3DPrinter,Normal,None,0.149,0.193,0.084,216.89,1.23,,217.55,49.26,0
2024-01-01 10:43:20,CNC,Normal,None,0.183,0.211,0.078,70.85,1.92,1725.77,,82.98,0
2024-01-01 10:43:25,CNC,Normal,None,0.172,0.097,0.103,74.55,1.63,1593.22,,75.39,0
2024-01-01 10:43:30,3DPrinter,Normal,None,0.141,0.114,0.127,216.68,2.02,,214.71,53.15,0
2024-01-01 10:43:35,CNC,Normal,None,0.203,0.123,0.225,65.29,1.54,1760.87,,76.44,0
2024-01-01 10:43:40,3DPrinter,Normal,None,0.131,0.163,0.157,215.68,1.81,,203.36,47.41,0
2024-01-01 10:43:45,3DPrinter,Normal,None,0.067,0.211,0.093,218.82,1.44,,203.26,54.64,0
2024-01-01 10:43:50,CNC,Normal,None,0.207,0.262,0.279,72.53,2.55,1846.46,,82.9,0
2024-01-01 10:43:55,CNC,Normal,None,0.201,0.014,0.082,72.66,2.55,1645.14,,83.18,0
2024-01-01 10:44:00,3DPrinter,Attack,Parameter_Tamper,0.571,0.463,0.519,274.25,3.12,,309.87,67.49,1
2024-01-01 10:44:05,3DPrinter,Normal,None,0.198,0.126,0.178,213.32,2.35,,211.54,51.4,0
2024-01-01 10:44:10,3DPrinter,Normal,None,0.187,0.115,0.237,219.78,1.83,,209.18,46.32,0
2024-01-01 10:44:15,3DPrinter,Normal,None,0.083,0.104,0.122,223.61,1.71,,216.97,47.54,0
2024-01-01 10:44:20,3DPrinter,Normal,None,0.125,0.247,0.215,218.76,1.88,,203.3,49.36,0
2024-01-01 10:44:25,CNC,Normal,None,0.138,0.134,0.287,70.3,2.86,1822.03,,78.45,0
2024-01-01 10:44:30,3DPrinter,Attack,Data_Spoofing,0.508,0.494,0.591,284.11,3.92,,298.59,69.38,1
2024-01-01 10:44:35,3DPrinter,Normal,None,0.125,0.167,0.195,229.19,1.93,,208.76,52.5,0
2024-01-01 10:44:40,CNC,Normal,None,0.139,0.149,0.255,67.86,2.35,1683.6,,83.67,0
2024-01-01 10:44:45,3DPrinter,Attack,DoS,0.467,0.457,0.627,284.36,3.82,,297.05,67.36,1
2024-01-01 10:44:50,CNC,Normal,None,0.264,0.218,0.09,75.39,1.17,1821.46,,74.86,0
2024-01-01 10:44:55,3DPrinter,Normal,None,0.169,0.05,0.116,222.14,1.72,,202.28,58.62,0
2024-01-01 10:45:00,CNC,Normal,None,0.201,0.223,0.129,67.65,2.98,1782.02,,80.87,0
2024-01-01 10:45:05,3DPrinter,Normal,None,0.07,0.175,0.132,219.57,2.13,,218.31,53.9,0
2024-01-01 10:45:10,CNC,Normal,None,0.177,0.136,0.243,73.75,1.68,1842.8,,87.02,0
2024-01-01 10:45:15,3DPrinter,Normal,None,0.118,0.096,0.174,223.48,1.86,,210.03,47.23,0
2024-01-01 10:45:20,3DPrinter,Normal,None,0.208,0.104,0.109,219.17,2.28,,206.68,51.71,0
2024-01-01 10:45:25,CNC,Normal,None,0.099,0.182,0.057,68.94,2.98,1912.2,,73.85,0
2024-01-01 10:45:30,3DPrinter,Attack,DoS,0.404,0.385,0.51,279.66,3.42,,303.0,69.72,1
2024-01-01 10:45:35,3DPrinter,Normal,None,0.098,0.076,0.129,211.21,1.89,,195.72,49.13,0
2024-01-01 10:45:40,CNC,Normal,None,0.13,0.167,0.159,76.3,2.09,1470.06,,71.86,0
2024-01-01 10:45:45,CNC,Normal,None,0.096,0.275,0.18,67.45,2.79,1620.44,,75.08,0
2024-01-01 10:45:50,CNC,Normal,None,0.248,0.132,0.203,70.91,2.34,1810.45,,81.13,0
2024-01-01 10:45:55,3DPrinter,Normal,None,0.152,0.126,0.066,213.28,2.12,,208.47,51.75,0
2024-01-01 10:46:00,CNC,Normal,None,0.087,0.026,0.176,68.93,2.55,1768.96,,70.39,0
2024-01-01 10:46:05,3DPrinter,Normal,None,0.172,0.173,0.065,221.15,1.57,,220.71,54.32,0
2024-01-01 10:46:10,3DPrinter,Normal,None,0.105,0.133,0.093,238.89,1.84,,206.93,51.82,0
2024-01-01 10:46:15,3DPrinter,Normal,None,0.188,0.101,0.185,232.64,1.69,,214.01,47.76,0
2024-01-01 10:46:20,3DPrinter,Normal,None,0.152,0.109,0.07,219.8,1.91,,200.9,53.21,0
2024-01-01 10:46:25,3DPrinter,Attack,Parameter_Tamper,0.464,0.507,0.524,267.45,3.99,,300.09,72.17,1
2024-01-01 10:46:30,CNC,Normal,None,0.097,0.2,0.194,69.4,2.58,1852.1,,81.31,0
2024-01-01 10:46:35,3DPrinter,Attack,Data_Spoofing,0.414,0.405,0.526,267.85,4.07,,300.13,70.57,1
2024-01-01 10:46:40,CNC,Attack,Parameter_Tamper,0.63,0.604,0.589,85.27,3.1,2523.11,,123.95,1
2024-01-01 10:46:45,3DPrinter,Attack,DoS,0.546,0.487,0.595,283.47,3.37,,305.97,74.58,1
2024-01-01 10:46:50,3DPrinter,Attack,Data_Spoofing,0.489,0.417,0.469,277.78,3.93,,298.93,69.66,1
2024-01-01 10:46:55,3DPrinter,Normal,None,0.035,0.081,0.167,223.41,2.51,,215.63,50.73,0
2024-01-01 10:47:00,CNC,Normal,None,0.119,0.205,0.209,70.65,1.78,1731.67,,72.67,0
2024-01-01 10:47:05,CNC,Attack,Parameter_Tamper,0.551,0.572,0.679,87.15,3.83,2409.04,,125.56,1
2024-01-01 10:47:10,CNC,Normal,None,0.148,0.207,0.19,69.04,2.09,1870.32,,84.04,0
2024-01-01 10:47:15,3DPrinter,Attack,Data_Spoofing,0.408,0.457,0.517,284.54,3.75,,303.97,67.38,1
2024-01-01 10:47:20,CNC,Attack,DoS,0.658,0.482,0.614,93.36,3.94,2505.62,,118.99,1
2024-01-01 10:47:25,3DPrinter,Normal,None,0.213,0.081,0.115,205.78,1.38,,213.13,50.09,0
2024-01-01 10:47:30,CNC,Normal,None,0.112,0.159,0.144,72.96,3.61,1833.86,,82.42,0
2024-01-01 10:47:35,3DPrinter,Attack,Malware,0.451,0.405,0.597,287.41,4.28,,304.95,68.32,1
2024-01-01 10:47:40,3DPrinter,Normal,None,0.168,0.145,0.125,219.03,2.09,,209.28,53.55,0
2024-01-01 10:47:45,3DPrinter,Normal,None,0.145,0.157,0.125,226.94,1.69,,217.55,51.3,0
2024-01-01 10:47:50,CNC,Normal,None,0.246,0.139,0.123,64.55,2.42,1722.83,,77.92,0
2024-01-01 10:47:55,CNC,Normal,None,0.105,0.26,0.151,67.07,2.5,1755.35,,79.67,0
2024-01-01 10:48:00,3DPrinter,Normal,None,0.093,0.056,0.154,222.23,1.82,,211.85,47.7,0
2024-01-01 10:48:05,3DPrinter,Normal,None,0.093,0.18,0.08,208.42,1.99,,208.48,49.35,0
2024-01-01 10:48:10,CNC,Attack,Parameter_Tamper,0.623,0.51,0.602,89.45,3.93,2628.25,,121.51,1
2024-01-01 10:48:15,3DPrinter,Normal,None,0.137,0.152,0.102,214.88,2.11,,205.05,48.18,0
2024-01-01 10:48:20,3DPrinter,Normal,None,0.17,0.194,0.218,217.6,1.59,,219.49,54.7,0
2024-01-01 10:48:25,CNC,Attack,DoS,0.633,0.54,0.705,92.8,3.25,2674.98,,113.76,1
2024-01-01 10:48:30,3DPrinter,Normal,None,0.145,0.06,0.189,223.15,1.42,,209.87,54.13,0
2024-01-01 10:48:35,CNC,Normal,None,0.151,0.145,0.295,72.21,1.94,1805.11,,76.59,0
2024-01-01 10:48:40,CNC,Normal,None,0.18,0.087,0.292,69.99,2.55,1892.87,,87.04,0
2024-01-01 10:48:45,3DPrinter,Normal,None,0.09,0.212,0.066,214.45,1.5,,205.28,50.97,0
2024-01-01 10:48:50,CNC,Attack,Parameter_Tamper,0.633,0.622,0.702,89.79,3.8,2628.57,,122.33,1
2024-01-01 10:48:55,CNC,Normal,None,0.303,0.108,0.019,69.35,1.94,1820.65,,80.36,0
2024-01-01 10:49:00,3DPrinter,Attack,Parameter_Tamper,0.606,0.505,0.579,275.34,3.95,,298.21,66.3,1
2024-01-01 10:49:05,3DPrinter,Normal,None,0.205,0.094,0.185,216.4,1.63,,206.45,53.28,0
2024-01-01 10:49:10,3DPrinter,Attack,DoS,0.499,0.385,0.604,286.63,4.21,,300.85,69.89,1
2024-01-01 10:49:15,3DPrinter,Attack,Malware,0.422,0.482,0.486,276.1,3.82,,311.2,67.56,1
2024-01-01 10:49:20,3DPrinter,Normal,None,0.194,0.043,0.148,221.94,1.62,,216.2,48.97,0
2024-01-01 10:49:25,3DPrinter,Attack,DoS,0.414,0.509,0.543,275.16,3.91,,295.16,68.3,1
2024-01-01 10:49:30,CNC,Attack,Malware,0.644,0.568,0.65,91.43,3.52,2440.0,,122.91,1
2024-01-01 10:49:35,CNC,Normal,None,0.112,0.149,0.121,74.15,2.68,1918.18,,78.02,0
2024-01-01 10:49:40,CNC,Normal,None,0.189,0.128,0.14,62.65,2.57,1729.29,,83.84,0
2024-01-01 10:49:45,CNC,Normal,None,0.297,0.089,0.075,68.71,2.63,1762.77,,86.26,0
2024-01-01 10:49:50,3DPrinter,Attack,Data_Spoofing,0.517,0.499,0.576,285.35,3.56,,297.96,70.19,1
2024-01-01 10:49:55,CNC,Attack,DoS,0.546,0.49,0.733,91.55,4.05,2449.25,,123.34,1
2024-01-01 10:50:00,CNC,Normal,None,0.216,0.234,0.171,65.15,2.47,1740.74,,84.48,0
2024-01-01 10:50:05,3DPrinter,Normal,None,0.131,0.094,0.19,230.3,1.48,,211.46,58.25,0
2024-01-01 10:50:10,3DPrinter,Attack,Data_Spoofing,0.503,0.506,0.562,275.38,3.84,,289.35,67.19,1
2024-01-01 10:50:15,CNC,Attack,Parameter_Tamper,0.482,0.501,0.712,87.45,3.31,2527.45,,119.27,1
2024-01-01 10:50:20,3DPrinter,Normal,None,0.115,0.086,0.115,212.23,1.95,,213.0,50.24,0
2024-01-01 10:50:25,CNC,Attack,Parameter_Tamper,0.695,0.486,0.618,91.03,4.53,2451.6,,123.22,1
2024-01-01 10:50:30,3DPrinter,Normal,None,0.155,0.097,0.097,227.05,1.86,,202.62,48.51,0
2024-01-01 10:50:35,3DPrinter,Normal,None,0.197,0.155,0.19,220.09,2.54,,214.12,49.27,0
2024-01-01 10:50:40,3DPrinter,Normal,None,0.117,0.101,0.167,227.23,1.4,,212.57,53.66,0
2024-01-01 10:50:45,3DPrinter,Normal,None,0.185,0.092,0.196,222.37,1.82,,206.49,49.72,0
2024-01-01 10:50:50,CNC,Attack,DoS,0.462,0.632,0.524,90.75,3.28,2415.14,,122.74,1
2024-01-01 10:50:55,CNC,Attack,DoS,0.611,0.64,0.639,85.36,3.61,2537.91,,117.87,1
2024-01-01 10:51:00,CNC,Attack,Data_Spoofing,0.59,0.55,0.59,89.17,4.35,2460.56,,112.25,1
2024-01-01 10:51:05,3DPrinter,Normal,None,0.063,0.175,0.153,224.62,1.63,,201.16,51.75,0
2024-01-01 10:51:10,3DPrinter,Normal,None,0.216,0.045,0.143,219.78,2.04,,210.7,49.6,0
2024-01-01 10:51:15,3DPrinter,Normal,None,0.131,0.153,0.119,219.65,1.65,,208.95,47.1,0
2024-01-01 10:51:20,3DPrinter,Attack,Data_Spoofing,0.57,0.487,0.574,279.19,3.81,,308.41,72.38,1
2024-01-01 10:51:25,CNC,Normal,None,0.17,0.093,0.277,72.2,1.84,1803.08,,89.91,0
2024-01-01 10:51:30,CNC,Normal,None,0.223,0.097,0.098,64.94,2.36,1926.45,,83.1,0
2024-01-01 10:51:35,CNC,Normal,None,0.186,0.099,0.161,69.47,2.52,1920.47,,79.56,0
2024-01-01 10:51:40,3DPrinter,Normal,None,0.073,0.162,0.123,221.68,1.52,,205.1,46.69,0
2024-01-01 10:51:45,CNC,Normal,None,0.227,0.198,0.161,74.0,2.66,1943.51,,85.84,0
2024-01-01 10:51:50,3DPrinter,Normal,None,0.039,0.163,0.195,206.64,1.7,,205.51,48.97,0
2024-01-01 10:51:55,CNC,Attack,DoS,0.562,0.471,0.646,87.3,3.69,2634.28,,118.92,1
2024-01-01 10:52:00,3DPrinter,Normal,None,0.087,0.143,0.188,217.83,2.18,,209.7,46.62,0
2024-01-01 10:52:05,CNC,Attack,Parameter_Tamper,0.511,0.503,0.7,90.46,3.53,2464.78,,119.72,1
2024-01-01 10:52:10,CNC,Normal,None,0.142,0.019,0.108,69.94,1.12,1748.51,,83.68,0
2024-01-01 10:52:15,3DPrinter,Normal,None,0.217,0.087,0.101,222.55,1.49,,202.71,55.18,0
2024-01-01 10:52:20,CNC,Normal,None,0.05,0.138,0.126,71.08,2.47,1855.23,,73.42,0
2024-01-01 10:52:25,3DPrinter,Normal,None,0.149,0.052,0.122,229.14,1.54,,208.96,48.39,0
2024-01-01 10:52:30,CNC,Normal,None,0.231,0.231,0.164,69.0,2.47,1865.76,,80.48,0
2024-01-01 10:52:35,CNC,Normal,None,0.237,0.146,0.12,74.24,2.01,1966.29,,76.52,0
2024-01-01 10:52:40,CNC,Normal,None,0.184,0.098,0.194,73.83,2.92,1874.27,,75.16,0
2024-01-01 10:52:45,3DPrinter,Normal,None,0.08,0.08,0.165,220.17,1.75,,210.73,51.77,0
2024-01-01 10:52:50,CNC,Attack,Data_Spoofing,0.598,0.694,0.708,91.66,3.53,2385.34,,118.96,1
2024-01-01 10:52:55,CNC,Attack,Data_Spoofing,0.495,0.465,0.546,90.15,4.26,2612.85,,120.44,1
2024-01-01 10:53:00,CNC,Normal,None,0.139,0.158,0.135,66.36,2.41,1799.41,,80.27,0
2024-01-01 10:53:05,3DPrinter,Normal,None,0.149,0.198,0.098,222.31,2.11,,210.06,43.15,0
2024-01-01 10:53:10,3DPrinter,Attack,Data_Spoofing,0.436,0.533,0.532,276.64,3.99,,301.88,69.49,1
2024-01-01 10:53:15,3DPrinter,Attack,DoS,0.331,0.53,0.593,278.23,3.98,,302.83,72.9,1
2024-01-01 10:53:20,3DPrinter,Attack,Data_Spoofing,0.449,0.464,0.568,279.59,4.27,,298.2,69.19,1
2024-01-01 10:53:25,3DPrinter,Normal,None,0.117,0.142,0.12,219.17,1.69,,217.6,53.79,0
2024-01-01 10:53:30,CNC,Normal,None,0.227,0.077,0.137,70.85,1.54,1791.33,,82.1,0
2024-01-01 10:53:35,CNC,Normal,None,0.128,0.092,0.088,69.67,2.61,1655.31,,85.81,0
2024-01-01 10:53:40,CNC,Normal,None,0.29,0.024,0.214,68.59,2.05,1698.98,,79.0,0
2024-01-01 10:53:45,3DPrinter,Normal,None,0.101,0.087,0.063,233.64,1.39,,210.91,44.68,0
2024-01-01 10:53:50,3DPrinter,Normal,None,0.196,0.094,0.041,222.7,1.36,,205.96,52.66,0
2024-01-01 10:53:55,3DPrinter,Normal,None,0.165,0.162,0.13,218.6,2.25,,214.66,50.22,0
2024-01-01 10:54:00,CNC,Normal,None,0.151,0.028,0.095,70.11,2.01,1830.39,,85.12,0
2024-01-01 10:54:05,3DPrinter,Normal,None,0.13,0.098,0.188,215.97,2.03,,210.01,51.06,0
2024-01-01 10:54:10,CNC,Attack,Data_Spoofing,0.367,0.592,0.512,88.18,2.84,2669.86,,121.67,1
2024-01-01 10:54:15,CNC,Normal,None,0.157,0.073,0.12,67.81,1.23,1814.17,,83.74,0
2024-01-01 10:54:20,CNC,Normal,None,0.183,0.259,0.179,66.46,1.48,1926.43,,79.75,0
2024-01-01 10:54:25,CNC,Attack,DoS,0.539,0.461,0.603,87.19,3.94,2410.41,,121.08,1
2024-01-01 10:54:30,CNC,Attack,DoS,0.725,0.523,0.706,93.25,3.8,2388.68,,117.29,1
2024-01-01 10:54:35,3DPrinter,Attack,Data_Spoofing,0.534,0.373,0.598,284.54,4.21,,299.09,71.79,1
2024-01-01 10:54:40,3DPrinter,Normal,None,0.18,0.241,0.156,211.11,1.7,,220.87,49.38,0
2024-01-01 10:54:45,3DPrinter,Normal,None,0.216,0.141,0.1,210.46,1.74,,202.71,49.52,0
2024-01-01 10:54:50,CNC,Attack,DoS,0.767,0.566,0.696,85.18,3.9,2501.91,,116.13,1
2024-01-01 10:54:55,CNC,Normal,None,0.227,0.055,0.07,71.43,2.79,1743.5,,82.52,0
2024-01-01 10:55:00,CNC,Normal,None,0.129,0.081,0.128,70.34,2.32,1563.21,,84.1,0
2024-01-01 10:55:05,CNC,Normal,None,0.174,0.111,0.039,71.6,2.17,1803.21,,84.35,0
2024-01-01 10:55:10,CNC,Normal,None,0.128,0.148,0.147,70.11,2.4,1780.2,,81.42,0
2024-01-01 10:55:15,3DPrinter,Normal,None,0.142,0.171,0.067,220.04,2.28,,208.8,52.79,0
2024-01-01 10:55:20,CNC,Attack,DoS,0.531,0.586,0.639,90.75,4.08,2442.09,,119.12,1
2024-01-01 10:55:25,CNC,Normal,None,0.158,0.121,0.178,75.35,2.36,1862.52,,84.66,0
2024-01-01 10:55:30,3DPrinter,Normal,None,0.167,0.089,0.14,218.16,2.26,,214.67,51.36,0
2024-01-01 10:55:35,CNC,Normal,None,0.3,0.15,0.183,67.74,1.75,1752.4,,79.61,0
2024-01-01 10:55:40,CNC,Normal,None,0.239,0.04,0.287,73.43,2.09,1720.88,,84.44,0
2024-01-01 10:55:45,3DPrinter,Attack,Parameter_Tamper,0.525,0.477,0.601,275.48,4.28,,296.52,67.18,1
2024-01-01 10:55:50,CNC,Attack,Parameter_Tamper,0.625,0.71,0.64,91.09,4.16,2458.08,,123.19,1
2024-01-01 10:55:55,3DPrinter,Normal,None,0.151,0.113,0.231,220.4,2.5,,211.76,49.36,0
2024-01-01 10:56:00,3DPrinter,Normal,None,0.11,0.107,0.125,222.75,1.89,,209.12,48.89,0
2024-01-01 10:56:05,3DPrinter,Attack,DoS,0.516,0.459,0.614,279.56,4.62,,294.12,69.55,1
2024-01-01 10:56:10,CNC,Attack,DoS,0.567,0.417,0.753,88.85,4.39,2490.38,,122.58,1
2024-01-01 10:56:15,3DPrinter,Normal,None,0.154,0.06,0.224,216.89,1.52,,217.39,53.03,0
2024-01-01 10:56:20,CNC,Normal,None,0.169,0.172,0.175,75.48,2.42,1756.73,,78.43,0
2024-01-01 10:56:25,3DPrinter,Normal,None,0.21,0.163,0.085,224.28,1.66,,205.93,48.17,0
2024-01-01 10:56:30,CNC,Normal,None,0.225,0.09,0.216,66.99,2.3,1803.91,,77.59,0
2024-01-01 10:56:35,3DPrinter,Attack,Parameter_Tamper,0.569,0.376,0.56,272.89,4.74,,307.28,76.49,1
2024-01-01 10:56:40,CNC,Attack,DoS,0.683,0.562,0.605,84.43,3.09,2476.2,,125.48,1
2024-01-01 10:56:45,3DPrinter,Normal,None,0.066,0.05,0.205,224.76,1.33,,208.05,48.26,0
2024-01-01 10:56:50,3DPrinter,Normal,None,0.147,0.115,0.115,220.89,2.05,,209.36,48.01,0
2024-01-01 10:56:55,CNC,Attack,Parameter_Tamper,0.669,0.513,0.635,96.11,3.63,2395.9,,122.33,1
2024-01-01 10:57:00,3DPrinter,Normal,None,0.194,0.117,0.138,216.53,2.22,,215.2,49.64,0
2024-01-01 10:57:05,3DPrinter,Normal,None,0.118,0.134,0.244,220.64,1.43,,206.91,50.62,0
2024-01-01 10:57:10,CNC,Normal,None,0.163,0.061,0.116,72.64,1.7,1977.27,,80.34,0
2024-01-01 10:57:15,3DPrinter,Attack,DoS,0.421,0.464,0.564,285.55,3.82,,303.44,67.51,1
2024-01-01 10:57:20,3DPrinter,Attack,Parameter_Tamper,0.498,0.436,0.617,284.92,3.67,,301.9,75.68,1
2024-01-01 10:57:25,CNC,Normal,None,0.276,0.235,0.123,71.25,2.28,1912.8,,84.64,0
2024-01-01 10:57:30,CNC,Normal,None,0.35,0.236,0.171,69.16,2.33,1702.48,,78.09,0
2024-01-01 10:57:35,3DPrinter,Normal,None,0.052,0.132,0.192,220.53,1.99,,209.86,49.9,0
2024-01-01 10:57:40,3DPrinter,Attack,Data_Spoofing,0.464,0.533,0.508,277.65,3.7,,294.5,70.09,1
2024-01-01 10:57:45,CNC,Normal,None,0.093,0.168,0.147,66.91,1.64,2059.74,,75.48,0
2024-01-01 10:57:50,3DPrinter,Attack,DoS,0.514,0.438,0.591,284.69,4.31,,301.34,65.87,1
2024-01-01 10:57:55,CNC,Normal,None,0.208,0.215,0.227,74.75,1.5,1890.51,,82.41,0
2024-01-01 10:58:00,3DPrinter,Normal,None,0.167,0.085,0.121,223.66,1.99,,212.23,46.59,0
2024-01-01 10:58:05,3DPrinter,Attack,Malware,0.541,0.396,0.543,281.5,3.76,,295.6,69.59,1
2024-01-01 10:58:10,CNC,Attack,Malware,0.645,0.61,0.694,87.02,4.26,2465.51,,119.94,1
2024-01-01 10:58:15,CNC,Attack,Malware,0.445,0.521,0.623,90.33,3.37,2465.19,,119.14,1
2024-01-01 10:58:20,CNC,Normal,None,0.186,0.015,0.203,69.45,2.09,1895.28,,77.86,0
2024-01-01 10:58:25,CNC,Attack,Malware,0.618,0.553,0.682,85.89,3.8,2619.07,,127.05,1
2024-01-01 10:58:30,3DPrinter,Normal,None,0.152,0.098,0.074,222.15,1.6,,205.6,52.33,0
2024-01-01 10:58:35,3DPrinter,Attack,Data_Spoofing,0.577,0.476,0.537,276.85,4.44,,298.77,68.77,1
2024-01-01 10:58:40,3DPrinter,Attack,DoS,0.445,0.389,0.576,277.38,3.73,,293.95,65.46,1
2024-01-01 10:58:45,3DPrinter,Normal,None,0.052,0.188,0.141,222.51,1.96,,210.28,49.78,0
2024-01-01 10:58:50,3DPrinter,Normal,None,0.161,0.185,0.217,227.51,1.56,,213.79,51.52,0
2024-01-01 10:58:55,3DPrinter,Normal,None,0.118,0.1,0.1,221.6,1.77,,211.47,55.67,0
2024-01-01 10:59:00,CNC,Attack,Parameter_Tamper,0.602,0.615,0.636,92.49,3.5,2425.48,,120.06,1
2024-01-01 10:59:05,CNC,Normal,None,0.328,0.143,0.113,71.49,1.74,2016.49,,85.27,0
2024-01-01 10:59:10,CNC,Normal,None,0.255,0.172,0.065,70.76,2.37,1817.78,,77.26,0
2024-01-01 10:59:15,3DPrinter,Normal,None,0.11,0.09,0.216,210.39,2.0,,203.54,47.12,0
2024-01-01 10:59:20,CNC,Normal,None,0.221,0.0,0.21,73.33,2.3,1614.27,,80.42,0
2024-01-01 10:59:25,3DPrinter,Normal,None,0.11,0.154,0.1,223.14,1.87,,212.6,47.95,0
2024-01-01 10:59:30,CNC,Normal,None,0.297,0.287,0.236,68.95,2.2,1782.18,,82.82,0
2024-01-01 10:59:35,CNC,Normal,None,0.123,0.163,0.183,69.15,2.31,1847.1,,82.94,0
2024-01-01 10:59:40,CNC,Normal,None,0.148,0.158,0.031,70.76,2.29,1811.65,,82.92,0
2024-01-01 10:59:45,CNC,Normal,None,0.16,0.204,0.223,70.35,1.78,1738.81,,82.38,0
2024-01-01 10:59:50,3DPrinter,Normal,None,0.095,0.138,0.104,224.98,1.89,,202.87,52.28,0
2024-01-01 10:59:55,3DPrinter,Attack,Data_Spoofing,0.492,0.338,0.537,274.11,3.73,,306.88,70.6,1
2024-01-01 11:00:00,CNC,Normal,None,0.172,0.044,0.173,68.79,1.92,2155.65,,82.3,0
2024-01-01 11:00:05,3DPrinter,Normal,None,0.136,0.104,0.187,221.77,1.98,,211.73,47.2,0
2024-01-01 11:00:10,3DPrinter,Normal,None,0.193,0.168,0.199,223.55,1.32,,212.49,54.13,0
2024-01-01 11:00:15,CNC,Normal,None,0.124,0.161,0.167,71.16,3.39,1686.83,,76.62,0
2024-01-01 11:00:20,3DPrinter,Normal,None,0.131,0.035,0.168,221.56,1.85,,213.05,50.96,0
2024-01-01 11:00:25,3DPrinter,Attack,Data_Spoofing,0.463,0.494,0.604,281.41,3.95,,296.14,68.83,1
2024-01-01 11:00:30,CNC,Attack,Parameter_Tamper,0.638,0.527,0.726,93.73,3.58,2483.28,,118.5,1
2024-01-01 11:00:35,3DPrinter,Normal,None,0.169,0.098,0.264,218.06,1.7,,209.04,49.55,0
2024-01-01 11:00:40,CNC,Normal,None,0.193,0.088,0.129,73.81,2.06,1763.93,,80.53,0
2024-01-01 11:00:45,CNC,Normal,None,0.256,0.233,0.15,69.74,2.91,1887.62,,82.3,0
2024-01-01 11:00:50,3DPrinter,Normal,None,0.183,0.214,0.186,210.37,1.68,,201.91,48.08,0
2024-01-01 11:00:55,3DPrinter,Normal,None,0.131,0.103,0.192,216.43,1.96,,205.17,49.43,0
2024-01-01 11:01:00,CNC,Normal,None,0.281,0.25,0.151,65.56,2.12,1823.22,,77.46,0
2024-01-01 11:01:05,CNC,Normal,None,0.345,0.081,0.171,70.56,2.45,1825.76,,74.8,0
2024-01-01 11:01:10,3DPrinter,Normal,None,0.151,0.118,0.191,229.04,1.92,,203.94,50.43,0
2024-01-01 11:01:15,3DPrinter,Normal,None,0.121,0.158,0.155,218.3,1.85,,216.8,49.87,0
2024-01-01 11:01:20,CNC,Normal,None,0.291,0.083,0.184,71.25,1.77,1663.1,,76.34,0
2024-01-01 11:01:25,3DPrinter,Normal,None,0.147,0.132,0.198,214.29,1.95,,210.86,50.46,0
2024-01-01 11:01:30,3DPrinter,Normal,None,0.196,0.165,0.125,217.39,1.37,,212.64,45.44,0
2024-01-01 11:01:35,3DPrinter,Attack,DoS,0.499,0.452,0.553,281.21,3.82,,294.02,71.87,1
2024-01-01 11:01:40,3DPrinter,Attack,Data_Spoofing,0.499,0.406,0.517,282.41,3.71,,297.73,66.79,1
2024-01-01 11:01:45,3DPrinter,Normal,None,0.183,0.241,0.114,223.12,2.38,,213.95,49.1,0
2024-01-01 11:01:50,3DPrinter,Normal,None,0.226,0.111,0.147,218.41,1.96,,215.17,46.43,0
2024-01-01 11:01:55,CNC,Attack,Malware,0.551,0.458,0.719,90.36,3.89,2417.71,,114.15,1
2024-01-01 11:02:00,3DPrinter,Normal,None,0.151,0.144,0.125,223.77,2.18,,206.89,51.17,0
2024-01-01 11:02:05,CNC,Normal,None,0.197,0.218,0.153,68.46,2.74,1734.56,,82.52,0
2024-01-01 11:02:10,3DPrinter,Normal,None,0.0,0.1,0.278,226.35,1.5,,207.43,48.44,0
2024-01-01 11:02:15,3DPrinter,Normal,None,0.22,0.155,0.152,219.77,1.81,,212.47,49.91,0
2024-01-01 11:02:20,3DPrinter,Normal,None,0.05,0.096,0.081,223.45,1.56,,202.18,44.63,0
2024-01-01 11:02:25,3DPrinter,Attack,Parameter_Tamper,0.522,0.425,0.462,278.57,3.86,,300.4,68.19,1
2024-01-01 11:02:30,3DPrinter,Attack,DoS,0.474,0.391,0.572,279.35,4.17,,288.08,73.41,1
2024-01-01 11:02:35,CNC,Attack,DoS,0.48,0.54,0.47,88.68,4.52,2501.29,,118.77,1
2024-01-01 11:02:40,3DPrinter,Attack,Parameter_Tamper,0.433,0.455,0.549,279.7,4.63,,306.69,75.48,1
2024-01-01 11:02:45,3DPrinter,Normal,None,0.167,0.08,0.158,223.66,1.65,,210.44,52.73,0
2024-01-01 11:02:50,3DPrinter,Normal,None,0.16,0.142,0.227,212.38,1.44,,197.79,47.47,0
2024-01-01 11:02:55,CNC,Normal,None,0.149,0.13,0.157,73.77,2.99,1819.94,,76.62,0
2024-01-01 11:03:00,CNC,Attack,Parameter_Tamper,0.56,0.631,0.639,88.95,3.9,2299.42,,124.85,1
2024-01-01 11:03:05,3DPrinter,Normal,None,0.189,0.061,0.085,215.98,2.3,,208.74,42.67,0
2024-01-01 11:03:10,CNC,Normal,None,0.17,0.23,0.229,67.8,2.1,1910.31,,78.21,0
2024-01-01 11:03:15,CNC,Normal,None,0.192,0.032,0.222,71.39,2.31,1842.68,,77.26,0
2024-01-01 11:03:20,3DPrinter,Normal,None,0.166,0.08,0.157,232.16,1.81,,213.97,50.02,0
2024-01-01 11:03:25,CNC,Normal,None,0.199,0.047,0.151,74.91,2.53,1707.69,,79.71,0
2024-01-01 11:03:30,3DPrinter,Normal,None,0.162,0.092,0.145,214.12,2.03,,210.62,46.99,0
2024-01-01 11:03:35,3DPrinter,Normal,None,0.168,0.185,0.19,218.79,1.88,,216.2,52.54,0
2024-01-01 11:03:40,CNC,Normal,None,0.187,0.08,0.192,68.91,2.93,1749.21,,74.72,0
2024-01-01 11:03:45,CNC,Normal,None,0.258,0.218,0.119,65.44,2.41,1745.28,,87.16,0
2024-01-01 11:03:50,CNC,Attack,Data_Spoofing,0.607,0.562,0.569,89.42,3.73,2637.68,,120.78,1
2024-01-01 11:03:55,3DPrinter,Normal,None,0.131,0.03,0.133,223.05,1.9,,206.41,51.98,0
2024-01-01 11:04:00,3DPrinter,Normal,None,0.161,0.102,0.168,223.23,2.2,,204.69,56.42,0
2024-01-01 11:04:05,CNC,Normal,None,0.243,0.218,0.173,72.38,2.29,1679.07,,81.21,0
2024-01-01 11:04:10,CNC,Attack,Parameter_Tamper,0.681,0.624,0.544,88.76,4.27,2549.81,,119.8,1
2024-01-01 11:04:15,CNC,Attack,DoS,0.636,0.567,0.689,91.77,3.24,2582.41,,121.21,1
2024-01-01 11:04:20,3DPrinter,Normal,None,0.136,0.104,0.229,212.07,1.33,,213.91,46.34,0
2024-01-01 11:04:25,CNC,Attack,Parameter_Tamper,0.46,0.472,0.758,84.64,3.4,2475.31,,113.76,1
2024-01-01 11:04:30,3DPrinter,Normal,None,0.192,0.156,0.206,216.87,1.8,,208.9,51.61,0
2024-01-01 11:04:35,CNC,Normal,None,0.265,0.19,0.178,74.09,2.32,1749.44,,80.32,0
2024-01-01 11:04:40,3DPrinter,Normal,None,0.219,0.135,0.167,219.64,2.08,,205.67,48.63,0
2024-01-01 11:04:45,3DPrinter,Attack,DoS,0.368,0.422,0.536,293.32,4.56,,300.63,68.18,1
2024-01-01 11:04:50,CNC,Normal,None,0.193,0.268,0.134,66.72,2.84,1860.45,,85.58,0
2024-01-01 11:04:55,CNC,Normal,None,0.242,0.092,0.191,69.08,2.08,1738.27,,82.79,0
2024-01-01 11:05:00,CNC,Normal,None,0.191,0.195,0.112,67.26,2.15,1878.45,,75.7,0
2024-01-01 11:05:05,CNC,Normal,None,0.343,0.19,0.086,67.06,2.58,1846.25,,81.51,0
2024-01-01 11:05:10,CNC,Attack,Malware,0.565,0.49,0.628,91.15,3.46,2325.18,,124.68,1
2024-01-01 11:05:15,CNC,Normal,None,0.167,0.158,0.22,63.95,2.33,1865.39,,74.6,0
2024-01-01 11:05:20,CNC,Normal,None,0.179,0.202,-0.025,71.12,2.06,1938.86,,82.64,0
2024-01-01 11:05:25,3DPrinter,Normal,None,0.129,0.206,0.211,215.17,2.14,,211.96,48.04,0
2024-01-01 11:05:30,3DPrinter,Normal,None,0.12,0.112,0.247,221.55,1.67,,204.5,49.7,0
2024-01-01 11:05:35,CNC,Attack,Data_Spoofing,0.652,0.529,0.696,89.6,3.83,2247.96,,120.07,1
2024-01-01 11:05:40,3DPrinter,Attack,Malware,0.492,0.409,0.475,273.81,3.7,,296.67,71.38,1
2024-01-01 11:05:45,3DPrinter,Attack,Parameter_Tamper,0.446,0.355,0.554,281.59,3.9,,299.7,70.57,1
2024-01-01 11:05:50,CNC,Normal,None,0.276,0.175,0.31,67.79,2.8,1727.12,,78.0,0
2024-01-01 11:05:55,3DPrinter,Normal,None,0.286,0.072,0.126,235.48,1.33,,207.65,45.76,0
2024-01-01 11:06:00,3DPrinter,Normal,None,0.055,0.138,0.063,219.7,1.38,,216.13,43.67,0
2024-01-01 11:06:05,3DPrinter,Attack,Data_Spoofing,0.486,0.435,0.595,272.89,3.41,,301.13,71.49,1
2024-01-01 11:06:10,3DPrinter,Normal,None,0.122,0.087,0.097,216.2,1.56,,211.64,54.65,0
2024-01-01 11:06:15,CNC,Normal,None,0.082,0.104,0.173,65.48,1.9,1875.61,,90.35,0
2024-01-01 11:06:20,3DPrinter,Normal,None,0.11,0.099,0.167,221.73,2.07,,214.69,45.67,0
2024-01-01 11:06:25,3DPrinter,Attack,Parameter_Tamper,0.563,0.432,0.597,274.86,4.02,,290.89,66.74,1
2024-01-01 11:06:30,CNC,Normal,None,0.238,0.16,0.191,68.66,2.35,1780.1,,83.8,0
2024-01-01 11:06:35,3DPrinter,Normal,None,0.185,0.182,0.156,227.69,2.07,,207.38,53.88,0
2024-01-01 11:06:40,3DPrinter,Normal,None,0.179,0.142,0.082,221.49,2.41,,213.38,49.18,0
2024-01-01 11:06:45,3DPrinter,Normal,None,0.215,0.124,0.175,223.19,1.85,,210.6,52.16,0
2024-01-01 11:06:50,CNC,Normal,None,0.274,-0.004,0.226,69.39,2.73,1792.88,,81.37,0
2024-01-01 11:06:55,CNC,Attack,DoS,0.625,0.527,0.722,86.75,3.8,2583.6,,123.98,1
2024-01-01 11:07:00,CNC,Normal,None,0.147,0.193,0.156,74.38,1.91,1943.88,,83.93,0
2024-01-01 11:07:05,3DPrinter,Normal,None,0.128,0.122,0.147,229.85,1.49,,210.2,46.82,0
2024-01-01 11:07:10,3DPrinter,Attack,Parameter_Tamper,0.539,0.403,0.647,275.88,3.96,,292.81,73.14,1
2024-01-01 11:07:15,CNC,Normal,None,0.312,0.143,0.33,68.8,2.36,1943.19,,78.16,0
2024-01-01 11:07:20,3DPrinter,Attack,Parameter_Tamper,0.485,0.495,0.507,268.6,3.62,,304.09,64.85,1
2024-01-01 11:07:25,3DPrinter,Attack,DoS,0.476,0.425,0.565,274.68,3.95,,307.01,71.28,1
2024-01-01 11:07:30,3DPrinter,Attack,Data_Spoofing,0.539,0.507,0.667,276.23,3.83,,300.27,69.94,1
2024-01-01 11:07:35,3DPrinter,Attack,DoS,0.542,0.465,0.566,268.64,3.52,,296.97,68.32,1
2024-01-01 11:07:40,CNC,Normal,None,-0.068,0.241,0.159,66.23,2.57,1779.17,,75.86,0
2024-01-01 11:07:45,3DPrinter,Normal,None,0.168,0.042,0.151,214.79,1.56,,213.59,56.04,0
2024-01-01 11:07:50,CNC,Normal,None,0.282,0.149,0.201,70.31,2.56,1993.76,,78.25,0
2024-01-01 11:07:55,3DPrinter,Attack,Data_Spoofing,0.501,0.414,0.563,287.74,4.45,,290.25,69.99,1
2024-01-01 11:08:00,CNC,Normal,None,0.152,0.141,0.15,69.79,2.31,1850.86,,81.04,0
2024-01-01 11:08:05,3DPrinter,Normal,None,0.198,0.156,0.098,218.98,1.89,,212.72,47.3,0
2024-01-01 11:08:10,CNC,Attack,DoS,0.541,0.618,0.52,86.16,3.97,2554.32,,113.66,1
2024-01-01 11:08:15,3DPrinter,Attack,Data_Spoofing,0.531,0.46,0.553,286.23,4.09,,297.28,73.14,1
2024-01-01 11:08:20,3DPrinter,Attack,DoS,0.496,0.462,0.591,289.82,4.16,,301.89,73.65,1
2024-01-01 11:08:25,CNC,Normal,None,0.208,0.114,0.057,67.01,2.43,1705.45,,86.44,0
2024-01-01 11:08:30,3DPrinter,Attack,Malware,0.504,0.439,0.575,280.86,4.27,,303.28,70.85,1
2024-01-01 11:08:35,CNC,Normal,None,0.226,0.167,0.2,75.06,1.96,1787.39,,81.31,0
2024-01-01 11:08:40,3DPrinter,Normal,None,0.135,0.097,0.124,224.26,2.26,,215.55,48.18,0
2024-01-01 11:08:45,CNC,Normal,None,0.218,-0.006,0.104,73.14,2.18,1916.3,,77.52,0
2024-01-01 11:08:50,CNC,Normal,None,0.163,0.247,0.138,68.37,2.79,1742.32,,80.85,0
2024-01-01 11:08:55,CNC,Attack,Data_Spoofing,0.56,0.635,0.7,91.0,3.31,2514.99,,122.39,1
2024-01-01 11:09:00,3DPrinter,Normal,None,0.107,0.18,0.165,221.22,1.73,,202.59,50.85,0
2024-01-01 11:09:05,CNC,Attack,Parameter_Tamper,0.622,0.544,0.698,86.62,4.44,2412.09,,112.33,1
2024-01-01 11:09:10,CNC,Attack,Data_Spoofing,0.695,0.55,0.582,96.0,4.33,2482.05,,123.99,1
2024-01-01 11:09:15,CNC,Attack,Data_Spoofing,0.609,0.661,0.673,89.63,3.47,2702.22,,122.11,1
2024-01-01 11:09:20,3DPrinter,Normal,None,0.092,0.058,0.127,229.48,2.56,,212.44,49.29,0
2024-01-01 11:09:25,CNC,Attack,Malware,0.611,0.682,0.699,87.29,3.11,2517.73,,120.0,1
2024-01-01 11:09:30,CNC,Normal,None,0.183,0.034,0.2,72.43,2.74,1984.71,,81.64,0
2024-01-01 11:09:35,3DPrinter,Attack,Data_Spoofing,0.571,0.383,0.57,289.28,4.01,,292.03,70.09,1
2024-01-01 11:09:40,3DPrinter,Attack,Parameter_Tamper,0.522,0.404,0.51,273.4,4.67,,300.37,73.62,1
2024-01-01 11:09:45,3DPrinter,Normal,None,0.095,0.134,0.156,214.13,1.3,,207.06,51.19,0
2024-01-01 11:09:50,3DPrinter,Normal,None,0.144,0.069,0.068,221.29,2.0,,204.3,47.98,0
2024-01-01 11:09:55,CNC,Normal,None,0.173,0.222,0.164,68.96,2.28,1734.19,,75.93,0
2024-01-01 11:10:00,3DPrinter,Normal,None,0.167,0.119,0.225,220.51,2.06,,212.25,52.08,0
2024-01-01 11:10:05,3DPrinter,Attack,Parameter_Tamper,0.461,0.426,0.499,282.51,3.49,,298.66,62.34,1
2024-01-01 11:10:10,3DPrinter,Normal,None,0.197,0.061,0.161,221.58,1.9,,208.26,48.6,0
2024-01-01 11:10:15,CNC,Attack,DoS,0.49,0.453,0.635,89.71,3.31,2536.7,,121.12,1
2024-01-01 11:10:20,3DPrinter,Attack,Malware,0.492,0.484,0.599,284.52,4.3,,289.59,66.48,1
2024-01-01 11:10:25,CNC,Normal,None,0.144,0.158,0.056,67.55,1.86,1777.86,,76.78,0
2024-01-01 11:10:30,3DPrinter,Normal,None,0.214,0.235,0.203,215.05,1.65,,215.17,49.25,0
2024-01-01 11:10:35,3DPrinter,Normal,None,0.125,0.06,0.134,212.49,1.74,,203.76,50.62,0
2024-01-01 11:10:40,CNC,Normal,None,0.207,0.198,0.18,67.9,1.97,2035.99,,83.79,0
2024-01-01 11:10:45,CNC,Normal,None,0.166,0.024,0.091,70.39,2.23,1837.76,,81.77,0
2024-01-01 11:10:50,3DPrinter,Attack,Malware,0.553,0.491,0.618,283.79,3.94,,300.08,70.07,1
2024-01-01 11:10:55,3DPrinter,Normal,None,0.137,0.01,0.086,218.87,2.0,,195.02,49.92,0
2024-01-01 11:11:00,3DPrinter,Attack,DoS,0.45,0.511,0.536,277.57,3.88,,296.41,72.32,1
2024-01-01 11:11:05,CNC,Attack,Malware,0.506,0.584,0.665,92.11,4.15,2325.83,,116.58,1
2024-01-01 11:11:10,3DPrinter,Attack,DoS,0.495,0.495,0.554,287.01,4.17,,301.26,70.73,1
2024-01-01 11:11:15,3DPrinter,Normal,None,0.307,0.169,0.108,213.87,1.74,,209.7,47.27,0
2024-01-01 11:11:20,CNC,Normal,None,0.152,0.288,0.162,66.51,2.53,1966.19,,77.45,0
2024-01-01 11:11:25,CNC,Attack,Parameter_Tamper,0.632,0.623,0.676,92.47,3.45,2450.86,,125.39,1
2024-01-01 11:11:30,3DPrinter,Normal,None,0.116,0.133,0.168,214.73,1.9,,214.73,52.0,0
2024-01-01 11:11:35,CNC,Normal,None,0.148,0.238,0.015,72.39,1.58,1922.83,,77.45,0
2024-01-01 11:11:40,CNC,Normal,None,0.141,0.111,0.103,76.35,2.0,1704.48,,77.41,0
2024-01-01 11:11:45,CNC,Normal,None,0.157,0.17,0.264,69.55,2.25,2001.81,,75.25,0
2024-01-01 11:11:50,CNC,Normal,None,0.256,0.205,0.11,70.8,2.63,1894.43,,80.63,0
2024-01-01 11:11:55,CNC,Attack,DoS,0.738,0.5,0.663,92.83,4.21,2457.03,,121.26,1
2024-01-01 11:12:00,CNC,Normal,None,0.251,0.084,0.214,66.71,1.86,1829.21,,82.32,0
2024-01-01 11:12:05,3DPrinter,Attack,Data_Spoofing,0.511,0.485,0.52,283.75,3.92,,291.39,67.05,1
2024-01-01 11:12:10,CNC,Attack,DoS,0.719,0.492,0.673,90.21,3.75,2568.19,,123.16,1
2024-01-01 11:12:15,3DPrinter,Attack,Malware,0.527,0.441,0.529,276.64,3.45,,299.93,66.14,1
2024-01-01 11:12:20,3DPrinter,Normal,None,0.255,0.118,0.148,222.98,1.71,,211.14,44.89,0
2024-01-01 11:12:25,CNC,Normal,None,0.118,0.208,0.062,72.89,2.06,1676.81,,82.32,0
2024-01-01 11:12:30,CNC,Normal,None,0.156,0.214,0.308,71.53,1.67,1702.81,,74.05,0
2024-01-01 11:12:35,3DPrinter,Normal,None,0.144,0.112,0.121,220.89,1.78,,216.8,51.27,0
2024-01-01 11:12:40,3DPrinter,Normal,None,0.091,0.144,0.187,208.35,2.27,,213.51,52.87,0
2024-01-01 11:12:45,CNC,Attack,Data_Spoofing,0.529,0.606,0.69,90.39,3.73,2621.03,,118.51,1
2024-01-01 11:12:50,CNC,Normal,None,0.159,0.085,0.188,71.68,2.26,1638.24,,77.66,0
2024-01-01 11:12:55,3DPrinter,Normal,None,0.108,0.098,0.153,222.14,1.74,,213.38,49.67,0
2024-01-01 11:13:00,3DPrinter,Attack,DoS,0.409,0.462,0.525,282.15,4.24,,296.52,65.89,1
2024-01-01 11:13:05,CNC,Normal,None,0.159,0.098,0.186,67.28,1.91,1934.5,,77.55,0
2024-01-01 11:13:10,CNC,Attack,DoS,0.573,0.515,0.601,88.65,3.51,2484.48,,123.15,1
2024-01-01 11:13:15,CNC,Normal,None,0.228,0.197,0.194,64.1,2.38,1972.26,,67.96,0
2024-01-01 11:13:20,3DPrinter,Normal,None,0.155,0.129,0.164,212.6,1.56,,212.12,52.21,0
2024-01-01 11:13:25,CNC,Normal,None,0.162,0.113,0.14,78.47,2.63,1915.01,,74.16,0
2024-01-01 11:13:30,3DPrinter,Normal,None,0.157,0.063,0.161,215.7,1.35,,201.88,49.99,0
2024-01-01 11:13:35,3DPrinter,Attack,DoS,0.58,0.579,0.557,282.88,4.42,,306.39,71.53,1
2024-01-01 11:13:40,CNC,Attack,Data_Spoofing,0.683,0.418,0.633,87.92,4.27,2469.27,,127.01,1
2024-01-01 11:13:45,3DPrinter,Normal,None,0.155,0.166,0.136,228.73,1.63,,200.41,43.45,0
2024-01-01 11:13:50,CNC,Normal,None,0.239,0.082,0.137,66.74,2.61,1848.45,,82.7,0
2024-01-01 11:13:55,CNC,Normal,None,0.242,0.12,0.133,76.33,2.41,1892.53,,85.42,0
2024-01-01 11:14:00,CNC,Attack,Malware,0.523,0.516,0.601,89.23,4.22,2352.72,,117.67,1
2024-01-01 11:14:05,3DPrinter,Normal,None,0.13,0.122,0.163,221.95,1.69,,214.24,49.33,0
2024-01-01 11:14:10,3DPrinter,Normal,None,0.156,-0.004,0.068,221.92,1.9,,209.66,53.99,0
2024-01-01 11:14:15,3DPrinter,Normal,None,0.175,-0.004,0.196,223.96,1.94,,193.32,53.85,0
2024-01-01 11:14:20,CNC,Normal,None,0.251,0.097,0.224,72.03,2.27,1859.89,,85.18,0
2024-01-01 11:14:25,CNC,Normal,None,0.222,0.199,0.211,68.46,2.56,1683.88,,84.31,0
2024-01-01 11:14:30,3DPrinter,Attack,DoS,0.617,0.406,0.492,278.55,4.31,,301.78,75.04,1
2024-01-01 11:14:35,CNC,Normal,None,0.159,0.077,0.106,65.88,2.0,1931.16,,76.62,0
2024-01-01 11:14:40,3DPrinter,Normal,None,0.161,0.086,0.177,219.8,2.1,,205.27,47.37,0
2024-01-01 11:14:45,CNC,Attack,DoS,0.651,0.692,0.643,88.67,3.54,2327.32,,123.29,1
2024-01-01 11:14:50,CNC,Normal,None,0.283,0.048,0.147,69.99,1.82,1984.92,,77.23,0
2024-01-01 11:14:55,CNC,Normal,None,0.161,0.102,0.154,66.22,2.34,1567.85,,79.9,0
2024-01-01 11:15:00,3DPrinter,Attack,DoS,0.477,0.353,0.525,288.41,4.18,,305.54,70.35,1
2024-01-01 11:15:05,3DPrinter,Attack,Data_Spoofing,0.369,0.484,0.564,279.65,3.6,,298.65,71.87,1
2024-01-01 11:15:10,3DPrinter,Attack,Malware,0.461,0.445,0.533,282.62,3.97,,295.05,71.7,1
2024-01-01 11:15:15,3DPrinter,Normal,None,0.113,0.084,0.109,225.27,1.84,,206.49,50.05,0
2024-01-01 11:15:20,CNC,Normal,None,0.154,0.161,0.199,74.51,1.55,1826.34,,80.74,0
2024-01-01 11:15:25,3DPrinter,Normal,None,0.147,0.129,0.184,219.54,1.48,,209.46,51.79,0
2024-01-01 11:15:30,CNC,Attack,Parameter_Tamper,0.632,0.439,0.807,89.32,3.6,2473.42,,116.2,1
2024-01-01 11:15:35,CNC,Attack,Parameter_Tamper,0.518,0.494,0.778,96.52,3.66,2509.17,,119.25,1
2024-01-01 11:15:40,CNC,Normal,None,0.171,0.13,0.175,71.46,2.48,1998.3,,83.46,0
2024-01-01 11:15:45,3DPrinter,Normal,None,0.076,0.142,0.099,218.79,1.71,,212.63,53.13,0
2024-01-01 11:15:50,CNC,Normal,None,0.053,0.04,0.237,72.61,2.4,1801.09,,79.59,0
2024-01-01 11:15:55,3DPrinter,Attack,Malware,0.527,0.491,0.7,280.53,3.81,,300.86,70.74,1
2024-01-01 11:16:00,CNC,Attack,Malware,0.57,0.479,0.598,86.75,3.06,2609.18,,112.46,1
2024-01-01 11:16:05,3DPrinter,Normal,None,0.243,0.134,0.206,220.29,1.73,,212.9,47.39,0
2024-01-01 11:16:10,CNC,Normal,None,0.122,0.146,0.192,74.35,2.52,1808.99,,79.97,0
2024-01-01 11:16:15,3DPrinter,Normal,None,0.166,0.082,0.183,223.77,1.95,,206.48,52.66,0
2024-01-01 11:16:20,CNC,Normal,None,0.161,-0.044,0.148,66.26,3.45,1905.87,,80.29,0
2024-01-01 11:16:25,CNC,Normal,None,0.273,0.216,0.202,73.3,1.65,1758.6,,76.3,0
2024-01-01 11:16:30,CNC,Attack,Malware,0.611,0.608,0.705,91.34,3.79,2558.74,,111.91,1
2024-01-01 11:16:35,3DPrinter,Normal,None,0.224,0.189,0.122,220.62,1.83,,210.2,48.04,0
2024-01-01 11:16:40,CNC,Normal,None,0.183,0.138,0.274,69.94,2.15,1731.96,,76.7,0
2024-01-01 11:16:45,3DPrinter,Normal,None,0.17,0.129,0.113,221.2,2.13,,197.37,51.48,0
2024-01-01 11:16:50,3DPrinter,Attack,DoS,0.561,0.397,0.522,283.53,4.2,,303.01,68.23,1
2024-01-01 11:16:55,3DPrinter,Normal,None,0.121,0.082,0.212,218.38,1.95,,220.5,47.88,0
2024-01-01 11:17:00,CNC,Attack,Parameter_Tamper,0.44,0.581,0.622,92.33,3.76,2419.56,,126.92,1
2024-01-01 11:17:05,3DPrinter,Attack,DoS,0.579,0.4,0.502,270.01,3.75,,303.97,73.97,1
2024-01-01 11:17:10,CNC,Attack,Parameter_Tamper,0.62,0.547,0.699,87.21,4.33,2514.32,,125.98,1
2024-01-01 11:17:15,CNC,Attack,Data_Spoofing,0.591,0.611,0.701,83.97,4.17,2487.25,,118.22,1
2024-01-01 11:17:20,CNC,Normal,None,0.141,0.106,0.345,70.78,2.4,1653.13,,79.75,0
2024-01-01 11:17:25,CNC,Attack,DoS,0.666,0.546,0.586,85.32,4.54,2613.13,,114.43,1
2024-01-01 11:17:30,CNC,Normal,None,0.126,0.087,0.224,71.03,1.75,1941.62,,87.57,0
2024-01-01 11:17:35,3DPrinter,Attack,Data_Spoofing,0.415,0.448,0.567,277.66,4.25,,294.62,68.77,1
2024-01-01 11:17:40,3DPrinter,Normal,None,0.157,0.227,0.115,212.97,1.7,,215.21,49.26,0
2024-01-01 11:17:45,CNC,Normal,None,0.226,0.133,0.188,66.49,2.61,1851.07,,73.56,0
2024-01-01 11:17:50,3DPrinter,Attack,Data_Spoofing,0.536,0.446,0.54,281.65,4.51,,294.19,67.24,1
2024-01-01 11:17:55,3DPrinter,Attack,Data_Spoofing,0.502,0.431,0.628,276.24,4.06,,303.86,69.97,1
2024-01-01 11:18:00,3DPrinter,Attack,DoS,0.52,0.347,0.498,286.39,4.0,,296.27,69.86,1
2024-01-01 11:18:05,CNC,Normal,None,0.176,0.012,0.185,71.96,2.04,1798.5,,75.32,0
2024-01-01 11:18:10,3DPrinter,Attack,Parameter_Tamper,0.572,0.491,0.533,279.75,4.39,,307.17,69.71,1
2024-01-01 11:18:15,3DPrinter,Attack,Data_Spoofing,0.451,0.441,0.479,286.79,3.95,,302.69,72.02,1
2024-01-01 11:18:20,CNC,Normal,None,0.166,0.099,0.242,73.12,2.18,1851.75,,82.57,0
2024-01-01 11:18:25,CNC,Normal,None,0.332,0.295,0.026,69.58,2.39,1803.36,,81.53,0
2024-01-01 11:18:30,3DPrinter,Normal,None,0.132,0.105,0.12,219.8,1.88,,209.85,53.46,0
2024-01-01 11:18:35,3DPrinter,Normal,None,0.188,0.029,0.129,231.59,1.47,,216.43,50.16,0
2024-01-01 11:18:40,CNC,Normal,None,0.267,0.103,-0.01,72.09,2.23,1831.13,,80.22,0
2024-01-01 11:18:45,CNC,Normal,None,0.261,0.246,0.157,61.78,2.36,1780.15,,72.68,0
2024-01-01 11:18:50,CNC,Attack,Malware,0.521,0.502,0.602,89.88,3.47,2642.31,,120.83,1
2024-01-01 11:18:55,CNC,Attack,DoS,0.502,0.544,0.786,92.19,4.14,2483.4,,120.88,1
2024-01-01 11:19:00,CNC,Attack,DoS,0.623,0.54,0.675,89.44,3.68,2353.8,,119.98,1
2024-01-01 11:19:05,CNC,Normal,None,0.196,0.093,0.209,68.21,2.08,1691.36,,81.97,0
2024-01-01 11:19:10,3DPrinter,Normal,None,0.134,0.157,0.041,226.47,1.74,,206.83,52.66,0
2024-01-01 11:19:15,3DPrinter,Normal,None,0.14,0.184,0.113,223.67,1.99,,216.09,48.95,0
2024-01-01 11:19:20,3DPrinter,Normal,None,0.102,0.066,0.114,218.0,2.15,,211.47,47.72,0
2024-01-01 11:19:25,3DPrinter,Normal,None,0.151,0.111,0.136,218.13,1.75,,206.08,47.35,0
2024-01-01 11:19:30,3DPrinter,Attack,Malware,0.462,0.411,0.591,282.12,4.28,,298.58,66.74,1
2024-01-01 11:19:35,CNC,Normal,None,0.14,0.028,0.252,66.59,2.5,1700.01,,85.27,0
2024-01-01 11:19:40,CNC,Normal,None,0.31,0.18,0.204,68.52,1.83,1877.65,,75.19,0
2024-01-01 11:19:45,CNC,Normal,None,0.168,0.122,0.076,74.77,1.94,1849.25,,78.12,0
2024-01-01 11:19:50,CNC,Normal,None,0.285,0.118,0.057,72.9,1.58,1709.67,,73.2,0
2024-01-01 11:19:55,CNC,Attack,Parameter_Tamper,0.667,0.473,0.667,86.89,3.52,2535.4,,110.28,1
2024-01-01 11:20:00,3DPrinter,Normal,None,0.114,0.15,0.132,222.21,2.12,,204.28,48.56,0
2024-01-01 11:20:05,3DPrinter,Attack,Malware,0.56,0.465,0.571,283.48,4.34,,296.41,69.66,1
2024-01-01 11:20:10,CNC,Normal,None,0.176,0.132,0.041,72.32,2.58,1854.38,,83.54,0
2024-01-01 11:20:15,3DPrinter,Normal,None,0.141,0.136,0.157,214.1,1.49,,214.71,48.23,0
2024-01-01 11:20:20,CNC,Attack,DoS,0.665,0.43,0.643,86.61,4.14,2633.37,,122.02,1
2024-01-01 11:20:25,CNC,Normal,None,0.141,0.124,0.086,69.29,2.04,1900.91,,78.52,0
2024-01-01 11:20:30,CNC,Attack,Data_Spoofing,0.719,0.52,0.518,92.45,4.17,2614.2,,125.89,1
2024-01-01 11:20:35,3DPrinter,Normal,None,0.224,0.168,0.125,215.81,1.69,,201.68,54.03,0
2024-01-01 11:20:40,CNC,Attack,Malware,0.73,0.497,0.58,88.01,4.4,2343.28,,123.65,1
2024-01-01 11:20:45,CNC,Attack,DoS,0.728,0.581,0.664,87.62,3.64,2696.07,,130.69,1
2024-01-01 11:20:50,CNC,Normal,None,0.095,0.083,0.173,66.12,1.6,1829.38,,84.02,0
2024-01-01 11:20:55,CNC,Normal,None,0.244,0.203,0.143,63.54,2.31,1715.81,,76.77,0
2024-01-01 11:21:00,CNC,Normal,None,0.176,0.138,0.207,64.71,1.56,1733.48,,83.45,0
2024-01-01 11:21:05,CNC,Attack,Parameter_Tamper,0.554,0.527,0.642,94.38,3.91,2556.65,,121.1,1
2024-01-01 11:21:10,3DPrinter,Attack,Data_Spoofing,0.494,0.524,0.554,270.22,4.74,,300.23,71.59,1
2024-01-01 11:21:15,3DPrinter,Normal,None,0.097,0.052,0.171,212.96,1.7,,209.83,53.21,0
2024-01-01 11:21:20,CNC,Normal,None,0.187,0.123,0.033,70.87,1.69,1888.92,,77.78,0
2024-01-01 11:21:25,CNC,Attack,Malware,0.665,0.627,0.673,89.37,3.56,2582.33,,125.04,1
2024-01-01 11:21:30,CNC,Normal,None,0.088,0.084,0.049,73.46,1.8,1734.57,,74.84,0
2024-01-01 11:21:35,CNC,Attack,DoS,0.573,0.414,0.571,91.93,3.29,2465.97,,127.79,1
2024-01-01 11:21:40,3DPrinter,Normal,None,0.248,0.06,0.044,217.32,1.77,,205.99,52.93,0
2024-01-01 11:21:45,CNC,Normal,None,0.195,0.179,0.115,67.7,1.96,1659.87,,73.64,0
2024-01-01 11:21:50,3DPrinter,Attack,Parameter_Tamper,0.432,0.536,0.581,280.23,3.94,,298.6,69.1,1
2024-01-01 11:21:55,CNC,Normal,None,0.161,0.15,0.131,71.78,2.19,1610.4,,76.13,0
2024-01-01 11:22:00,CNC,Attack,DoS,0.442,0.59,0.564,88.62,2.67,2556.57,,117.04,1
2024-01-01 11:22:05,3DPrinter,Normal,None,0.125,0.085,0.141,216.4,1.82,,208.1,50.5,0
2024-01-01 11:22:10,3DPrinter,Attack,Malware,0.538,0.513,0.529,281.16,3.8,,302.08,71.38,1
2024-01-01 11:22:15,CNC,Normal,None,0.168,0.089,0.157,67.97,2.28,1745.06,,77.04,0
2024-01-01 11:22:20,3DPrinter,Attack,DoS,0.513,0.437,0.563,279.71,3.75,,305.47,67.34,1
2024-01-01 11:22:25,3DPrinter,Normal,None,0.182,0.103,0.056,223.73,2.03,,213.92,50.09,0
2024-01-01 11:22:30,3DPrinter,Normal,None,0.18,0.051,0.116,220.65,1.32,,216.85,52.27,0
2024-01-01 11:22:35,3DPrinter,Normal,None,0.18,0.078,0.181,222.6,1.79,,205.03,47.83,0
2024-01-01 11:22:40,3DPrinter,Normal,None,0.181,0.124,0.062,224.33,2.2,,217.38,46.61,0
2024-01-01 11:22:45,3DPrinter,Normal,None,0.166,0.104,0.138,221.35,1.81,,211.41,49.73,0
2024-01-01 11:22:50,3DPrinter,Normal,None,0.122,0.137,0.166,211.76,2.22,,212.35,54.17,0
2024-01-01 11:22:55,CNC,Attack,DoS,0.72,0.445,0.632,88.99,3.35,2351.38,,121.97,1
2024-01-01 11:23:00,CNC,Normal,None,0.281,0.176,0.219,64.58,2.21,1761.75,,81.97,0
2024-01-01 11:23:05,3DPrinter,Normal,None,0.27,0.088,0.024,222.98,1.86,,215.31,50.85,0
2024-01-01 11:23:10,CNC,Attack,Malware,0.449,0.569,0.594,96.14,3.72,2428.97,,123.39,1
2024-01-01 11:23:15,CNC,Normal,None,0.214,0.261,0.201,67.44,2.14,1792.46,,82.06,0
2024-01-01 11:23:20,CNC,Normal,None,0.133,0.143,0.146,75.13,1.85,1824.47,,76.94,0
2024-01-01 11:23:25,3DPrinter,Normal,None,0.155,0.172,0.147,215.32,2.05,,210.9,52.86,0
2024-01-01 11:23:30,3DPrinter,Normal,None,0.162,0.109,0.132,221.69,1.79,,215.7,51.44,0
2024-01-01 11:23:35,3DPrinter,Normal,None,0.102,0.099,0.076,217.84,1.66,,212.23,49.68,0
2024-01-01 11:23:40,CNC,Attack,Parameter_Tamper,0.622,0.541,0.605,96.26,2.83,2413.66,,117.69,1
2024-01-01 11:23:45,CNC,Normal,None,0.085,0.251,0.172,74.08,1.85,1850.39,,80.34,0
2024-01-01 11:23:50,3DPrinter,Normal,None,0.22,0.182,0.148,215.29,1.57,,200.75,52.36,0
2024-01-01 11:23:55,CNC,Normal,None,0.195,0.142,0.172,68.83,2.03,1791.33,,80.17,0
2024-01-01 11:24:00,CNC,Normal,None,0.165,0.061,0.141,74.88,2.0,1731.91,,77.53,0
2024-01-01 11:24:05,CNC,Normal,None,0.167,0.096,0.171,65.4,1.5,1867.09,,72.28,0
2024-01-01 11:24:10,3DPrinter,Normal,None,0.217,0.101,0.159,214.56,1.22,,210.28,51.15,0
2024-01-01 11:24:15,CNC,Normal,None,0.299,0.214,0.201,70.22,2.31,1651.79,,80.63,0
2024-01-01 11:24:20,3DPrinter,Normal,None,0.233,0.131,0.227,215.51,0.95,,207.69,47.49,0
2024-01-01 11:24:25,CNC,Normal,None,0.075,0.082,0.182,70.8,1.93,1577.22,,85.91,0
2024-01-01 11:24:30,3DPrinter,Normal,None,0.218,0.099,0.157,223.2,1.85,,207.76,47.66,0
2024-01-01 11:24:35,CNC,Normal,None,0.103,0.185,0.244,74.76,2.62,1767.59,,73.84,0
2024-01-01 11:24:40,3DPrinter,Normal,None,0.21,0.148,0.188,216.22,2.37,,206.65,51.92,0
2024-01-01 11:24:45,3DPrinter,Normal,None,0.147,0.159,0.23,217.68,1.92,,205.15,52.53,0
2024-01-01 11:24:50,3DPrinter,Normal,None,0.21,0.126,0.178,222.64,1.97,,204.01,53.49,0
2024-01-01 11:24:55,3DPrinter,Normal,None,0.164,0.129,0.157,212.71,1.93,,212.65,48.8,0
2024-01-01 11:25:00,3DPrinter,Normal,None,0.231,0.13,0.171,226.08,2.1,,216.28,49.11,0
2024-01-01 11:25:05,3DPrinter,Normal,None,0.124,0.111,0.085,223.59,1.63,,202.51,48.38,0
2024-01-01 11:25:10,CNC,Attack,Parameter_Tamper,0.665,0.507,0.751,90.5,3.83,2321.03,,122.63,1
2024-01-01 11:25:15,3DPrinter,Normal,None,0.155,0.163,0.175,212.89,1.98,,211.53,49.22,0
2024-01-01 11:25:20,3DPrinter,Attack,Parameter_Tamper,0.526,0.386,0.49,279.08,3.46,,301.3,69.78,1
2024-01-01 11:25:25,3DPrinter,Normal,None,0.104,0.114,0.113,222.5,1.64,,204.3,49.41,0
2024-01-01 11:25:30,3DPrinter,Normal,None,0.197,0.088,0.088,217.93,2.17,,199.36,50.25,0
2024-01-01 11:25:35,3DPrinter,Normal,None,0.135,0.163,0.212,221.96,1.17,,217.68,47.41,0
2024-01-01 11:25:40,3DPrinter,Normal,None,0.161,0.087,0.09,227.3,2.31,,207.76,50.07,0
2024-01-01 11:25:45,CNC,Normal,None,0.275,0.132,0.172,67.74,1.67,1846.31,,78.57,0
2024-01-01 11:25:50,CNC,Normal,None,0.186,0.167,0.137,68.9,1.91,1870.9,,80.34,0
2024-01-01 11:25:55,CNC,Normal,None,0.201,0.161,0.145,72.56,2.36,1823.86,,84.17,0
2024-01-01 11:26:00,CNC,Normal,None,0.088,0.213,0.155,65.18,2.17,1649.98,,84.43,0
2024-01-01 11:26:05,CNC,Attack,Malware,0.564,0.56,0.674,93.46,3.75,2706.02,,118.21,1
2024-01-01 11:26:10,CNC,Normal,None,0.152,0.03,0.083,71.31,1.94,1928.34,,75.32,0
2024-01-01 11:26:15,CNC,Attack,Data_Spoofing,0.671,0.668,0.58,85.96,4.18,2440.84,,119.97,1
2024-01-01 11:26:20,CNC,Normal,None,0.264,0.121,0.339,68.19,2.05,1874.44,,83.05,0
2024-01-01 11:26:25,CNC,Normal,None,0.21,0.131,0.143,66.4,1.37,1881.79,,80.97,0
2024-01-01 11:26:30,CNC,Normal,None,0.18,0.099,0.15,68.17,2.1,1839.05,,75.85,0
2024-01-01 11:26:35,3DPrinter,Normal,None,0.204,0.181,0.15,228.73,1.4,,210.65,50.54,0
2024-01-01 11:26:40,3DPrinter,Normal,None,0.151,0.207,0.138,228.42,1.86,,204.82,59.89,0
2024-01-01 11:26:45,CNC,Attack,Malware,0.499,0.542,0.717,93.0,2.64,2564.3,,120.11,1
2024-01-01 11:26:50,CNC,Normal,None,0.198,0.016,0.262,73.98,1.71,1832.57,,79.71,0
2024-01-01 11:26:55,3DPrinter,Normal,None,0.139,0.153,0.128,213.13,1.78,,213.64,49.55,0
2024-01-01 11:27:00,CNC,Normal,None,0.161,0.1,0.065,69.97,2.7,1787.62,,77.99,0
2024-01-01 11:27:05,3DPrinter,Normal,None,0.112,0.171,0.12,217.29,1.89,,205.67,50.84,0
2024-01-01 11:27:10,CNC,Normal,None,0.151,0.111,0.237,76.07,1.85,1783.08,,80.87,0
2024-01-01 11:27:15,CNC,Attack,Malware,0.531,0.593,0.657,83.98,3.1,2692.79,,120.0,1
2024-01-01 11:27:20,CNC,Normal,None,0.216,-0.06,0.054,72.17,1.97,1529.78,,84.24,0
2024-01-01 11:27:25,CNC,Attack,Malware,0.651,0.518,0.697,88.19,3.4,2616.45,,119.37,1
2024-01-01 11:27:30,3DPrinter,Attack,Data_Spoofing,0.477,0.485,0.47,283.43,4.1,,296.55,71.24,1
2024-01-01 11:27:35,3DPrinter,Normal,None,0.106,0.103,0.155,222.23,1.99,,205.61,55.46,0
2024-01-01 11:27:40,3DPrinter,Attack,Parameter_Tamper,0.541,0.52,0.538,287.03,4.05,,294.91,67.87,1
2024-01-01 11:27:45,CNC,Normal,None,0.079,0.224,0.128,69.24,2.21,1616.0,,78.94,0
2024-01-01 11:27:50,3DPrinter,Normal,None,0.184,0.112,0.144,219.0,1.84,,203.44,50.0,0
2024-01-01 11:27:55,3DPrinter,Normal,None,0.12,0.267,0.232,220.26,1.85,,205.1,47.59,0
2024-01-01 11:28:00,CNC,Normal,None,0.236,0.215,0.127,70.33,2.47,1926.33,,80.35,0
2024-01-01 11:28:05,CNC,Normal,None,0.213,0.06,0.131,72.88,2.61,1753.35,,78.36,0
2024-01-01 11:28:10,CNC,Normal,None,0.17,0.156,0.07,67.27,2.85,1734.2,,79.19,0
2024-01-01 11:28:15,CNC,Normal,None,0.197,0.056,0.164,70.19,2.14,1771.05,,86.84,0
2024-01-01 11:28:20,CNC,Normal,None,0.334,0.185,0.278,72.96,1.94,1716.63,,72.78,0
2024-01-01 11:28:25,CNC,Attack,DoS,0.459,0.476,0.621,87.61,3.52,2477.84,,126.92,1
2024-01-01 11:28:30,3DPrinter,Attack,Malware,0.547,0.44,0.551,285.64,4.07,,307.47,67.65,1
2024-01-01 11:28:35,3DPrinter,Attack,Parameter_Tamper,0.435,0.456,0.519,273.11,3.53,,292.31,72.01,1
2024-01-01 11:28:40,CNC,Normal,None,0.058,0.063,0.167,67.18,2.61,1672.64,,77.23,0
2024-01-01 11:28:45,CNC,Normal,None,0.053,0.14,0.177,70.11,2.03,1834.3,,81.86,0
2024-01-01 11:28:50,3DPrinter,Attack,Data_Spoofing,0.52,0.405,0.57,287.44,3.91,,302.77,71.59,1
2024-01-01 11:28:55,CNC,Normal,None,0.154,0.335,0.229,66.49,1.89,2027.85,,79.14,0
2024-01-01 11:29:00,3DPrinter,Normal,None,0.281,0.153,0.098,223.88,1.97,,201.37,49.05,0
2024-01-01 11:29:05,CNC,Normal,None,0.17,0.131,0.161,67.31,2.45,1762.96,,76.63,0
2024-01-01 11:29:10,3DPrinter,Attack,Malware,0.488,0.432,0.629,283.33,3.72,,301.99,66.97,1
2024-01-01 11:29:15,3DPrinter,Normal,None,0.163,0.205,0.239,223.25,2.06,,211.25,51.1,0
2024-01-01 11:29:20,CNC,Attack,DoS,0.594,0.432,0.694,86.0,3.88,2454.55,,129.6,1
2024-01-01 11:29:25,3DPrinter,Attack,Malware,0.494,0.437,0.634,279.85,4.1,,300.21,68.79,1
2024-01-01 11:29:30,3DPrinter,Normal,None,0.296,0.129,0.157,212.24,1.56,,214.47,45.66,0
2024-01-01 11:29:35,CNC,Attack,Parameter_Tamper,0.549,0.595,0.677,91.43,3.81,2538.36,,119.52,1
2024-01-01 11:29:40,CNC,Normal,None,0.174,0.005,0.267,66.72,2.23,1832.18,,78.18,0
2024-01-01 11:29:45,CNC,Normal,None,0.197,0.21,0.152,74.72,1.81,1725.0,,76.61,0
2024-01-01 11:29:50,CNC,Normal,None,0.105,0.081,0.168,78.63,3.29,1767.81,,83.84,0
2024-01-01 11:29:55,CNC,Normal,None,0.092,0.21,0.125,67.89,2.8,1652.41,,80.76,0
2024-01-01 11:30:00,CNC,Attack,DoS,0.684,0.487,0.665,91.95,3.86,2437.8,,120.01,1
2024-01-01 11:30:05,CNC,Normal,None,0.217,0.09,0.105,68.99,2.15,1803.52,,83.67,0
2024-01-01 11:30:10,3DPrinter,Normal,None,0.197,0.13,0.193,220.4,1.98,,204.45,44.7,0
2024-01-01 11:30:15,3DPrinter,Normal,None,0.126,0.163,0.134,218.48,1.64,,219.36,51.06,0
2024-01-01 11:30:20,CNC,Normal,None,0.079,0.16,0.29,68.58,2.44,2039.29,,73.29,0
2024-01-01 11:30:25,3DPrinter,Normal,None,0.099,0.238,0.184,211.11,1.73,,209.16,51.18,0
2024-01-01 11:30:30,3DPrinter,Normal,None,0.23,0.097,0.162,211.7,1.57,,202.52,45.19,0
2024-01-01 11:30:35,CNC,Normal,None,0.187,0.105,0.242,73.88,1.64,1900.62,,83.28,0
2024-01-01 11:30:40,CNC,Normal,None,0.22,0.169,0.326,69.18,3.15,1942.39,,78.81,0
2024-01-01 11:30:45,CNC,Normal,None,0.236,0.039,0.145,72.78,2.2,1902.17,,81.35,0
2024-01-01 11:30:50,3DPrinter,Normal,None,0.161,0.162,0.144,218.43,2.04,,210.79,43.59,0
2024-01-01 11:30:55,3DPrinter,Normal,None,0.132,0.002,0.144,224.47,1.64,,215.11,50.18,0
2024-01-01 11:31:00,3DPrinter,Attack,Data_Spoofing,0.42,0.416,0.548,275.34,4.03,,303.2,67.73,1
2024-01-01 11:31:05,CNC,Normal,None,0.203,0.184,0.157,72.62,2.07,1828.24,,76.33,0
2024-01-01 11:31:10,CNC,Normal,None,0.14,0.096,0.163,68.37,2.69,1810.07,,80.22,0
2024-01-01 11:31:15,CNC,Attack,Data_Spoofing,0.645,0.484,0.713,90.63,4.02,2672.98,,116.7,1
2024-01-01 11:31:20,CNC,Normal,None,0.204,0.098,0.199,72.36,2.89,1668.44,,79.44,0
2024-01-01 11:31:25,3DPrinter,Attack,DoS,0.569,0.444,0.611,279.55,4.45,,302.7,62.94,1
2024-01-01 11:31:30,CNC,Normal,None,0.121,0.233,0.219,70.44,2.43,1698.27,,78.55,0
2024-01-01 11:31:35,CNC,Normal,None,0.175,0.179,0.2,60.0,1.94,1658.72,,81.6,0
2024-01-01 11:31:40,3DPrinter,Normal,None,0.149,0.105,0.203,214.14,1.41,,217.6,48.1,0
2024-01-01 11:31:45,CNC,Normal,None,0.194,0.228,0.211,69.65,1.39,1895.36,,77.63,0
2024-01-01 11:31:50,3DPrinter,Normal,None,0.149,0.142,0.176,223.68,2.23,,209.94,48.3,0
2024-01-01 11:31:55,3DPrinter,Normal,None,0.132,0.12,0.175,226.77,2.24,,208.53,47.04,0
2024-01-01 11:32:00,CNC,Attack,Malware,0.541,0.537,0.605,85.95,3.18,2523.24,,122.86,1
2024-01-01 11:32:05,3DPrinter,Attack,Data_Spoofing,0.465,0.509,0.494,281.13,3.96,,305.22,71.79,1
2024-01-01 11:32:10,3DPrinter,Normal,None,0.184,0.241,0.089,215.54,2.3,,213.26,50.21,0
2024-01-01 11:32:15,CNC,Normal,None,0.147,0.164,0.091,68.28,1.47,1937.73,,74.8,0
2024-01-01 11:32:20,3DPrinter,Normal,None,0.145,0.136,0.096,224.34,2.69,,212.46,48.99,0
2024-01-01 11:32:25,3DPrinter,Normal,None,0.048,0.171,0.177,216.68,1.32,,212.55,54.03,0
2024-01-01 11:32:30,CNC,Normal,None,0.233,0.1,0.116,66.7,2.49,1991.89,,83.73,0
2024-01-01 11:32:35,CNC,Normal,None,0.174,0.092,0.194,72.88,2.32,1974.09,,78.69,0
2024-01-01 11:32:40,CNC,Attack,Parameter_Tamper,0.629,0.498,0.66,92.35,3.7,2479.54,,118.12,1
2024-01-01 11:32:45,CNC,Normal,None,0.16,0.061,-0.023,75.24,2.42,1788.32,,77.33,0
2024-01-01 11:32:50,CNC,Normal,None,0.123,0.191,0.158,72.16,2.79,1771.88,,83.09,0
2024-01-01 11:32:55,3DPrinter,Attack,DoS,0.577,0.515,0.534,285.43,3.88,,295.59,66.98,1
2024-01-01 11:33:00,3DPrinter,Normal,None,0.117,0.085,0.194,214.12,1.9,,213.63,50.51,0
2024-01-01 11:33:05,CNC,Normal,None,0.269,0.149,0.096,66.69,1.93,2003.66,,78.35,0
2024-01-01 11:33:10,3DPrinter,Normal,None,0.182,0.16,0.188,213.22,1.87,,215.49,48.79,0
2024-01-01 11:33:15,CNC,Normal,None,0.275,0.164,0.18,67.19,2.43,1650.99,,77.38,0
2024-01-01 11:33:20,3DPrinter,Normal,None,0.242,0.072,0.236,219.21,1.7,,212.0,47.9,0
2024-01-01 11:33:25,3DPrinter,Attack,DoS,0.406,0.383,0.474,275.21,4.55,,311.07,70.61,1
2024-01-01 11:33:30,3DPrinter,Normal,None,0.204,0.171,0.079,216.94,1.76,,214.07,49.25,0
2024-01-01 11:33:35,3DPrinter,Normal,None,0.154,0.099,0.199,213.44,1.94,,213.64,49.57,0
2024-01-01 11:33:40,CNC,Normal,None,0.169,0.107,0.065,75.04,2.19,1754.79,,86.25,0
2024-01-01 11:33:45,CNC,Normal,None,0.155,0.091,0.103,72.45,1.55,1592.88,,78.55,0
2024-01-01 11:33:50,3DPrinter,Normal,None,0.164,0.116,0.173,217.23,1.54,,218.37,45.16,0
2024-01-01 11:33:55,3DPrinter,Normal,None,0.168,0.143,0.114,216.26,1.97,,201.35,44.75,0
2024-01-01 11:34:00,CNC,Attack,Malware,0.707,0.576,0.616,91.18,4.26,2508.21,,117.05,1
2024-01-01 11:34:05,3DPrinter,Attack,DoS,0.411,0.438,0.542,281.37,3.83,,285.53,73.58,1
2024-01-01 11:34:10,3DPrinter,Normal,None,0.127,0.213,0.102,219.37,2.45,,212.14,52.58,0
2024-01-01 11:34:15,CNC,Normal,None,0.135,0.072,0.289,64.77,2.48,1609.04,,76.84,0
2024-01-01 11:34:20,CNC,Normal,None,0.114,0.185,0.038,74.26,2.25,1941.29,,77.02,0
2024-01-01 11:34:25,CNC,Normal,None,0.134,0.161,0.145,70.92,1.84,1848.67,,74.73,0
2024-01-01 11:34:30,CNC,Normal,None,0.193,0.078,0.24,73.49,2.2,2027.54,,89.01,0
2024-01-01 11:34:35,CNC,Normal,None,0.203,0.21,0.284,68.74,2.0,1831.98,,79.27,0
2024-01-01 11:34:40,3DPrinter,Attack,Malware,0.419,0.467,0.537,286.99,4.35,,295.72,73.94,1
2024-01-01 11:34:45,CNC,Normal,None,0.218,0.059,0.079,70.09,1.37,1755.5,,73.06,0
2024-01-01 11:34:50,CNC,Normal,None,0.226,0.245,0.08,71.83,2.08,1748.38,,80.62,0
2024-01-01 11:34:55,3DPrinter,Attack,Data_Spoofing,0.467,0.467,0.511,283.73,4.08,,298.3,67.86,1
2024-01-01 11:35:00,CNC,Normal,None,0.236,0.127,0.21,72.71,2.61,1808.78,,75.35,0
2024-01-01 11:35:05,3DPrinter,Attack,Data_Spoofing,0.492,0.444,0.547,281.4,3.71,,292.67,71.96,1
2024-01-01 11:35:10,3DPrinter,Attack,Data_Spoofing,0.57,0.471,0.509,284.31,3.93,,290.25,67.06,1
2024-01-01 11:35:15,3DPrinter,Normal,None,0.147,0.206,0.126,220.86,2.17,,198.28,48.46,0
2024-01-01 11:35:20,3DPrinter,Normal,None,0.169,0.097,0.213,219.12,1.52,,213.07,41.3,0
2024-01-01 11:35:25,3DPrinter,Normal,None,0.177,0.138,0.142,218.95,1.69,,220.06,47.53,0
2024-01-01 11:35:30,3DPrinter,Normal,None,0.161,0.109,-0.001,214.47,1.76,,210.47,51.03,0
2024-01-01 11:35:35,CNC,Attack,DoS,0.654,0.551,0.664,87.94,3.68,2441.94,,123.61,1
2024-01-01 11:35:40,CNC,Attack,Malware,0.539,0.588,0.471,84.43,5.07,2433.55,,125.88,1
2024-01-01 11:35:45,3DPrinter,Attack,DoS,0.497,0.368,0.532,277.57,3.76,,296.0,64.58,1
2024-01-01 11:35:50,3DPrinter,Normal,None,0.2,0.102,0.167,219.99,1.26,,210.14,51.82,0
2024-01-01 11:35:55,3DPrinter,Normal,None,0.102,0.191,0.169,220.76,2.22,,213.97,43.12,0
2024-01-01 11:36:00,3DPrinter,Normal,None,0.137,0.064,0.079,213.34,1.68,,204.66,49.54,0
2024-01-01 11:36:05,3DPrinter,Normal,None,0.16,0.171,0.106,214.56,1.86,,206.17,48.42,0
2024-01-01 11:36:10,CNC,Normal,None,0.179,0.241,0.058,73.4,1.55,1836.18,,84.2,0
2024-01-01 11:36:15,CNC,Normal,None,0.087,0.212,0.184,69.32,1.95,1911.36,,88.29,0
2024-01-01 11:36:20,CNC,Normal,None,0.23,0.146,0.195,68.35,1.76,1946.46,,82.0,0
2024-01-01 11:36:25,3DPrinter,Normal,None,0.126,0.079,0.038,217.51,2.1,,202.08,46.47,0
2024-01-01 11:36:30,CNC,Normal,None,0.167,0.158,0.221,70.93,2.9,1700.85,,85.85,0
2024-01-01 11:36:35,CNC,Normal,None,0.113,0.114,0.08,68.51,2.42,1799.31,,84.47,0
2024-01-01 11:36:40,3DPrinter,Normal,None,0.088,0.184,0.204,215.82,1.5,,206.86,51.6,0
2024-01-01 11:36:45,3DPrinter,Normal,None,0.177,0.215,0.153,206.7,1.89,,214.67,50.67,0
2024-01-01 11:36:50,3DPrinter,Normal,None,0.133,0.16,0.175,217.71,2.27,,206.08,51.31,0
2024-01-01 11:36:55,CNC,Normal,None,0.138,0.137,0.037,71.94,3.06,1871.24,,76.85,0
2024-01-01 11:37:00,CNC,Normal,None,0.164,0.016,0.196,70.63,2.08,1696.12,,87.16,0
2024-01-01 11:37:05,3DPrinter,Normal,None,0.127,0.126,0.2,227.91,1.83,,208.42,50.2,0
2024-01-01 11:37:10,CNC,Attack,Data_Spoofing,0.528,0.492,0.856,87.0,3.58,2638.37,,125.66,1
2024-01-01 11:37:15,CNC,Normal,None,0.01,0.097,0.128,71.46,1.99,1854.65,,80.38,0
2024-01-01 11:37:20,3DPrinter,Normal,None,0.171,0.119,0.167,223.9,1.97,,206.66,51.27,0
2024-01-01 11:37:25,3DPrinter,Normal,None,0.044,0.195,0.176,217.33,1.86,,220.07,48.43,0
2024-01-01 11:37:30,CNC,Normal,None,0.127,0.114,0.176,69.89,2.31,1619.19,,79.07,0
2024-01-01 11:37:35,3DPrinter,Attack,DoS,0.541,0.393,0.485,275.46,4.1,,302.6,71.81,1
2024-01-01 11:37:40,CNC,Normal,None,0.22,0.054,0.134,68.76,2.29,1890.88,,80.13,0
2024-01-01 11:37:45,3DPrinter,Normal,None,0.15,0.162,0.132,218.42,1.74,,206.2,50.76,0
2024-01-01 11:37:50,3DPrinter,Normal,None,0.219,0.009,0.092,218.39,2.25,,213.54,45.09,0
2024-01-01 11:37:55,CNC,Normal,None,0.172,0.051,0.171,65.87,1.4,1853.24,,81.28,0
2024-01-01 11:38:00,3DPrinter,Attack,Malware,0.582,0.435,0.489,281.57,3.62,,294.39,67.53,1
2024-01-01 11:38:05,CNC,Normal,None,0.092,0.171,0.205,64.61,1.81,1807.97,,79.43,0
2024-01-01 11:38:10,CNC,Normal,None,0.173,0.182,0.119,72.54,2.51,1637.45,,80.02,0
2024-01-01 11:38:15,3DPrinter,Attack,DoS,0.506,0.482,0.581,269.9,3.66,,294.9,67.55,1
2024-01-01 11:38:20,CNC,Attack,Data_Spoofing,0.528,0.422,0.68,89.58,4.22,2581.23,,119.83,1
2024-01-01 11:38:25,CNC,Normal,None,0.079,0.237,0.129,73.42,2.08,1817.49,,75.45,0
2024-01-01 11:38:30,CNC,Normal,None,0.185,0.03,0.162,72.65,2.36,1695.21,,78.49,0
2024-01-01 11:38:35,3DPrinter,Normal,None,0.154,0.104,0.057,224.2,1.72,,214.72,50.84,0
2024-01-01 11:38:40,3DPrinter,Normal,None,0.146,0.076,0.116,222.5,1.72,,206.79,45.33,0
2024-01-01 11:38:45,3DPrinter,Normal,None,0.105,0.161,0.084,227.77,1.4,,221.66,55.18,0
2024-01-01 11:38:50,3DPrinter,Normal,None,0.128,0.121,0.233,211.3,1.63,,206.26,48.29,0
2024-01-01 11:38:55,3DPrinter,Normal,None,0.044,0.142,0.147,221.76,1.93,,214.41,50.8,0
2024-01-01 11:39:00,CNC,Normal,None,0.207,0.137,0.259,67.87,2.13,1862.56,,81.27,0
2024-01-01 11:39:05,3DPrinter,Normal,None,0.178,0.109,0.149,225.0,1.59,,212.98,50.1,0
2024-01-01 11:39:10,3DPrinter,Normal,None,0.156,0.222,0.133,223.01,1.58,,204.4,49.98,0
2024-01-01 11:39:15,3DPrinter,Normal,None,0.209,0.065,0.147,227.76,2.03,,217.68,48.32,0
2024-01-01 11:39:20,3DPrinter,Normal,None,0.078,0.107,0.186,213.34,2.05,,199.91,46.43,0
2024-01-01 11:39:25,CNC,Normal,None,0.158,0.227,0.195,66.66,1.57,1745.16,,82.5,0
2024-01-01 11:39:30,3DPrinter,Normal,None,0.261,0.121,0.219,223.66,1.77,,206.76,52.34,0
2024-01-01 11:39:35,CNC,Attack,Malware,0.545,0.514,0.631,88.66,3.69,2542.32,,112.13,1
2024-01-01 11:39:40,CNC,Attack,Parameter_Tamper,0.505,0.516,0.624,88.88,4.04,2429.78,,130.82,1
2024-01-01 11:39:45,3DPrinter,Normal,None,0.219,0.106,0.237,214.04,1.54,,208.99,51.24,0
2024-01-01 11:39:50,3DPrinter,Normal,None,0.116,0.108,0.115,217.49,1.56,,218.27,52.13,0
2024-01-01 11:39:55,3DPrinter,Normal,None,0.198,0.2,0.161,226.3,2.3,,205.39,52.82,0
2024-01-01 11:40:00,3DPrinter,Normal,None,0.182,0.096,0.25,218.5,1.86,,210.72,47.92,0
2024-01-01 11:40:05,CNC,Attack,Malware,0.632,0.651,0.759,89.58,3.9,2508.17,,113.55,1
2024-01-01 11:40:10,CNC,Attack,Parameter_Tamper,0.745,0.493,0.804,87.17,3.62,2544.21,,123.99,1
2024-01-01 11:40:15,3DPrinter,Normal,None,0.184,0.089,0.193,213.11,1.44,,219.51,49.96,0
2024-01-01 11:40:20,3DPrinter,Attack,DoS,0.581,0.397,0.502,285.26,4.34,,306.74,73.46,1
2024-01-01 11:40:25,3DPrinter,Attack,Data_Spoofing,0.511,0.488,0.475,278.93,3.72,,302.84,72.77,1
2024-01-01 11:40:30,3DPrinter,Normal,None,0.125,0.115,0.081,223.32,1.83,,209.82,50.99,0
2024-01-01 11:40:35,CNC,Normal,None,0.077,0.175,0.185,73.8,1.7,1626.44,,81.54,0
2024-01-01 11:40:40,CNC,Normal,None,0.096,0.149,0.141,67.91,2.17,1696.79,,86.18,0
2024-01-01 11:40:45,CNC,Attack,Malware,0.551,0.501,0.689,89.53,4.06,2245.05,,116.64,1
2024-01-01 11:40:50,3DPrinter,Normal,None,0.135,0.156,0.065,222.26,1.99,,213.38,53.11,0
2024-01-01 11:40:55,CNC,Attack,Malware,0.519,0.693,0.739,87.61,3.86,2463.98,,128.12,1
2024-01-01 11:41:00,3DPrinter,Normal,None,0.124,0.103,0.1,221.7,1.86,,210.2,52.36,0
2024-01-01 11:41:05,3DPrinter,Attack,Parameter_Tamper,0.477,0.366,0.589,284.54,4.14,,299.09,66.2,1
2024-01-01 11:41:10,CNC,Normal,None,0.23,0.11,0.032,67.34,1.66,1849.62,,80.47,0
2024-01-01 11:41:15,CNC,Normal,None,0.071,0.123,0.152,74.04,2.24,1756.93,,82.29,0
2024-01-01 11:41:20,CNC,Normal,None,0.161,0.215,0.113,67.56,2.0,1748.66,,80.49,0
2024-01-01 11:41:25,CNC,Normal,None,0.139,0.251,0.067,65.74,1.72,1813.44,,68.77,0
2024-01-01 11:41:30,CNC,Attack,Parameter_Tamper,0.487,0.478,0.671,90.85,3.5,2392.21,,117.71,1
2024-01-01 11:41:35,3DPrinter,Normal,None,0.054,0.105,0.077,223.23,1.94,,213.48,47.7,0
2024-01-01 11:41:40,3DPrinter,Normal,None,0.097,0.089,0.113,211.63,1.72,,215.82,52.54,0
2024-01-01 11:41:45,3DPrinter,Normal,None,0.209,0.129,0.034,223.31,2.44,,197.0,46.29,0
2024-01-01 11:41:50,3DPrinter,Normal,None,0.223,0.004,0.154,224.21,2.0,,217.78,53.05,0
2024-01-01 11:41:55,3DPrinter,Normal,None,0.243,0.077,0.128,220.31,1.77,,216.71,49.01,0
2024-01-01 11:42:00,3DPrinter,Normal,None,0.107,0.078,0.199,222.18,1.15,,205.73,42.29,0
2024-01-01 11:42:05,CNC,Normal,None,0.154,0.159,0.226,70.28,2.74,1960.52,,83.18,0
2024-01-01 11:42:10,CNC,Attack,Parameter_Tamper,0.581,0.505,0.634,89.43,3.76,2563.6,,121.2,1
2024-01-01 11:42:15,3DPrinter,Normal,None,0.124,0.107,0.108,221.6,1.48,,209.13,49.98,0
2024-01-01 11:42:20,CNC,Attack,Malware,0.511,0.495,0.611,88.64,4.2,2474.56,,114.7,1
2024-01-01 11:42:25,3DPrinter,Attack,Data_Spoofing,0.572,0.409,0.587,283.19,4.07,,308.72,69.92,1
2024-01-01 11:42:30,CNC,Attack,Parameter_Tamper,0.555,0.571,0.688,85.62,3.39,2271.52,,120.91,1
2024-01-01 11:42:35,3DPrinter,Normal,None,0.244,0.128,0.103,221.99,2.04,,205.27,49.1,0
2024-01-01 11:42:40,CNC,Attack,Parameter_Tamper,0.59,0.591,0.607,94.71,4.3,2500.85,,120.25,1
2024-01-01 11:42:45,3DPrinter,Normal,None,0.108,0.181,0.072,220.37,1.69,,214.77,46.35,0
2024-01-01 11:42:50,3DPrinter,Normal,None,0.19,0.185,0.195,228.28,2.04,,210.84,48.58,0
2024-01-01 11:42:55,CNC,Normal,None,0.172,0.194,0.207,67.23,2.2,1863.85,,79.3,0
2024-01-01 11:43:00,CNC,Normal,None,0.259,0.082,0.188,70.69,2.33,1558.02,,83.12,0
2024-01-01 11:43:05,3DPrinter,Attack,Data_Spoofing,0.497,0.442,0.557,278.4,4.42,,294.7,74.42,1
2024-01-01 11:43:10,CNC,Attack,DoS,0.531,0.592,0.782,86.5,3.75,2606.39,,122.28,1
2024-01-01 11:43:15,CNC,Normal,None,0.223,0.274,0.161,67.74,2.52,1774.6,,82.4,0
2024-01-01 11:43:20,3DPrinter,Attack,Parameter_Tamper,0.584,0.434,0.526,276.4,4.31,,294.52,71.9,1
2024-01-01 11:43:25,CNC,Attack,Parameter_Tamper,0.543,0.362,0.631,89.33,4.07,2493.32,,122.88,1
2024-01-01 11:43:30,3DPrinter,Attack,DoS,0.537,0.477,0.56,275.5,3.87,,296.14,74.29,1
2024-01-01 11:43:35,3DPrinter,Normal,None,0.189,0.246,0.2,220.01,1.55,,209.12,50.25,0
2024-01-01 11:43:40,3DPrinter,Attack,Parameter_Tamper,0.56,0.464,0.578,277.62,3.94,,295.85,70.91,1
2024-01-01 11:43:45,CNC,Attack,Data_Spoofing,0.583,0.497,0.619,94.38,4.26,2520.85,,111.05,1
2024-01-01 11:43:50,3DPrinter,Normal,None,0.173,0.125,0.177,217.39,1.63,,214.0,52.67,0
2024-01-01 11:43:55,CNC,Normal,None,0.263,0.156,0.148,67.18,2.4,1903.1,,83.5,0
2024-01-01 11:44:00,CNC,Attack,Data_Spoofing,0.622,0.473,0.585,95.44,4.19,2493.7,,119.82,1
2024-01-01 11:44:05,CNC,Normal,None,0.336,0.122,0.167,68.37,2.72,1814.8,,76.48,0
2024-01-01 11:44:10,CNC,Normal,None,0.268,0.229,0.111,63.12,2.34,1931.87,,73.58,0
2024-01-01 11:44:15,3DPrinter,Normal,None,0.131,0.061,0.174,219.74,1.71,,204.45,46.52,0
2024-01-01 11:44:20,3DPrinter,Normal,None,0.204,0.198,0.141,223.65,1.36,,209.29,48.26,0
2024-01-01 11:44:25,CNC,Normal,None,0.209,0.268,0.096,68.43,1.91,1808.04,,85.48,0
2024-01-01 11:44:30,CNC,Normal,None,0.233,0.25,0.165,71.25,3.13,1614.9,,81.78,0
2024-01-01 11:44:35,3DPrinter,Normal,None,0.211,0.124,0.156,227.56,1.52,,218.37,49.32,0
2024-01-01 11:44:40,3DPrinter,Normal,None,0.137,0.194,0.133,215.71,1.18,,212.87,52.3,0
2024-01-01 11:44:45,CNC,Normal,None,0.099,0.228,0.201,68.09,2.73,1641.19,,88.57,0
2024-01-01 11:44:50,CNC,Attack,Parameter_Tamper,0.576,0.608,0.717,84.03,3.28,2619.92,,121.9,1
2024-01-01 11:44:55,3DPrinter,Normal,None,0.159,0.134,0.082,225.38,1.84,,205.23,44.43,0
2024-01-01 11:45:00,CNC,Normal,None,0.306,0.154,0.165,68.37,2.05,1725.5,,76.19,0
2024-01-01 11:45:05,CNC,Normal,None,0.211,0.209,0.253,70.48,1.86,1755.72,,77.48,0
2024-01-01 11:45:10,CNC,Normal,None,0.213,0.101,0.232,69.41,1.92,1796.68,,84.97,0
2024-01-01 11:45:15,3DPrinter,Normal,None,0.242,0.089,0.151,224.24,1.51,,210.46,44.57,0
2024-01-01 11:45:20,CNC,Attack,DoS,0.688,0.591,0.572,88.94,4.39,2463.94,,117.23,1
2024-01-01 11:45:25,3DPrinter,Normal,None,0.186,0.098,0.13,210.54,1.75,,218.92,47.31,0
2024-01-01 11:45:30,CNC,Normal,None,0.264,0.097,0.064,73.41,2.67,1872.3,,74.2,0
2024-01-01 11:45:35,CNC,Normal,None,0.216,0.176,0.193,68.59,2.29,1923.63,,81.31,0
2024-01-01 11:45:40,3DPrinter,Normal,None,0.169,0.055,0.225,225.78,2.3,,215.67,47.21,0
2024-01-01 11:45:45,3DPrinter,Normal,None,0.167,0.112,0.142,227.16,2.15,,212.69,45.71,0
2024-01-01 11:45:50,3DPrinter,Normal,None,0.137,0.036,0.132,224.22,1.69,,210.51,48.07,0
2024-01-01 11:45:55,CNC,Normal,None,0.264,0.091,0.197,68.73,1.58,1889.16,,72.96,0
2024-01-01 11:46:00,3DPrinter,Normal,None,0.201,0.105,0.15,225.35,2.04,,220.02,50.78,0
2024-01-01 11:46:05,CNC,Normal,None,0.282,0.181,0.209,68.58,2.4,1706.7,,75.83,0
2024-01-01 11:46:10,CNC,Normal,None,0.158,0.071,0.12,67.66,2.51,1844.67,,80.21,0
2024-01-01 11:46:15,CNC,Normal,None,0.153,0.157,0.125,72.36,2.44,1913.99,,79.67,0
2024-01-01 11:46:20,3DPrinter,Normal,None,0.121,0.1,0.109,223.44,1.91,,204.74,51.7,0
2024-01-01 11:46:25,3DPrinter,Normal,None,0.24,0.154,0.111,229.61,1.81,,202.19,49.16,0
2024-01-01 11:46:30,CNC,Attack,Malware,0.526,0.563,0.531,87.19,3.71,2527.02,,124.96,1
2024-01-01 11:46:35,CNC,Normal,None,0.131,0.255,0.213,73.92,2.59,1883.31,,78.65,0
2024-01-01 11:46:40,CNC,Normal,None,0.173,0.137,0.108,70.85,2.37,1898.53,,81.57,0
2024-01-01 11:46:45,CNC,Normal,None,0.242,0.17,0.207,65.44,1.77,1910.73,,79.76,0
2024-01-01 11:46:50,3DPrinter,Normal,None,0.154,0.023,0.151,220.63,1.51,,212.82,49.6,0
2024-01-01 11:46:55,3DPrinter,Normal,None,0.052,0.111,0.174,227.98,1.64,,205.01,46.27,0
2024-01-01 11:47:00,3DPrinter,Normal,None,0.203,0.136,0.132,216.76,1.58,,211.55,41.37,0
2024-01-01 11:47:05,3DPrinter,Normal,None,0.122,0.073,0.105,230.03,1.93,,214.66,52.47,0
2024-01-01 11:47:10,CNC,Normal,None,0.275,0.103,0.175,72.47,2.15,1743.34,,80.48,0
2024-01-01 11:47:15,CNC,Normal,None,0.166,0.117,0.071,62.95,1.82,1980.41,,78.76,0
2024-01-01 11:47:20,CNC,Normal,None,0.051,0.171,0.246,65.28,2.92,1792.35,,85.43,0
2024-01-01 11:47:25,CNC,Normal,None,0.199,0.285,0.152,68.38,1.67,1769.09,,80.33,0
2024-01-01 11:47:30,3DPrinter,Normal,None,0.171,0.124,0.121,223.2,1.59,,210.06,52.31,0
2024-01-01 11:47:35,3DPrinter,Normal,None,0.114,0.146,0.169,221.99,1.97,,210.23,46.86,0
2024-01-01 11:47:40,3DPrinter,Normal,None,0.195,0.095,0.105,219.71,1.53,,206.23,50.92,0
2024-01-01 11:47:45,CNC,Normal,None,0.237,0.293,0.167,71.01,2.83,1785.0,,82.72,0
2024-01-01 11:47:50,3DPrinter,Attack,Parameter_Tamper,0.483,0.509,0.527,275.28,3.78,,303.74,78.02,1
2024-01-01 11:47:55,3DPrinter,Normal,None,0.106,0.129,0.165,221.98,2.22,,207.41,52.2,0
2024-01-01 11:48:00,CNC,Normal,None,0.195,0.173,0.133,76.05,2.58,1591.61,,79.51,0
2024-01-01 11:48:05,3DPrinter,Normal,None,0.099,0.229,0.171,220.61,1.91,,210.73,52.99,0
2024-01-01 11:48:10,3DPrinter,Normal,None,0.058,0.19,0.15,227.03,1.7,,204.69,46.25,0
2024-01-01 11:48:15,3DPrinter,Normal,None,0.203,0.127,0.217,227.97,1.11,,211.25,40.36,0
2024-01-01 11:48:20,CNC,Normal,None,0.196,0.166,0.183,70.39,2.03,1777.66,,77.39,0
2024-01-01 11:48:25,3DPrinter,Attack,Parameter_Tamper,0.506,0.454,0.511,282.16,3.93,,304.65,69.66,1
2024-01-01 11:48:30,3DPrinter,Normal,None,0.178,0.113,0.158,213.29,2.2,,207.27,49.47,0
2024-01-01 11:48:35,CNC,Normal,None,0.106,0.096,0.151,70.09,2.96,1956.58,,82.48,0
2024-01-01 11:48:40,3DPrinter,Normal,None,0.148,0.099,0.115,222.18,1.94,,214.95,50.59,0
2024-01-01 11:48:45,CNC,Attack,DoS,0.455,0.55,0.545,87.07,3.93,2447.09,,119.13,1
2024-01-01 11:48:50,3DPrinter,Attack,Parameter_Tamper,0.479,0.447,0.53,275.91,4.18,,299.26,69.73,1
2024-01-01 11:48:55,CNC,Normal,None,0.005,0.16,0.091,74.27,2.05,1789.87,,79.35,0
2024-01-01 11:49:00,3DPrinter,Normal,None,0.155,0.095,0.087,211.39,1.9,,207.42,45.0,0
2024-01-01 11:49:05,CNC,Normal,None,0.267,0.237,0.192,72.01,1.78,1762.08,,79.33,0
2024-01-01 11:49:10,3DPrinter,Normal,None,0.188,0.112,0.201,217.94,1.63,,210.08,52.89,0
2024-01-01 11:49:15,3DPrinter,Normal,None,0.162,0.184,0.151,224.81,1.48,,215.19,53.21,0
2024-01-01 11:49:20,CNC,Attack,Parameter_Tamper,0.63,0.559,0.689,89.87,4.02,2591.76,,114.97,1
2024-01-01 11:49:25,3DPrinter,Attack,Data_Spoofing,0.555,0.392,0.548,278.35,4.24,,294.63,73.06,1
2024-01-01 11:49:30,3DPrinter,Normal,None,0.131,0.138,0.182,220.35,1.93,,206.49,49.94,0
2024-01-01 11:49:35,3DPrinter,Attack,Parameter_Tamper,0.47,0.384,0.563,284.13,3.99,,307.35,72.33,1
2024-01-01 11:49:40,CNC,Normal,None,0.138,0.087,0.035,70.81,2.93,1836.68,,77.06,0
2024-01-01 11:49:45,CNC,Attack,Parameter_Tamper,0.636,0.562,0.614,86.91,3.66,2569.83,,120.18,1
2024-01-01 11:49:50,3DPrinter,Normal,None,0.103,0.169,0.086,221.34,1.67,,209.56,53.26,0
2024-01-01 11:49:55,CNC,Normal,None,0.155,0.173,0.23,65.2,2.22,1896.67,,86.03,0
2024-01-01 11:50:00,CNC,Normal,None,0.152,0.033,0.149,71.07,2.12,1795.13,,79.34,0
2024-01-01 11:50:05,CNC,Normal,None,0.21,0.144,0.223,66.22,2.3,1884.53,,79.99,0
2024-01-01 11:50:10,CNC,Normal,None,0.238,0.01,0.168,68.56,2.8,1812.37,,70.86,0
2024-01-01 11:50:15,CNC,Attack,Data_Spoofing,0.626,0.56,0.564,90.92,3.0,2413.73,,120.44,1
2024-01-01 11:50:20,3DPrinter,Normal,None,0.214,0.152,0.127,217.31,1.53,,211.87,48.75,0
2024-01-01 11:50:25,CNC,Normal,None,0.192,0.17,0.199,72.67,2.34,1817.17,,87.42,0
2024-01-01 11:50:30,CNC,Attack,Malware,0.659,0.663,0.71,89.42,3.73,2486.99,,123.79,1
2024-01-01 11:50:35,3DPrinter,Normal,None,0.124,0.144,0.113,238.06,2.16,,214.67,48.94,0
2024-01-01 11:50:40,3DPrinter,Normal,None,0.136,0.091,0.187,226.39,1.77,,209.61,53.81,0
2024-01-01 11:50:45,3DPrinter,Normal,None,0.208,0.138,0.072,213.53,1.69,,213.66,51.79,0
2024-01-01 11:50:50,CNC,Normal,None,0.173,0.12,0.246,71.59,3.1,1928.54,,80.55,0
2024-01-01 11:50:55,CNC,Normal,None,0.279,0.213,0.163,67.66,1.85,1818.16,,79.15,0
2024-01-01 11:51:00,3DPrinter,Normal,None,0.16,-0.003,0.145,215.13,1.67,,215.75,45.97,0
2024-01-01 11:51:05,3DPrinter,Attack,Malware,0.439,0.446,0.519,282.52,3.91,,299.07,67.45,1
2024-01-01 11:51:10,3DPrinter,Normal,None,0.139,0.136,0.094,221.81,1.83,,212.7,46.88,0
2024-01-01 11:51:15,CNC,Normal,None,0.319,0.173,0.068,69.61,2.37,1781.53,,82.16,0
2024-01-01 11:51:20,CNC,Normal,None,0.305,0.119,0.148,75.4,2.0,1802.42,,75.87,0
2024-01-01 11:51:25,CNC,Normal,None,0.088,0.263,0.194,67.14,2.51,1744.7,,81.2,0
2024-01-01 11:51:30,CNC,Attack,Parameter_Tamper,0.419,0.628,0.689,86.05,3.66,2605.22,,120.53,1
2024-01-01 11:51:35,3DPrinter,Normal,None,0.065,0.17,0.129,217.3,1.81,,208.67,45.52,0
2024-01-01 11:51:40,3DPrinter,Normal,None,0.168,0.022,0.11,222.88,1.74,,212.26,52.79,0
2024-01-01 11:51:45,3DPrinter,Attack,Parameter_Tamper,0.528,0.499,0.479,281.27,4.51,,299.5,71.45,1
2024-01-01 11:51:50,3DPrinter,Normal,None,0.177,0.133,0.146,215.58,1.47,,214.75,55.08,0
2024-01-01 11:51:55,3DPrinter,Attack,DoS,0.527,0.531,0.534,275.06,3.8,,297.48,66.64,1
2024-01-01 11:52:00,3DPrinter,Normal,None,0.196,0.055,0.11,221.05,1.97,,201.48,47.63,0
2024-01-01 11:52:05,CNC,Attack,Data_Spoofing,0.478,0.542,0.68,95.17,3.88,2519.54,,120.72,1
2024-01-01 11:52:10,CNC,Normal,None,0.274,0.094,0.114,68.94,1.93,1656.49,,79.87,0
2024-01-01 11:52:15,CNC,Attack,Data_Spoofing,0.554,0.495,0.652,95.27,3.6,2381.9,,118.0,1
2024-01-01 11:52:20,3DPrinter,Attack,Malware,0.417,0.482,0.505,287.31,3.89,,297.42,68.59,1
2024-01-01 11:52:25,3DPrinter,Normal,None,0.158,0.09,0.11,224.71,1.96,,214.52,54.02,0
2024-01-01 11:52:30,3DPrinter,Attack,Malware,0.41,0.389,0.482,278.11,4.01,,294.04,69.48,1
2024-01-01 11:52:35,CNC,Normal,None,0.228,0.067,0.232,67.64,1.74,1881.79,,82.3,0
2024-01-01 11:52:40,3DPrinter,Normal,None,0.091,0.065,0.128,220.34,1.61,,219.86,51.62,0
2024-01-01 11:52:45,3DPrinter,Normal,None,0.11,0.149,0.094,217.61,1.81,,216.5,54.23,0
2024-01-01 11:52:50,CNC,Normal,None,0.251,0.015,0.165,66.94,1.66,1969.4,,83.55,0
2024-01-01 11:52:55,3DPrinter,Normal,None,0.12,0.089,0.099,218.06,1.91,,213.41,53.28,0
2024-01-01 11:53:00,CNC,Normal,None,0.031,0.265,0.23,70.55,2.02,1763.21,,80.81,0
2024-01-01 11:53:05,3DPrinter,Normal,None,0.159,0.116,0.138,219.83,2.19,,204.46,55.33,0
2024-01-01 11:53:10,CNC,Normal,None,0.229,0.089,0.09,74.19,2.27,1739.88,,68.92,0
2024-01-01 11:53:15,CNC,Attack,Parameter_Tamper,0.643,0.381,0.656,91.09,3.65,2414.93,,120.64,1
2024-01-01 11:53:20,CNC,Normal,None,0.271,0.118,0.173,72.25,2.83,1836.89,,90.35,0
2024-01-01 11:53:25,3DPrinter,Attack,DoS,0.496,0.496,0.577,281.98,4.29,,302.59,72.58,1
2024-01-01 11:53:30,CNC,Normal,None,0.133,0.178,0.121,65.81,1.75,1682.5,,77.89,0
2024-01-01 11:53:35,3DPrinter,Normal,None,0.108,0.198,0.132,221.21,1.88,,217.94,48.27,0
2024-01-01 11:53:40,CNC,Normal,None,0.191,0.112,0.239,71.67,1.77,1836.4,,81.45,0
2024-01-01 11:53:45,3DPrinter,Attack,Malware,0.55,0.413,0.6,278.96,3.9,,304.47,69.73,1
2024-01-01 11:53:50,3DPrinter,Attack,Data_Spoofing,0.564,0.394,0.563,278.34,3.93,,303.39,67.66,1
2024-01-01 11:53:55,CNC,Normal,None,0.212,0.211,0.231,68.94,3.08,1910.66,,82.83,0
2024-01-01 11:54:00,CNC,Attack,Data_Spoofing,0.613,0.568,0.697,95.25,3.99,2551.41,,115.62,1
2024-01-01 11:54:05,3DPrinter,Normal,None,0.252,0.079,0.051,223.89,1.79,,210.24,47.04,0
2024-01-01 11:54:10,3DPrinter,Normal,None,0.086,0.123,0.065,221.53,1.97,,210.88,47.91,0
2024-01-01 11:54:15,3DPrinter,Normal,None,0.194,0.111,0.122,219.99,1.53,,215.03,52.5,0
2024-01-01 11:54:20,3DPrinter,Normal,None,0.087,0.072,0.126,216.03,2.08,,202.92,49.64,0
2024-01-01 11:54:25,CNC,Attack,DoS,0.671,0.525,0.621,89.04,3.54,2527.1,,120.12,1
2024-01-01 11:54:30,CNC,Attack,Malware,0.684,0.417,0.73,91.3,3.99,2661.46,,124.73,1
2024-01-01 11:54:35,CNC,Normal,None,0.237,0.184,0.09,69.15,2.64,1617.65,,75.0,0
2024-01-01 11:54:40,3DPrinter,Attack,Data_Spoofing,0.488,0.359,0.555,273.18,3.87,,303.96,70.19,1
2024-01-01 11:54:45,CNC,Normal,None,0.173,0.166,0.077,67.6,2.83,1707.54,,83.74,0
2024-01-01 11:54:50,3DPrinter,Normal,None,0.148,0.115,0.243,233.46,1.99,,206.61,52.04,0
2024-01-01 11:54:55,CNC,Normal,None,0.061,0.044,0.135,66.81,2.96,1666.05,,79.51,0
2024-01-01 11:55:00,CNC,Normal,None,0.302,0.068,0.163,71.87,2.47,1877.54,,73.63,0
2024-01-01 11:55:05,3DPrinter,Attack,DoS,0.454,0.38,0.625,276.69,4.3,,300.88,66.12,1
2024-01-01 11:55:10,3DPrinter,Normal,None,0.142,0.184,0.111,224.77,1.39,,211.78,53.06,0
2024-01-01 11:55:15,CNC,Normal,None,0.157,0.098,0.22,67.43,2.55,1930.98,,84.05,0
2024-01-01 11:55:20,3DPrinter,Normal,None,0.027,0.088,0.133,221.77,1.66,,204.37,53.68,0
2024-01-01 11:55:25,CNC,Attack,Parameter_Tamper,0.674,0.525,0.695,94.9,3.68,2475.68,,122.49,1
2024-01-01 11:55:30,CNC,Normal,None,0.161,0.194,0.224,69.87,1.95,1873.45,,75.45,0
2024-01-01 11:55:35,3DPrinter,Attack,Malware,0.432,0.436,0.55,275.65,4.47,,306.49,74.85,1
2024-01-01 11:55:40,3DPrinter,Normal,None,0.116,0.201,0.189,225.95,1.67,,207.92,47.27,0
2024-01-01 11:55:45,3DPrinter,Normal,None,0.19,0.144,0.064,215.34,2.17,,215.9,51.12,0
2024-01-01 11:55:50,3DPrinter,Normal,None,0.1,0.179,0.146,214.8,1.99,,207.33,57.61,0
2024-01-01 11:55:55,3DPrinter,Attack,Parameter_Tamper,0.53,0.485,0.526,279.99,4.19,,300.76,74.81,1
2024-01-01 11:56:00,CNC,Normal,None,0.137,0.122,0.063,72.63,1.74,1860.82,,78.78,0
2024-01-01 11:56:05,3DPrinter,Attack,Malware,0.511,0.474,0.595,280.77,3.64,,295.52,67.81,1
2024-01-01 11:56:10,3DPrinter,Normal,None,0.101,0.103,0.025,223.54,1.65,,211.44,46.81,0
2024-01-01 11:56:15,3DPrinter,Normal,None,0.251,0.098,0.185,221.73,1.84,,199.95,53.81,0
2024-01-01 11:56:20,CNC,Normal,None,0.193,0.172,0.102,75.52,2.39,1877.67,,82.87,0
2024-01-01 11:56:25,CNC,Normal,None,0.071,0.142,0.086,66.3,1.69,1814.04,,79.97,0
2024-01-01 11:56:30,CNC,Normal,None,0.21,0.057,0.133,69.24,1.46,1626.57,,82.18,0
2024-01-01 11:56:35,CNC,Normal,None,0.138,0.152,0.215,68.55,1.46,1899.11,,76.26,0
2024-01-01 11:56:40,3DPrinter,Normal,None,0.104,0.159,0.14,214.32,1.61,,214.33,52.33,0
2024-01-01 11:56:45,CNC,Normal,None,0.144,0.174,0.169,67.47,2.03,1873.39,,75.42,0
2024-01-01 11:56:50,3DPrinter,Attack,DoS,0.466,0.421,0.549,279.19,3.92,,298.24,74.14,1
2024-01-01 11:56:55,CNC,Normal,None,0.148,0.32,0.187,69.85,1.83,1612.11,,80.71,0
2024-01-01 11:57:00,CNC,Normal,None,0.306,0.26,0.137,73.16,2.08,1800.98,,77.28,0
2024-01-01 11:57:05,3DPrinter,Attack,Data_Spoofing,0.541,0.415,0.534,278.21,3.78,,300.07,68.33,1
2024-01-01 11:57:10,3DPrinter,Normal,None,0.093,0.123,0.237,213.05,1.76,,206.82,46.88,0
2024-01-01 11:57:15,CNC,Normal,None,0.125,0.264,0.244,68.52,1.89,1820.19,,74.21,0
2024-01-01 11:57:20,CNC,Normal,None,0.257,0.094,0.18,68.8,2.58,1765.87,,79.22,0
2024-01-01 11:57:25,3DPrinter,Normal,None,0.117,0.144,0.082,214.0,1.84,,204.73,49.6,0
2024-01-01 11:57:30,CNC,Normal,None,0.186,0.017,0.122,64.0,2.0,1705.17,,82.51,0
2024-01-01 11:57:35,CNC,Normal,None,0.129,0.011,0.144,72.51,2.39,1702.52,,76.77,0
2024-01-01 11:57:40,CNC,Normal,None,0.217,0.06,0.176,67.65,1.79,1803.52,,77.11,0
2024-01-01 11:57:45,3DPrinter,Normal,None,0.251,0.114,0.029,216.43,1.89,,207.34,52.91,0
2024-01-01 11:57:50,CNC,Normal,None,0.247,0.076,0.188,75.16,1.88,1716.03,,75.9,0
2024-01-01 11:57:55,CNC,Normal,None,0.156,0.204,0.196,66.54,1.91,1761.93,,79.71,0
2024-01-01 11:58:00,CNC,Normal,None,0.291,0.259,0.257,67.99,2.93,1726.11,,73.4,0
2024-01-01 11:58:05,3DPrinter,Normal,None,0.156,0.089,0.132,215.63,1.69,,203.17,50.02,0
2024-01-01 11:58:10,CNC,Normal,None,0.193,0.324,0.084,73.28,2.08,1793.9,,74.75,0
2024-01-01 11:58:15,3DPrinter,Attack,Malware,0.594,0.39,0.634,282.18,3.92,,300.82,71.42,1
2024-01-01 11:58:20,3DPrinter,Normal,None,0.175,0.098,0.107,216.17,1.67,,208.07,50.36,0
2024-01-01 11:58:25,3DPrinter,Normal,None,0.176,-0.045,0.198,219.63,1.59,,204.96,47.15,0
2024-01-01 11:58:30,3DPrinter,Normal,None,0.091,0.052,0.146,223.55,1.57,,199.86,50.33,0
2024-01-01 11:58:35,3DPrinter,Normal,None,0.173,0.07,0.172,214.17,1.59,,208.19,52.02,0
2024-01-01 11:58:40,3DPrinter,Normal,None,0.156,0.078,0.133,215.47,1.27,,212.7,48.01,0
2024-01-01 11:58:45,3DPrinter,Normal,None,0.063,0.154,0.11,218.33,1.28,,206.02,48.61,0
2024-01-01 11:58:50,3DPrinter,Normal,None,0.211,0.135,0.07,213.68,2.45,,207.62,47.61,0
2024-01-01 11:58:55,CNC,Normal,None,0.261,0.246,0.106,68.47,1.92,1894.69,,79.28,0
2024-01-01 11:59:00,3DPrinter,Normal,None,0.033,0.062,0.202,221.99,1.94,,214.65,51.4,0
2024-01-01 11:59:05,3DPrinter,Normal,None,0.157,0.208,0.137,214.67,1.68,,203.48,51.12,0
2024-01-01 11:59:10,CNC,Normal,None,0.186,0.113,0.099,64.66,1.88,1781.94,,78.51,0
2024-01-01 11:59:15,3DPrinter,Attack,Data_Spoofing,0.429,0.538,0.553,285.17,4.24,,293.54,69.49,1
2024-01-01 11:59:20,3DPrinter,Normal,None,0.209,0.201,0.19,216.18,1.43,,208.25,57.43,0
2024-01-01 11:59:25,CNC,Normal,None,0.098,0.124,0.19,67.69,2.33,1945.93,,77.39,0
2024-01-01 11:59:30,CNC,Normal,None,0.102,0.16,0.164,67.14,1.9,1833.39,,79.9,0
2024-01-01 11:59:35,3DPrinter,Normal,None,0.152,0.094,0.117,207.76,1.77,,209.3,51.47,0
2024-01-01 11:59:40,3DPrinter,Normal,None,0.104,0.08,0.046,219.94,2.42,,210.98,52.18,0
2024-01-01 11:59:45,3DPrinter,Normal,None,0.198,0.126,0.09,209.89,1.89,,206.03,53.28,0
2024-01-01 11:59:50,3DPrinter,Attack,Data_Spoofing,0.642,0.47,0.549,289.69,3.32,,298.57,68.7,1
2024-01-01 11:59:55,CNC,Normal,None,0.167,0.158,0.235,71.91,2.43,1820.15,,85.15,0
2024-01-01 12:00:00,3DPrinter,Normal,None,0.162,0.064,0.184,209.81,2.56,,209.81,47.43,0
2024-01-01 12:00:05,3DPrinter,Normal,None,0.181,0.138,0.142,218.48,2.15,,205.48,50.82,0
2024-01-01 12:00:10,CNC,Normal,None,0.232,0.239,0.068,69.81,1.95,1884.44,,81.64,0
2024-01-01 12:00:15,CNC,Normal,None,0.262,0.063,0.332,68.53,3.05,1663.13,,84.1,0
2024-01-01 12:00:20,CNC,Attack,Parameter_Tamper,0.528,0.636,0.647,93.85,4.1,2541.11,,122.2,1
2024-01-01 12:00:25,CNC,Normal,None,0.256,0.121,0.111,72.36,1.89,1754.33,,80.29,0
2024-01-01 12:00:30,CNC,Normal,None,0.137,0.199,0.143,71.09,2.08,1917.39,,80.6,0
2024-01-01 12:00:35,CNC,Normal,None,0.28,0.117,0.252,74.21,2.58,1780.2,,81.15,0
2024-01-01 12:00:40,3DPrinter,Normal,None,0.051,0.063,0.165,223.37,2.14,,207.98,50.63,0
2024-01-01 12:00:45,CNC,Attack,DoS,0.551,0.522,0.724,88.61,4.43,2511.12,,124.92,1
2024-01-01 12:00:50,3DPrinter,Attack,DoS,0.508,0.412,0.658,284.95,4.15,,301.2,68.02,1
2024-01-01 12:00:55,3DPrinter,Attack,DoS,0.534,0.465,0.504,281.88,4.13,,290.2,70.12,1
2024-01-01 12:01:00,CNC,Normal,None,0.124,0.151,0.209,67.77,3.67,1818.22,,80.61,0
2024-01-01 12:01:05,3DPrinter,Normal,None,0.086,0.21,0.087,215.3,1.93,,217.37,49.99,0
2024-01-01 12:01:10,CNC,Normal,None,0.145,0.077,0.133,69.12,2.5,1579.28,,80.68,0
2024-01-01 12:01:15,CNC,Attack,DoS,0.551,0.565,0.55,91.19,3.65,2572.03,,123.12,1
2024-01-01 12:01:20,CNC,Attack,Parameter_Tamper,0.65,0.488,0.746,86.45,3.95,2431.91,,113.13,1
2024-01-01 12:01:25,CNC,Attack,Parameter_Tamper,0.56,0.431,0.448,87.37,4.35,2625.77,,117.13,1
2024-01-01 12:01:30,3DPrinter,Attack,Parameter_Tamper,0.47,0.391,0.6,273.86,3.87,,302.37,64.0,1
2024-01-01 12:01:35,3DPrinter,Normal,None,0.198,0.162,0.153,213.27,2.28,,201.02,51.59,0
2024-01-01 12:01:40,3DPrinter,Attack,Data_Spoofing,0.433,0.428,0.483,283.36,2.97,,294.16,74.24,1
2024-01-01 12:01:45,CNC,Normal,None,0.164,0.145,0.167,66.96,1.99,1707.01,,75.1,0
2024-01-01 12:01:50,CNC,Normal,None,0.16,0.104,0.139,68.53,2.35,1909.97,,81.84,0
2024-01-01 12:01:55,3DPrinter,Attack,Malware,0.483,0.481,0.573,280.14,4.72,,293.58,68.24,1
2024-01-01 12:02:00,CNC,Normal,None,0.195,0.204,0.144,71.97,2.61,1934.25,,84.65,0
2024-01-01 12:02:05,3DPrinter,Normal,None,0.218,0.118,0.11,210.56,1.5,,213.54,52.44,0
2024-01-01 12:02:10,3DPrinter,Attack,DoS,0.562,0.349,0.568,281.68,3.74,,304.8,65.8,1
2024-01-01 12:02:15,3DPrinter,Normal,None,0.203,0.157,0.129,222.15,1.36,,217.0,46.42,0
2024-01-01 12:02:20,3DPrinter,Normal,None,0.185,0.083,0.086,217.9,2.45,,210.24,50.27,0
2024-01-01 12:02:25,CNC,Normal,None,0.277,0.201,0.064,71.52,2.01,1767.56,,88.01,0
2024-01-01 12:02:30,3DPrinter,Attack,Malware,0.431,0.422,0.592,289.27,3.63,,293.56,65.28,1
2024-01-01 12:02:35,3DPrinter,Attack,Malware,0.462,0.411,0.649,271.7,3.62,,297.7,69.28,1
2024-01-01 12:02:40,3DPrinter,Normal,None,0.176,0.024,0.114,226.83,2.22,,218.32,51.18,0
2024-01-01 12:02:45,CNC,Normal,None,0.134,0.276,0.165,73.42,1.13,1955.23,,77.1,0
2024-01-01 12:02:50,3DPrinter,Attack,Data_Spoofing,0.522,0.476,0.578,278.35,3.92,,293.2,72.2,1
2024-01-01 12:02:55,3DPrinter,Normal,None,0.215,0.146,0.236,224.32,1.4,,213.23,47.05,0
2024-01-01 12:03:00,3DPrinter,Normal,None,0.04,0.174,0.148,210.39,1.89,,210.47,51.57,0
2024-01-01 12:03:05,CNC,Normal,None,0.236,0.112,0.154,72.97,2.04,1725.35,,70.98,0
2024-01-01 12:03:10,3DPrinter,Normal,None,0.139,0.115,0.091,230.71,2.09,,221.06,51.92,0
2024-01-01 12:03:15,3DPrinter,Attack,Data_Spoofing,0.538,0.339,0.549,278.69,3.66,,302.3,75.15,1
2024-01-01 12:03:20,3DPrinter,Normal,None,0.184,-0.012,0.191,214.88,1.63,,222.75,54.97,0
2024-01-01 12:03:25,CNC,Normal,None,0.32,0.253,0.217,74.82,2.11,1739.04,,80.46,0
2024-01-01 12:03:30,3DPrinter,Attack,Malware,0.461,0.429,0.562,277.7,4.31,,305.34,69.28,1
2024-01-01 12:03:35,3DPrinter,Normal,None,0.183,0.131,0.143,221.07,1.77,,212.16,48.28,0
2024-01-01 12:03:40,CNC,Normal,None,0.298,0.246,0.155,72.71,2.08,1794.56,,81.92,0
2024-01-01 12:03:45,3DPrinter,Attack,Data_Spoofing,0.428,0.501,0.612,283.69,3.82,,294.71,68.37,1
2024-01-01 12:03:50,CNC,Normal,None,0.173,0.279,0.076,74.28,3.03,1721.45,,81.31,0
2024-01-01 12:03:55,CNC,Normal,None,0.089,0.11,0.135,67.69,2.65,1881.5,,76.49,0
2024-01-01 12:04:00,CNC,Attack,Data_Spoofing,0.645,0.523,0.575,93.94,4.46,2447.51,,119.36,1
2024-01-01 12:04:05,3DPrinter,Normal,None,0.077,0.234,0.181,213.03,1.86,,214.32,42.72,0
2024-01-01 12:04:10,3DPrinter,Attack,Malware,0.455,0.544,0.52,274.4,4.18,,293.49,73.07,1
2024-01-01 12:04:15,3DPrinter,Attack,Data_Spoofing,0.442,0.423,0.575,277.73,4.02,,304.88,68.19,1
2024-01-01 12:04:20,CNC,Normal,None,0.166,0.059,0.129,66.23,1.33,1782.36,,80.4,0
2024-01-01 12:04:25,CNC,Attack,Parameter_Tamper,0.649,0.601,0.733,89.6,3.8,2342.65,,124.96,1
2024-01-01 12:04:30,CNC,Normal,None,0.296,0.113,0.152,71.21,2.67,1814.2,,76.47,0
2024-01-01 12:04:35,CNC,Normal,None,0.151,0.111,0.019,72.15,2.15,1772.77,,78.93,0
2024-01-01 12:04:40,3DPrinter,Attack,Malware,0.432,0.452,0.625,279.68,4.07,,300.99,73.18,1
2024-01-01 12:04:45,CNC,Normal,None,0.194,0.239,0.201,67.76,2.15,1923.89,,74.01,0
2024-01-01 12:04:50,CNC,Normal,None,0.148,0.086,0.12,68.91,2.53,1848.35,,79.42,0
2024-01-01 12:04:55,3DPrinter,Attack,DoS,0.528,0.405,0.514,282.18,4.28,,297.57,71.63,1
2024-01-01 12:05:00,CNC,Normal,None,0.242,0.163,0.228,71.38,2.92,1778.36,,80.17,0
2024-01-01 12:05:05,3DPrinter,Normal,None,0.19,0.108,0.189,224.21,1.04,,209.99,48.82,0
2024-01-01 12:05:10,3DPrinter,Normal,None,0.183,0.117,0.155,222.94,1.32,,213.26,47.8,0
2024-01-01 12:05:15,CNC,Attack,Malware,0.583,0.632,0.564,88.39,2.94,2637.5,,121.0,1
2024-01-01 12:05:20,CNC,Normal,None,0.11,0.121,0.172,67.86,2.23,1894.87,,79.69,0
2024-01-01 12:05:25,3DPrinter,Normal,None,0.098,0.072,0.159,213.87,2.32,,217.02,49.51,0
2024-01-01 12:05:30,CNC,Normal,None,0.132,0.073,0.232,73.45,1.99,1850.94,,76.53,0
2024-01-01 12:05:35,CNC,Normal,None,0.156,0.212,0.081,71.64,2.17,1743.94,,79.59,0
2024-01-01 12:05:40,CNC,Normal,None,0.122,0.168,0.139,69.6,1.62,1787.44,,79.28,0
2024-01-01 12:05:45,CNC,Normal,None,0.122,0.255,0.177,70.64,2.09,1794.84,,78.28,0
2024-01-01 12:05:50,CNC,Normal,None,0.186,0.178,0.164,66.3,2.01,1555.84,,80.02,0
2024-01-01 12:05:55,CNC,Normal,None,0.081,0.18,0.265,65.38,2.59,1813.12,,78.2,0
2024-01-01 12:06:00,CNC,Normal,None,0.115,0.191,0.211,71.2,2.11,1763.73,,79.74,0
2024-01-01 12:06:05,3DPrinter,Attack,Data_Spoofing,0.405,0.311,0.54,280.16,3.93,,301.68,68.57,1
2024-01-01 12:06:10,3DPrinter,Normal,None,0.207,0.188,0.068,223.61,1.99,,207.92,53.58,0
2024-01-01 12:06:15,CNC,Normal,None,0.209,0.192,0.299,70.51,1.96,1805.12,,79.4,0
2024-01-01 12:06:20,3DPrinter,Normal,None,0.135,0.074,0.101,213.34,1.13,,209.42,45.34,0
2024-01-01 12:06:25,3DPrinter,Normal,None,0.166,0.1,0.166,230.99,1.83,,200.09,52.86,0
2024-01-01 12:06:30,CNC,Normal,None,0.175,0.12,0.132,70.08,3.07,1810.74,,78.22,0
2024-01-01 12:06:35,3DPrinter,Attack,DoS,0.515,0.369,0.613,282.25,3.54,,300.28,73.1,1
2024-01-01 12:06:40,3DPrinter,Normal,None,0.088,0.041,0.19,214.79,1.46,,207.43,52.99,0
2024-01-01 12:06:45,3DPrinter,Attack,Parameter_Tamper,0.482,0.483,0.536,281.27,3.8,,308.37,73.43,1
2024-01-01 12:06:50,3DPrinter,Normal,None,0.112,0.153,0.201,229.28,1.85,,207.54,47.35,0
2024-01-01 12:06:55,3DPrinter,Normal,None,0.199,0.116,0.112,221.26,1.68,,208.62,51.38,0
2024-01-01 12:07:00,CNC,Normal,None,0.172,0.107,0.091,67.75,1.84,1834.99,,81.6,0
2024-01-01 12:07:05,CNC,Attack,Data_Spoofing,0.661,0.531,0.86,93.73,3.42,2574.62,,120.26,1
2024-01-01 12:07:10,CNC,Normal,None,0.102,0.06,0.001,65.83,2.14,1727.6,,77.02,0
2024-01-01 12:07:15,CNC,Normal,None,0.182,0.238,0.366,68.92,1.51,1811.69,,79.18,0
2024-01-01 12:07:20,3DPrinter,Normal,None,0.065,0.149,0.201,213.65,1.75,,211.38,56.03,0
2024-01-01 12:07:25,CNC,Attack,Data_Spoofing,0.752,0.543,0.608,87.62,3.93,2325.08,,123.16,1
2024-01-01 12:07:30,CNC,Normal,None,0.039,0.031,0.241,72.13,2.42,1777.73,,79.83,0
2024-01-01 12:07:35,3DPrinter,Normal,None,0.137,0.072,0.096,224.67,2.29,,204.6,54.24,0
2024-01-01 12:07:40,CNC,Normal,None,0.174,0.07,0.095,68.71,2.78,1910.48,,79.7,0
2024-01-01 12:07:45,CNC,Attack,DoS,0.449,0.585,0.703,92.49,3.42,2422.3,,117.24,1
2024-01-01 12:07:50,3DPrinter,Normal,None,0.132,0.127,0.155,225.17,2.15,,208.81,51.68,0
2024-01-01 12:07:55,3DPrinter,Normal,None,0.23,0.102,0.074,215.23,1.42,,203.59,50.18,0
2024-01-01 12:08:00,3DPrinter,Attack,Parameter_Tamper,0.497,0.392,0.545,288.4,3.88,,288.94,73.64,1
2024-01-01 12:08:05,3DPrinter,Normal,None,0.177,0.196,0.163,210.81,1.83,,211.49,53.24,0
2024-01-01 12:08:10,3DPrinter,Normal,None,0.196,0.14,0.097,223.43,1.92,,209.87,52.1,0
2024-01-01 12:08:15,3DPrinter,Attack,Parameter_Tamper,0.504,0.39,0.616,285.03,3.59,,306.83,69.08,1
2024-01-01 12:08:20,CNC,Attack,DoS,0.679,0.477,0.507,89.81,4.16,2480.24,,114.52,1
2024-01-01 12:08:25,3DPrinter,Normal,None,0.105,0.131,0.067,221.53,1.7,,212.47,45.85,0
2024-01-01 12:08:30,CNC,Normal,None,0.177,0.168,0.198,71.93,2.53,1854.23,,81.19,0
2024-01-01 12:08:35,3DPrinter,Normal,None,0.117,0.049,0.071,229.82,2.13,,220.37,48.89,0
2024-01-01 12:08:40,3DPrinter,Attack,Malware,0.466,0.457,0.562,279.98,4.43,,291.49,68.86,1
2024-01-01 12:08:45,CNC,Normal,None,0.23,0.168,0.153,72.81,2.03,1741.87,,81.69,0
2024-01-01 12:08:50,3DPrinter,Normal,None,0.122,0.062,0.127,225.32,2.27,,216.25,50.41,0
2024-01-01 12:08:55,3DPrinter,Normal,None,0.233,0.192,0.186,213.44,1.44,,211.8,44.91,0
2024-01-01 12:09:00,3DPrinter,Normal,None,0.034,0.17,0.23,228.64,1.42,,200.68,48.07,0
2024-01-01 12:09:05,CNC,Attack,Parameter_Tamper,0.662,0.57,0.703,91.67,4.34,2551.89,,120.11,1
2024-01-01 12:09:10,CNC,Normal,None,0.147,0.086,0.077,71.3,2.13,1882.5,,78.2,0
2024-01-01 12:09:15,CNC,Normal,None,0.224,0.187,0.159,74.77,1.69,1742.18,,79.63,0
2024-01-01 12:09:20,3DPrinter,Normal,None,0.117,0.189,0.099,221.49,2.06,,212.77,48.31,0
2024-01-01 12:09:25,3DPrinter,Normal,None,0.192,0.146,0.141,218.9,2.0,,213.66,48.41,0
2024-01-01 12:09:30,CNC,Normal,None,0.103,0.1,0.246,70.08,1.78,1807.87,,81.61,0
2024-01-01 12:09:35,3DPrinter,Normal,None,0.071,0.082,0.147,221.64,1.86,,219.07,50.26,0
2024-01-01 12:09:40,CNC,Attack,Malware,0.697,0.629,0.583,92.66,4.26,2527.83,,122.4,1
2024-01-01 12:09:45,3DPrinter,Normal,None,0.135,0.214,0.081,225.69,1.7,,214.68,49.88,0
2024-01-01 12:09:50,CNC,Normal,None,0.211,0.093,0.169,69.57,2.46,1814.15,,81.14,0
2024-01-01 12:09:55,CNC,Normal,None,0.108,0.132,0.153,68.19,2.23,1823.11,,81.12,0
2024-01-01 12:10:00,CNC,Attack,DoS,0.611,0.551,0.561,86.15,3.96,2417.2,,116.97,1
2024-01-01 12:10:05,CNC,Normal,None,0.2,0.134,0.306,73.0,2.42,1896.27,,86.16,0
2024-01-01 12:10:10,CNC,Attack,Data_Spoofing,0.584,0.608,0.68,88.69,4.36,2545.74,,117.0,1
2024-01-01 12:10:15,CNC,Normal,None,0.119,0.135,0.209,73.59,2.65,1836.08,,83.28,0
2024-01-01 12:10:20,CNC,Normal,None,0.25,0.199,0.146,68.01,3.17,1795.82,,79.57,0
2024-01-01 12:10:25,CNC,Attack,Parameter_Tamper,0.62,0.445,0.662,91.14,3.84,2502.07,,115.73,1
2024-01-01 12:10:30,CNC,Normal,None,0.252,0.034,0.195,72.19,2.55,1791.99,,84.2,0
2024-01-01 12:10:35,3DPrinter,Normal,None,0.109,0.124,0.146,219.3,1.86,,216.0,52.54,0
2024-01-01 12:10:40,3DPrinter,Attack,Parameter_Tamper,0.485,0.45,0.507,274.2,4.06,,301.02,68.99,1
2024-01-01 12:10:45,3DPrinter,Normal,None,0.088,0.141,0.17,226.8,1.47,,207.8,46.47,0
2024-01-01 12:10:50,3DPrinter,Normal,None,0.174,0.103,0.082,224.75,1.91,,199.36,52.88,0
2024-01-01 12:10:55,3DPrinter,Normal,None,0.097,0.14,0.131,216.79,1.35,,203.16,48.13,0
2024-01-01 12:11:00,CNC,Normal,None,0.233,0.111,0.212,73.29,2.42,1492.59,,78.78,0
2024-01-01 12:11:05,3DPrinter,Normal,None,0.142,0.085,0.14,218.87,1.68,,203.51,45.15,0
2024-01-01 12:11:10,3DPrinter,Normal,None,0.113,0.077,0.13,217.54,1.86,,207.9,45.3,0
2024-01-01 12:11:15,3DPrinter,Normal,None,0.098,0.084,0.103,220.12,1.77,,207.7,49.15,0
2024-01-01 12:11:20,3DPrinter,Attack,Malware,0.492,0.396,0.593,290.34,3.81,,306.12,67.42,1
2024-01-01 12:11:25,3DPrinter,Normal,None,0.123,0.09,0.195,220.49,2.07,,217.35,49.47,0
2024-01-01 12:11:30,3DPrinter,Normal,None,0.113,0.159,0.175,212.21,1.85,,214.39,53.6,0
2024-01-01 12:11:35,CNC,Normal,None,0.225,0.119,0.245,68.54,1.78,1720.42,,77.02,0
2024-01-01 12:11:40,CNC,Normal,None,0.217,0.069,0.288,72.97,2.68,1731.08,,80.8,0
2024-01-01 12:11:45,3DPrinter,Normal,None,0.098,0.02,0.156,221.29,1.86,,206.33,51.65,0
2024-01-01 12:11:50,CNC,Normal,None,0.172,0.196,0.15,71.81,2.52,1780.75,,79.55,0
2024-01-01 12:11:55,CNC,Normal,None,0.19,0.159,0.243,70.9,2.33,1795.78,,82.96,0
2024-01-01 12:12:00,CNC,Normal,None,0.102,0.046,0.202,72.39,2.19,1804.77,,77.69,0
2024-01-01 12:12:05,3DPrinter,Normal,None,0.158,0.121,0.13,217.52,1.84,,213.85,48.62,0
2024-01-01 12:12:10,3DPrinter,Normal,None,0.131,0.049,0.116,223.37,1.52,,208.6,46.65,0
2024-01-01 12:12:15,CNC,Normal,None,0.235,0.102,0.067,71.3,2.46,1833.86,,75.66,0
2024-01-01 12:12:20,3DPrinter,Normal,None,0.146,0.076,0.128,211.55,1.63,,212.25,48.9,0
2024-01-01 12:12:25,3DPrinter,Attack,DoS,0.47,0.376,0.52,276.85,4.64,,308.33,72.19,1
2024-01-01 12:12:30,3DPrinter,Attack,Data_Spoofing,0.584,0.408,0.521,271.08,3.75,,307.17,70.89,1
2024-01-01 12:12:35,3DPrinter,Normal,None,0.114,0.116,0.17,229.1,1.58,,209.28,54.71,0
2024-01-01 12:12:40,3DPrinter,Normal,None,0.114,0.174,0.162,214.48,1.84,,209.79,49.88,0
2024-01-01 12:12:45,3DPrinter,Normal,None,0.124,0.017,0.147,225.88,1.37,,212.42,48.17,0
2024-01-01 12:12:50,3DPrinter,Normal,None,0.139,0.155,0.142,221.5,2.04,,212.91,50.33,0
2024-01-01 12:12:55,3DPrinter,Attack,Malware,0.469,0.415,0.555,278.16,4.05,,297.9,67.97,1
2024-01-01 12:13:00,3DPrinter,Normal,None,0.132,0.071,0.134,226.23,1.99,,200.66,48.14,0
2024-01-01 12:13:05,CNC,Normal,None,0.075,0.115,0.268,66.78,2.2,1858.0,,85.94,0
2024-01-01 12:13:10,3DPrinter,Attack,Malware,0.532,0.414,0.494,284.45,4.17,,301.11,70.66,1
2024-01-01 12:13:15,3DPrinter,Normal,None,0.171,0.138,0.182,215.22,1.63,,205.98,52.32,0
2024-01-01 12:13:20,3DPrinter,Normal,None,0.129,-0.003,0.169,215.01,1.83,,205.9,48.97,0
2024-01-01 12:13:25,CNC,Normal,None,0.152,0.047,0.078,69.38,2.25,1826.98,,81.23,0
2024-01-01 12:13:30,CNC,Attack,Parameter_Tamper,0.665,0.512,0.636,89.5,4.01,2475.76,,121.83,1
2024-01-01 12:13:35,3DPrinter,Attack,Data_Spoofing,0.487,0.45,0.591,275.91,3.47,,295.13,73.21,1
2024-01-01 12:13:40,CNC,Attack,Data_Spoofing,0.603,0.494,0.624,87.96,4.08,2450.28,,122.12,1
2024-01-01 12:13:45,3DPrinter,Attack,Malware,0.474,0.371,0.55,279.02,3.54,,300.08,69.25,1
2024-01-01 12:13:50,3DPrinter,Attack,Malware,0.512,0.392,0.565,281.64,4.2,,298.36,69.98,1
2024-01-01 12:13:55,CNC,Normal,None,0.229,0.017,0.096,71.57,1.69,1657.63,,89.53,0
2024-01-01 12:14:00,3DPrinter,Normal,None,0.124,0.144,0.154,215.62,1.61,,209.28,53.69,0
2024-01-01 12:14:05,3DPrinter,Normal,None,0.117,0.063,0.114,224.23,1.89,,215.51,51.55,0
2024-01-01 12:14:10,CNC,Normal,None,0.219,0.161,0.174,70.41,2.55,1785.04,,83.8,0
2024-01-01 12:14:15,CNC,Normal,None,0.202,0.206,0.19,71.51,1.8,1744.96,,83.37,0
2024-01-01 12:14:20,3DPrinter,Normal,None,0.187,0.254,0.126,217.68,2.05,,205.7,54.49,0
2024-01-01 12:14:25,3DPrinter,Normal,None,0.171,0.018,0.131,222.32,2.03,,211.6,55.28,0
2024-01-01 12:14:30,3DPrinter,Attack,Data_Spoofing,0.656,0.478,0.557,278.05,4.26,,298.17,67.68,1
2024-01-01 12:14:35,CNC,Normal,None,0.147,0.074,0.158,71.98,2.95,1830.3,,84.03,0
2024-01-01 12:14:40,3DPrinter,Normal,None,0.075,0.001,0.24,216.56,1.29,,207.38,47.1,0
2024-01-01 12:14:45,3DPrinter,Normal,None,0.111,0.121,0.194,216.95,1.39,,211.46,49.83,0
2024-01-01 12:14:50,3DPrinter,Normal,None,0.125,0.155,0.06,224.49,2.19,,208.85,47.54,0
2024-01-01 12:14:55,CNC,Attack,DoS,0.525,0.641,0.648,85.99,3.14,2621.83,,118.51,1
2024-01-01 12:15:00,3DPrinter,Normal,None,0.213,0.111,0.114,217.0,2.11,,206.67,45.62,0
2024-01-01 12:15:05,3DPrinter,Attack,Parameter_Tamper,0.434,0.38,0.518,286.05,4.15,,300.9,68.05,1
2024-01-01 12:15:10,3DPrinter,Normal,None,0.066,0.129,0.124,210.46,1.86,,211.98,50.55,0
2024-01-01 12:15:15,3DPrinter,Normal,None,0.175,0.142,0.127,217.59,1.56,,202.93,46.63,0
2024-01-01 12:15:20,CNC,Normal,None,0.322,0.084,0.123,69.3,2.06,1981.52,,73.1,0
2024-01-01 12:15:25,CNC,Attack,Malware,0.753,0.605,0.658,84.38,3.84,2533.56,,111.23,1
2024-01-01 12:15:30,3DPrinter,Normal,None,0.097,0.156,0.198,223.3,1.74,,220.12,52.06,0
2024-01-01 12:15:35,CNC,Normal,None,0.115,0.081,0.142,71.85,1.92,1865.05,,82.21,0
2024-01-01 12:15:40,3DPrinter,Attack,Parameter_Tamper,0.552,0.439,0.43,290.55,3.73,,303.48,68.98,1
2024-01-01 12:15:45,CNC,Normal,None,0.278,0.045,0.094,71.77,1.99,1871.05,,81.2,0
2024-01-01 12:15:50,CNC,Normal,None,0.246,0.246,0.184,71.02,2.91,1919.74,,82.07,0
2024-01-01 12:15:55,3DPrinter,Normal,None,0.08,0.074,0.107,225.71,1.96,,213.38,52.69,0
2024-01-01 12:16:00,CNC,Attack,Data_Spoofing,0.579,0.535,0.731,91.24,4.0,2508.65,,122.61,1
2024-01-01 12:16:05,CNC,Normal,None,0.247,0.154,0.14,72.03,1.93,1933.26,,82.5,0
2024-01-01 12:16:10,CNC,Normal,None,0.104,0.094,0.109,69.51,2.88,1917.84,,77.68,0
2024-01-01 12:16:15,3DPrinter,Attack,DoS,0.543,0.361,0.524,281.4,3.35,,300.43,70.47,1
2024-01-01 12:16:20,CNC,Normal,None,0.163,0.124,0.284,70.05,1.88,1873.57,,79.05,0
2024-01-01 12:16:25,CNC,Attack,Malware,0.542,0.415,0.684,87.56,3.64,2645.79,,119.46,1
2024-01-01 12:16:30,3DPrinter,Attack,DoS,0.436,0.45,0.605,283.94,3.97,,306.41,75.2,1
2024-01-01 12:16:35,3DPrinter,Normal,None,0.175,0.145,0.107,228.32,1.14,,206.58,53.52,0
2024-01-01 12:16:40,3DPrinter,Attack,DoS,0.397,0.401,0.56,279.63,4.29,,292.57,65.6,1
2024-01-01 12:16:45,CNC,Normal,None,0.233,-0.011,0.177,71.97,2.23,1792.91,,76.78,0
2024-01-01 12:16:50,3DPrinter,Attack,Malware,0.491,0.585,0.482,274.77,4.42,,292.22,71.49,1
2024-01-01 12:16:55,CNC,Normal,None,0.138,0.141,0.037,69.29,1.65,1679.32,,82.32,0
2024-01-01 12:17:00,CNC,Attack,DoS,0.661,0.573,0.718,88.49,3.25,2431.8,,119.74,1
2024-01-01 12:17:05,3DPrinter,Attack,Parameter_Tamper,0.534,0.53,0.562,279.99,3.93,,304.22,72.12,1
2024-01-01 12:17:10,CNC,Normal,None,0.06,0.02,0.151,67.2,1.96,1893.48,,82.1,0
2024-01-01 12:17:15,CNC,Normal,None,0.175,0.246,0.2,72.39,2.58,1783.53,,80.34,0
2024-01-01 12:17:20,CNC,Normal,None,0.168,0.148,0.113,74.89,2.85,1787.99,,84.12,0
2024-01-01 12:17:25,CNC,Attack,Malware,0.639,0.519,0.609,92.34,3.57,2497.93,,125.52,1
2024-01-01 12:17:30,CNC,Normal,None,0.143,0.205,0.158,68.06,1.97,1782.05,,84.22,0
2024-01-01 12:17:35,3DPrinter,Normal,None,0.172,0.07,0.13,218.77,1.94,,213.16,48.35,0
2024-01-01 12:17:40,CNC,Attack,Parameter_Tamper,0.682,0.655,0.675,86.13,3.84,2363.29,,129.94,1
2024-01-01 12:17:45,3DPrinter,Normal,None,0.164,0.112,0.192,224.79,2.22,,211.42,47.33,0
2024-01-01 12:17:50,CNC,Normal,None,0.293,0.224,0.112,67.88,1.85,1784.93,,72.35,0
2024-01-01 12:17:55,CNC,Normal,None,0.276,0.068,0.115,66.02,2.04,1728.68,,81.5,0
2024-01-01 12:18:00,CNC,Attack,Malware,0.635,0.615,0.612,87.85,3.48,2391.78,,118.32,1
2024-01-01 12:18:05,CNC,Normal,None,0.185,0.182,0.06,70.04,2.34,1609.53,,75.7,0
2024-01-01 12:18:10,CNC,Attack,Data_Spoofing,0.479,0.496,0.594,93.6,3.36,2464.2,,126.71,1
2024-01-01 12:18:15,3DPrinter,Normal,None,0.158,0.129,0.112,216.51,1.99,,211.06,46.36,0
2024-01-01 12:18:20,3DPrinter,Normal,None,0.166,0.118,0.148,217.17,1.84,,202.79,47.86,0
2024-01-01 12:18:25,CNC,Normal,None,0.235,0.039,0.186,74.35,2.04,1744.43,,82.79,0
2024-01-01 12:18:30,3DPrinter,Normal,None,0.075,0.133,0.15,218.21,2.23,,209.95,53.69,0
2024-01-01 12:18:35,3DPrinter,Normal,None,0.194,0.152,0.065,222.7,1.65,,202.27,50.39,0
2024-01-01 12:18:40,3DPrinter,Normal,None,0.127,0.014,0.155,233.95,1.84,,211.01,49.95,0
2024-01-01 12:18:45,CNC,Normal,None,0.205,0.042,0.118,69.86,1.58,1850.64,,76.14,0
2024-01-01 12:18:50,CNC,Normal,None,0.15,0.002,0.081,70.41,2.46,1835.39,,76.71,0
2024-01-01 12:18:55,3DPrinter,Attack,Data_Spoofing,0.471,0.382,0.581,282.76,3.91,,302.21,68.66,1
2024-01-01 12:19:00,CNC,Normal,None,0.193,0.116,0.131,75.11,2.53,1897.87,,82.99,0
2024-01-01 12:19:05,3DPrinter,Normal,None,0.148,0.158,0.218,222.6,1.88,,207.77,48.01,0
2024-01-01 12:19:10,3DPrinter,Attack,Data_Spoofing,0.524,0.412,0.597,285.73,3.79,,296.63,66.9,1
2024-01-01 12:19:15,CNC,Normal,None,0.218,-0.03,0.149,70.77,2.15,2086.71,,81.52,0
2024-01-01 12:19:20,CNC,Attack,DoS,0.625,0.558,0.723,88.33,3.62,2568.94,,126.29,1
2024-01-01 12:19:25,3DPrinter,Normal,None,0.118,0.098,0.155,218.84,1.93,,205.12,50.58,0
2024-01-01 12:19:30,CNC,Normal,None,0.156,-0.038,0.302,62.52,2.39,1670.61,,75.02,0
2024-01-01 12:19:35,3DPrinter,Normal,None,0.157,0.062,0.197,215.66,1.69,,200.76,52.65,0
2024-01-01 12:19:40,CNC,Normal,None,0.218,0.248,0.165,64.63,2.36,1775.37,,79.83,0
2024-01-01 12:19:45,3DPrinter,Attack,DoS,0.579,0.352,0.577,280.49,3.73,,292.15,74.62,1
2024-01-01 12:19:50,CNC,Normal,None,0.146,0.242,0.299,69.21,2.31,1835.12,,80.94,0
2024-01-01 12:19:55,CNC,Normal,None,0.197,0.199,0.172,70.11,2.22,1867.99,,76.57,0
2024-01-01 12:20:00,CNC,Normal,None,0.256,0.252,0.179,74.47,2.26,1769.65,,73.83,0
2024-01-01 12:20:05,3DPrinter,Attack,Data_Spoofing,0.45,0.531,0.585,287.78,4.05,,303.82,73.67,1
2024-01-01 12:20:10,CNC,Attack,Parameter_Tamper,0.728,0.525,0.614,93.67,3.99,2495.57,,119.76,1
2024-01-01 12:20:15,3DPrinter,Normal,None,0.141,0.07,0.096,217.16,2.05,,215.19,51.53,0
2024-01-01 12:20:20,3DPrinter,Attack,Malware,0.496,0.453,0.538,277.46,4.0,,297.27,73.42,1
2024-01-01 12:20:25,3DPrinter,Normal,None,0.045,0.015,0.131,222.74,1.46,,214.81,51.52,0
2024-01-01 12:20:30,3DPrinter,Attack,Data_Spoofing,0.552,0.507,0.521,283.36,3.71,,298.05,71.78,1
2024-01-01 12:20:35,3DPrinter,Normal,None,0.117,0.061,0.131,225.83,2.07,,216.08,48.23,0
2024-01-01 12:20:40,3DPrinter,Normal,None,0.205,0.166,0.128,217.86,1.53,,201.19,52.32,0
2024-01-01 12:20:45,CNC,Normal,None,0.227,0.193,0.161,68.66,2.15,1841.76,,86.0,0
2024-01-01 12:20:50,3DPrinter,Attack,DoS,0.51,0.416,0.569,278.82,3.78,,294.21,67.16,1
2024-01-01 12:20:55,3DPrinter,Normal,None,0.166,0.142,0.122,219.35,1.68,,213.6,50.69,0
2024-01-01 12:21:00,3DPrinter,Attack,Malware,0.522,0.477,0.535,283.11,3.94,,303.98,66.8,1
2024-01-01 12:21:05,CNC,Normal,None,0.312,-0.006,0.207,71.65,2.68,1694.34,,82.98,0
2024-01-01 12:21:10,CNC,Attack,Parameter_Tamper,0.524,0.59,0.601,91.61,3.82,2427.05,,114.65,1
2024-01-01 12:21:15,CNC,Normal,None,0.196,0.134,0.173,73.2,1.73,1828.55,,73.88,0
2024-01-01 12:21:20,3DPrinter,Normal,None,0.146,0.146,0.171,220.59,1.68,,215.53,44.85,0
2024-01-01 12:21:25,3DPrinter,Normal,None,0.215,0.133,0.081,213.26,1.86,,212.26,50.12,0
2024-01-01 12:21:30,3DPrinter,Attack,DoS,0.543,0.448,0.497,281.1,3.61,,300.98,67.24,1
2024-01-01 12:21:35,CNC,Normal,None,0.042,0.204,0.114,68.15,2.27,1761.43,,81.67,0
2024-01-01 12:21:40,CNC,Attack,Malware,0.7,0.444,0.634,88.17,3.76,2641.05,,120.64,1
2024-01-01 12:21:45,CNC,Attack,Data_Spoofing,0.661,0.548,0.674,93.64,3.89,2547.85,,118.53,1
2024-01-01 12:21:50,3DPrinter,Normal,None,0.131,0.13,0.102,225.32,1.81,,217.02,54.23,0
2024-01-01 12:21:55,CNC,Normal,None,0.09,0.132,0.163,71.56,2.09,1851.64,,79.66,0
2024-01-01 12:22:00,CNC,Normal,None,0.144,0.235,0.167,72.66,1.95,1828.17,,83.54,0
2024-01-01 12:22:05,3DPrinter,Normal,None,0.165,0.081,0.125,219.17,1.82,,201.19,49.59,0
2024-01-01 12:22:10,CNC,Normal,None,0.182,0.132,0.054,71.02,2.53,1831.53,,83.14,0
2024-01-01 12:22:15,3DPrinter,Normal,None,0.124,0.115,0.122,228.76,1.82,,204.92,54.43,0
2024-01-01 12:22:20,CNC,Normal,None,0.176,0.046,0.271,69.91,1.86,1864.85,,78.81,0
2024-01-01 12:22:25,3DPrinter,Normal,None,0.153,0.093,0.211,214.77,1.89,,215.97,51.14,0
2024-01-01 12:22:30,3DPrinter,Normal,None,0.181,0.15,0.117,223.44,1.91,,214.31,50.3,0
2024-01-01 12:22:35,CNC,Attack,Malware,0.642,0.512,0.541,90.26,3.26,2351.1,,119.92,1
2024-01-01 12:22:40,3DPrinter,Normal,None,0.082,0.033,0.083,215.76,1.51,,207.66,52.5,0
2024-01-01 12:22:45,CNC,Normal,None,0.166,0.082,0.19,65.92,1.76,1788.68,,82.75,0
2024-01-01 12:22:50,CNC,Normal,None,0.107,0.161,0.148,71.51,2.18,1785.93,,77.33,0
2024-01-01 12:22:55,CNC,Normal,None,0.161,0.226,0.058,71.46,1.8,1717.96,,82.16,0
2024-01-01 12:23:00,CNC,Normal,None,0.148,0.096,0.195,67.15,2.65,1561.89,,78.19,0
2024-01-01 12:23:05,CNC,Normal,None,0.105,0.168,0.1,73.27,2.67,1860.65,,80.28,0
2024-01-01 12:23:10,3DPrinter,Normal,None,0.07,0.104,0.146,215.42,1.88,,200.16,51.5,0
2024-01-01 12:23:15,CNC,Attack,Parameter_Tamper,0.57,0.613,0.617,93.65,3.5,2560.04,,114.78,1
2024-01-01 12:23:20,CNC,Attack,DoS,0.543,0.597,0.632,93.39,3.89,2352.54,,119.03,1
2024-01-01 12:23:25,CNC,Normal,None,0.122,0.228,0.194,66.3,1.49,1737.5,,72.59,0
2024-01-01 12:23:30,3DPrinter,Normal,None,0.213,0.119,0.136,224.68,2.04,,216.67,49.26,0
2024-01-01 12:23:35,CNC,Normal,None,0.19,0.13,0.15,66.53,2.09,1824.34,,84.42,0
2024-01-01 12:23:40,3DPrinter,Normal,None,0.157,0.085,0.157,217.38,1.86,,216.94,51.2,0
2024-01-01 12:23:45,CNC,Normal,None,0.146,0.129,0.054,69.34,2.38,1824.4,,77.95,0
2024-01-01 12:23:50,3DPrinter,Normal,None,0.11,0.1,0.079,215.32,2.07,,215.24,53.27,0
2024-01-01 12:23:55,3DPrinter,Attack,Malware,0.555,0.398,0.497,275.77,4.23,,300.37,72.61,1
2024-01-01 12:24:00,CNC,Normal,None,0.13,0.214,0.107,70.99,2.24,1627.7,,78.72,0
2024-01-01 12:24:05,CNC,Normal,None,0.205,0.141,0.104,72.03,1.8,1845.49,,81.93,0
2024-01-01 12:24:10,3DPrinter,Attack,Malware,0.486,0.401,0.628,283.84,3.98,,303.09,71.19,1
2024-01-01 12:24:15,3DPrinter,Attack,Malware,0.457,0.498,0.581,275.65,3.95,,298.44,69.99,1
2024-01-01 12:24:20,3DPrinter,Attack,Parameter_Tamper,0.563,0.45,0.503,280.57,3.83,,293.04,72.41,1
2024-01-01 12:24:25,CNC,Normal,None,0.162,0.231,0.145,73.18,2.23,1646.86,,79.97,0
2024-01-01 12:24:30,3DPrinter,Attack,Data_Spoofing,0.517,0.442,0.516,277.42,3.8,,299.95,69.99,1
2024-01-01 12:24:35,CNC,Normal,None,0.142,-0.029,0.124,70.69,1.78,1899.4,,84.76,0
2024-01-01 12:24:40,CNC,Normal,None,0.18,0.061,0.154,72.96,1.75,1696.39,,87.23,0
2024-01-01 12:24:45,CNC,Normal,None,0.201,0.144,0.225,70.7,2.73,1600.12,,79.25,0
2024-01-01 12:24:50,3DPrinter,Normal,None,0.149,0.222,0.118,222.27,2.17,,204.46,48.88,0
2024-01-01 12:24:55,CNC,Attack,Data_Spoofing,0.49,0.586,0.66,92.89,4.18,2393.41,,121.09,1
2024-01-01 12:25:00,3DPrinter,Normal,None,0.106,0.082,0.15,231.75,1.78,,216.87,49.66,0
2024-01-01 12:25:05,CNC,Normal,None,0.099,0.109,0.151,68.32,1.6,1763.37,,83.72,0
2024-01-01 12:25:10,3DPrinter,Normal,None,0.032,0.162,0.119,231.02,1.77,,205.0,55.06,0
2024-01-01 12:25:15,3DPrinter,Normal,None,0.183,0.089,0.16,225.17,1.95,,210.96,52.82,0
2024-01-01 12:25:20,3DPrinter,Normal,None,0.127,0.07,0.071,220.91,1.82,,207.58,47.98,0
2024-01-01 12:25:25,CNC,Normal,None,0.234,0.05,0.132,72.42,1.37,1878.84,,78.56,0
2024-01-01 12:25:30,3DPrinter,Attack,Data_Spoofing,0.441,0.529,0.656,282.13,3.97,,298.9,64.88,1
2024-01-01 12:25:35,3DPrinter,Normal,None,0.136,0.158,0.078,219.66,1.85,,210.1,53.51,0
2024-01-01 12:25:40,3DPrinter,Attack,Malware,0.53,0.446,0.639,267.79,4.19,,304.28,66.2,1
2024-01-01 12:25:45,3DPrinter,Attack,DoS,0.591,0.502,0.562,285.59,4.17,,301.38,71.3,1
2024-01-01 12:25:50,3DPrinter,Attack,DoS,0.517,0.373,0.499,285.42,3.92,,297.01,71.32,1
2024-01-01 12:25:55,CNC,Attack,DoS,0.622,0.446,0.551,84.81,3.28,2381.91,,125.54,1
2024-01-01 12:26:00,3DPrinter,Normal,None,0.076,0.104,0.139,217.61,1.73,,202.89,52.14,0
2024-01-01 12:26:05,CNC,Attack,Malware,0.493,0.695,0.696,89.37,4.08,2447.85,,116.8,1
2024-01-01 12:26:10,CNC,Normal,None,0.21,0.087,0.17,69.67,1.75,1679.73,,78.66,0
2024-01-01 12:26:15,CNC,Attack,Malware,0.508,0.644,0.732,95.31,3.87,2421.14,,128.31,1
2024-01-01 12:26:20,CNC,Normal,None,0.123,0.117,0.072,69.13,2.37,1832.52,,81.0,0
2024-01-01 12:26:25,3DPrinter,Attack,Malware,0.378,0.459,0.551,277.84,4.0,,302.45,69.62,1
2024-01-01 12:26:30,CNC,Normal,None,0.11,0.181,0.215,67.86,1.63,1754.92,,76.01,0
2024-01-01 12:26:35,3DPrinter,Attack,Data_Spoofing,0.53,0.416,0.476,284.86,3.59,,299.74,67.16,1
2024-01-01 12:26:40,3DPrinter,Normal,None,0.132,0.138,0.143,215.23,1.12,,206.15,46.2,0
2024-01-01 12:26:45,CNC,Attack,Parameter_Tamper,0.515,0.504,0.552,84.84,3.52,2588.81,,117.77,1
2024-01-01 12:26:50,3DPrinter,Normal,None,0.106,0.17,0.131,224.9,1.88,,203.7,44.14,0
2024-01-01 12:26:55,CNC,Attack,Parameter_Tamper,0.675,0.571,0.672,89.88,3.98,2520.82,,118.74,1
2024-01-01 12:27:00,3DPrinter,Normal,None,0.146,0.051,0.127,225.62,1.54,,202.19,52.19,0
2024-01-01 12:27:05,CNC,Normal,None,0.111,0.197,0.134,71.28,2.11,1730.73,,81.9,0
2024-01-01 12:27:10,3DPrinter,Normal,None,0.192,0.154,0.162,214.48,1.6,,211.41,51.64,0
2024-01-01 12:27:15,CNC,Normal,None,0.107,0.077,0.228,66.9,2.4,1857.58,,80.22,0
2024-01-01 12:27:20,CNC,Normal,None,0.214,0.086,0.031,70.88,2.03,1757.09,,76.19,0
2024-01-01 12:27:25,3DPrinter,Attack,DoS,0.496,0.309,0.52,271.29,3.64,,312.02,71.79,1
2024-01-01 12:27:30,3DPrinter,Normal,None,0.135,0.153,0.054,223.35,1.68,,211.3,51.58,0
2024-01-01 12:27:35,CNC,Normal,None,0.142,0.162,0.166,65.91,2.24,1896.06,,77.87,0
2024-01-01 12:27:40,3DPrinter,Normal,None,0.195,0.157,0.215,220.03,1.85,,200.04,47.27,0
2024-01-01 12:27:45,CNC,Normal,None,0.216,0.231,0.249,74.35,2.19,1903.78,,79.8,0
2024-01-01 12:27:50,CNC,Attack,Malware,0.536,0.437,0.701,90.92,3.82,2367.29,,118.57,1
2024-01-01 12:27:55,3DPrinter,Normal,None,0.119,0.131,0.11,223.5,1.56,,213.86,49.53,0
2024-01-01 12:28:00,CNC,Normal,None,0.183,0.192,0.152,67.24,1.72,1704.62,,75.43,0
2024-01-01 12:28:05,3DPrinter,Normal,None,0.295,0.186,0.136,217.34,2.08,,207.98,50.81,0
2024-01-01 12:28:10,CNC,Attack,Parameter_Tamper,0.536,0.554,0.612,90.55,3.37,2352.62,,114.88,1
2024-01-01 12:28:15,CNC,Normal,None,0.175,0.184,0.154,70.32,2.48,1707.35,,81.48,0
2024-01-01 12:28:20,CNC,Normal,None,0.201,0.182,0.181,66.07,2.12,1853.33,,70.55,0
2024-01-01 12:28:25,3DPrinter,Normal,None,0.095,0.1,0.136,213.49,1.73,,208.45,46.89,0
2024-01-01 12:28:30,CNC,Normal,None,0.1,0.117,0.124,70.69,2.81,1825.96,,80.41,0
2024-01-01 12:28:35,CNC,Normal,None,0.196,0.156,0.131,69.19,1.62,1940.28,,82.75,0
2024-01-01 12:28:40,3DPrinter,Normal,None,0.07,0.153,0.148,215.19,2.11,,200.93,54.88,0
2024-01-01 12:28:45,CNC,Normal,None,0.338,0.233,0.142,68.3,1.45,1913.26,,79.92,0
2024-01-01 12:28:50,CNC,Normal,None,0.216,0.187,0.272,69.37,2.89,1784.56,,84.51,0
2024-01-01 12:28:55,CNC,Normal,None,0.17,0.148,0.095,67.1,2.37,1709.26,,79.75,0
2024-01-01 12:29:00,CNC,Normal,None,0.211,0.186,0.233,71.61,2.23,1932.46,,85.76,0
2024-01-01 12:29:05,CNC,Normal,None,0.106,0.038,0.244,74.93,1.39,1847.86,,82.47,0
2024-01-01 12:29:10,CNC,Normal,None,0.263,-0.002,0.169,70.17,2.8,1882.85,,83.28,0
2024-01-01 12:29:15,3DPrinter,Normal,None,0.128,0.104,0.108,222.1,1.78,,203.97,55.45,0
2024-01-01 12:29:20,3DPrinter,Attack,Data_Spoofing,0.448,0.405,0.494,288.04,4.2,,305.35,72.67,1
2024-01-01 12:29:25,3DPrinter,Normal,None,0.14,0.146,0.153,220.2,2.17,,205.87,55.18,0
2024-01-01 12:29:30,CNC,Normal,None,0.15,0.028,0.233,70.76,3.01,1751.6,,85.35,0
2024-01-01 12:29:35,3DPrinter,Normal,None,0.154,0.186,0.079,218.19,1.65,,213.08,50.14,0
2024-01-01 12:29:40,CNC,Normal,None,0.004,0.118,0.241,70.67,1.68,1622.62,,84.62,0
2024-01-01 12:29:45,CNC,Attack,Data_Spoofing,0.484,0.527,0.737,91.34,3.89,2522.56,,121.86,1
2024-01-01 12:29:50,3DPrinter,Normal,None,0.083,0.127,0.138,214.68,1.88,,204.16,51.15,0
2024-01-01 12:29:55,3DPrinter,Normal,None,0.259,0.055,0.092,220.75,1.65,,204.78,51.47,0
2024-01-01 12:30:00,CNC,Attack,DoS,0.557,0.598,0.443,86.99,4.23,2448.98,,119.2,1
2024-01-01 12:30:05,3DPrinter,Normal,None,0.104,0.176,0.135,218.67,1.74,,204.31,51.23,0
2024-01-01 12:30:10,CNC,Normal,None,0.08,0.114,0.067,67.7,2.25,1712.85,,85.15,0
2024-01-01 12:30:15,CNC,Attack,Data_Spoofing,0.527,0.617,0.591,88.47,4.06,2567.15,,117.29,1
2024-01-01 12:30:20,CNC,Normal,None,0.235,0.171,0.158,71.73,2.17,1840.39,,80.3,0
2024-01-01 12:30:25,CNC,Normal,None,0.074,0.301,0.059,72.25,1.19,1799.98,,82.52,0
2024-01-01 12:30:30,CNC,Normal,None,0.128,0.223,0.113,69.17,2.3,1735.55,,83.83,0
2024-01-01 12:30:35,CNC,Normal,None,0.159,0.213,0.092,73.65,2.4,1695.91,,81.8,0
2024-01-01 12:30:40,3DPrinter,Normal,None,0.111,0.005,0.129,223.26,1.33,,216.47,49.69,0
2024-01-01 12:30:45,CNC,Normal,None,0.117,0.02,0.059,72.72,1.96,1784.09,,83.05,0
2024-01-01 12:30:50,3DPrinter,Attack,Data_Spoofing,0.47,0.417,0.538,278.01,4.02,,308.04,76.84,1
2024-01-01 12:30:55,3DPrinter,Attack,Data_Spoofing,0.44,0.463,0.522,282.5,4.26,,300.28,77.47,1
2024-01-01 12:31:00,CNC,Normal,None,0.231,0.062,0.111,65.59,2.78,1689.03,,79.24,0
2024-01-01 12:31:05,CNC,Normal,None,0.17,0.244,0.208,69.03,3.04,1849.17,,76.12,0
2024-01-01 12:31:10,3DPrinter,Attack,Parameter_Tamper,0.45,0.485,0.626,287.55,4.17,,303.83,68.83,1
2024-01-01 12:31:15,CNC,Normal,None,0.116,0.068,0.159,70.11,2.18,1768.92,,78.7,0
2024-01-01 12:31:20,CNC,Attack,Malware,0.704,0.661,0.837,87.6,3.96,2508.86,,117.25,1
2024-01-01 12:31:25,CNC,Normal,None,0.133,0.184,0.301,69.13,1.87,1747.4,,75.99,0
2024-01-01 12:31:30,CNC,Attack,Malware,0.582,0.677,0.748,90.25,3.39,2581.08,,130.1,1
2024-01-01 12:31:35,3DPrinter,Normal,None,0.218,0.093,0.109,221.23,1.97,,213.38,55.32,0
2024-01-01 12:31:40,CNC,Normal,None,0.177,0.153,0.097,74.11,1.9,1759.14,,78.79,0
2024-01-01 12:31:45,3DPrinter,Normal,None,-0.004,0.072,0.186,218.59,1.89,,216.84,45.54,0
2024-01-01 12:31:50,CNC,Normal,None,0.25,0.159,0.17,73.26,2.15,1931.77,,76.15,0
2024-01-01 12:31:55,3DPrinter,Normal,None,0.199,0.108,0.238,215.9,2.15,,217.92,50.14,0
2024-01-01 12:32:00,3DPrinter,Attack,Malware,0.576,0.479,0.531,274.93,3.76,,299.56,67.46,1
2024-01-01 12:32:05,CNC,Normal,None,0.126,0.327,0.146,74.1,2.87,1781.64,,81.47,0
2024-01-01 12:32:10,CNC,Normal,None,0.297,0.365,0.212,66.97,2.96,1756.98,,81.7,0
2024-01-01 12:32:15,CNC,Normal,None,0.179,0.107,0.294,71.52,2.43,1748.82,,82.31,0
2024-01-01 12:32:20,CNC,Normal,None,0.172,0.035,0.102,72.14,2.32,1718.5,,80.17,0
2024-01-01 12:32:25,3DPrinter,Normal,None,0.16,0.192,0.156,220.2,1.93,,215.35,49.26,0
2024-01-01 12:32:30,CNC,Attack,Malware,0.615,0.478,0.662,94.34,4.5,2397.88,,116.61,1
2024-01-01 12:32:35,CNC,Attack,Data_Spoofing,0.509,0.613,0.673,91.63,4.24,2450.44,,123.17,1
2024-01-01 12:32:40,3DPrinter,Normal,None,0.238,0.185,0.114,216.06,2.02,,202.19,47.79,0
2024-01-01 12:32:45,CNC,Normal,None,0.108,0.22,0.136,69.6,2.28,1713.82,,77.11,0
2024-01-01 12:32:50,CNC,Normal,None,0.218,0.219,0.188,74.15,1.86,1725.13,,81.77,0
2024-01-01 12:32:55,CNC,Normal,None,0.22,0.13,0.094,74.04,2.16,1711.66,,81.83,0
2024-01-01 12:33:00,3DPrinter,Normal,None,0.117,0.101,0.19,215.33,1.99,,207.51,44.02,0
2024-01-01 12:33:05,3DPrinter,Normal,None,0.133,0.127,0.233,222.65,2.76,,211.66,50.71,0
2024-01-01 12:33:10,3DPrinter,Normal,None,0.124,0.111,0.082,224.73,1.85,,207.87,49.08,0
2024-01-01 12:33:15,CNC,Normal,None,0.179,0.114,0.172,68.79,2.51,1817.68,,78.88,0
2024-01-01 12:33:20,3DPrinter,Normal,None,0.11,0.037,0.21,215.61,2.24,,216.22,51.63,0
2024-01-01 12:33:25,CNC,Normal,None,0.265,0.075,0.141,72.12,2.5,1857.22,,78.4,0
2024-01-01 12:33:30,CNC,Normal,None,0.154,0.139,0.268,66.15,2.17,1712.56,,86.78,0
2024-01-01 12:33:35,CNC,Normal,None,0.348,0.095,0.181,68.29,1.99,1654.05,,80.39,0
2024-01-01 12:33:40,CNC,Normal,None,0.155,0.142,0.107,71.79,2.01,1906.56,,76.52,0
2024-01-01 12:33:45,CNC,Normal,None,0.168,0.073,0.1,68.17,2.73,1797.01,,74.21,0
2024-01-01 12:33:50,CNC,Normal,None,0.28,0.171,0.085,68.84,1.96,1907.01,,83.87,0
2024-01-01 12:33:55,CNC,Attack,Malware,0.545,0.487,0.65,90.57,3.74,2496.08,,115.8,1
2024-01-01 12:34:00,CNC,Attack,Parameter_Tamper,0.526,0.565,0.665,89.43,4.54,2524.41,,122.3,1
2024-01-01 12:34:05,3DPrinter,Attack,Data_Spoofing,0.388,0.511,0.491,282.61,4.13,,295.32,71.38,1
2024-01-01 12:34:10,3DPrinter,Normal,None,0.137,0.145,0.111,224.26,1.66,,207.2,57.04,0
2024-01-01 12:34:15,3DPrinter,Normal,None,0.088,0.059,0.154,220.27,1.69,,219.78,50.54,0
2024-01-01 12:34:20,3DPrinter,Normal,None,0.145,0.167,0.152,230.13,1.47,,215.94,51.28,0
2024-01-01 12:34:25,CNC,Normal,None,0.116,0.099,-0.054,77.39,1.97,1742.34,,86.69,0
2024-01-01 12:34:30,3DPrinter,Normal,None,0.162,0.091,0.086,216.34,2.2,,201.37,53.46,0
2024-01-01 12:34:35,3DPrinter,Attack,Data_Spoofing,0.568,0.48,0.488,280.56,3.72,,293.06,71.23,1
2024-01-01 12:34:40,CNC,Normal,None,0.159,0.159,0.211,69.67,2.91,1803.26,,78.1,0
2024-01-01 12:34:45,3DPrinter,Normal,None,0.176,0.16,0.181,219.14,1.67,,215.84,48.92,0
2024-01-01 12:34:50,3DPrinter,Normal,None,0.183,0.176,0.107,219.18,1.23,,215.04,54.03,0
2024-01-01 12:34:55,3DPrinter,Normal,None,0.097,0.091,0.212,219.35,1.45,,207.63,46.16,0
2024-01-01 12:35:00,CNC,Attack,DoS,0.575,0.512,0.683,85.19,3.49,2483.8,,116.85,1
2024-01-01 12:35:05,3DPrinter,Normal,None,0.163,-0.014,0.288,220.95,1.62,,200.33,45.52,0
2024-01-01 12:35:10,CNC,Normal,None,0.168,0.143,0.136,68.55,2.51,1978.79,,83.23,0
2024-01-01 12:35:15,3DPrinter,Attack,DoS,0.543,0.375,0.49,277.45,4.19,,293.1,69.47,1
2024-01-01 12:35:20,CNC,Attack,Data_Spoofing,0.505,0.52,0.575,92.41,3.74,2553.26,,115.12,1
2024-01-01 12:35:25,3DPrinter,Attack,Parameter_Tamper,0.565,0.458,0.561,280.99,4.2,,301.96,72.35,1
2024-01-01 12:35:30,CNC,Normal,None,0.125,0.155,0.106,74.99,2.47,1900.74,,76.96,0
2024-01-01 12:35:35,3DPrinter,Attack,Data_Spoofing,0.515,0.467,0.576,280.48,4.23,,302.43,69.84,1
2024-01-01 12:35:40,CNC,Normal,None,0.088,0.242,0.257,72.56,2.31,2033.55,,83.93,0
2024-01-01 12:35:45,CNC,Attack,Data_Spoofing,0.504,0.576,0.66,86.72,4.75,2449.65,,121.74,1
2024-01-01 12:35:50,3DPrinter,Normal,None,0.057,0.104,0.106,218.97,1.62,,204.63,48.35,0
2024-01-01 12:35:55,3DPrinter,Normal,None,0.176,0.125,0.104,224.96,1.89,,207.14,52.55,0
2024-01-01 12:36:00,3DPrinter,Normal,None,0.136,0.125,0.138,214.36,1.98,,207.13,55.77,0
2024-01-01 12:36:05,3DPrinter,Normal,None,0.212,0.148,0.064,215.77,2.23,,216.22,50.05,0
2024-01-01 12:36:10,CNC,Normal,None,0.036,0.183,0.111,70.9,2.25,1774.46,,83.17,0
2024-01-01 12:36:15,CNC,Normal,None,0.2,0.269,0.179,69.47,2.17,1725.7,,76.94,0
2024-01-01 12:36:20,CNC,Normal,None,0.077,0.115,0.23,70.48,2.4,1477.29,,79.08,0
2024-01-01 12:36:25,CNC,Normal,None,0.106,0.197,0.138,75.47,2.37,1853.06,,75.69,0
2024-01-01 12:36:30,CNC,Attack,Parameter_Tamper,0.54,0.515,0.673,87.85,4.06,2389.2,,121.52,1
2024-01-01 12:36:35,3DPrinter,Normal,None,0.195,0.024,0.206,213.51,1.46,,210.58,50.61,0
2024-01-01 12:36:40,3DPrinter,Normal,None,0.051,0.107,0.085,213.25,1.65,,222.36,51.9,0
2024-01-01 12:36:45,CNC,Normal,None,0.101,0.058,0.269,73.11,2.69,1988.71,,80.32,0
2024-01-01 12:36:50,CNC,Normal,None,0.175,0.134,0.098,74.24,2.0,1990.52,,77.49,0
2024-01-01 12:36:55,CNC,Normal,None,0.148,0.132,0.17,71.56,2.23,1711.91,,88.05,0
2024-01-01 12:37:00,CNC,Attack,Parameter_Tamper,0.624,0.635,0.653,93.26,4.8,2502.96,,125.29,1
2024-01-01 12:37:05,3DPrinter,Attack,DoS,0.526,0.485,0.599,286.49,3.93,,306.59,71.03,1
2024-01-01 12:37:10,CNC,Attack,Malware,0.587,0.553,0.714,92.24,4.17,2577.7,,120.43,1
2024-01-01 12:37:15,CNC,Attack,Parameter_Tamper,0.599,0.599,0.659,93.3,4.84,2383.11,,116.79,1
2024-01-01 12:37:20,CNC,Normal,None,0.074,0.172,0.167,72.37,1.16,1906.94,,84.31,0
2024-01-01 12:37:25,3DPrinter,Normal,None,0.081,0.158,0.266,217.13,1.55,,217.35,50.37,0
2024-01-01 12:37:30,CNC,Normal,None,0.12,0.268,0.186,67.63,2.22,1653.65,,81.71,0
2024-01-01 12:37:35,3DPrinter,Normal,None,0.14,0.146,0.135,225.47,1.39,,206.49,49.01,0
2024-01-01 12:37:40,3DPrinter,Normal,None,0.145,0.162,0.208,227.93,2.34,,203.35,47.87,0
2024-01-01 12:37:45,3DPrinter,Normal,None,0.08,0.101,0.185,213.89,1.97,,213.81,46.18,0
2024-01-01 12:37:50,CNC,Attack,Malware,0.458,0.517,0.717,93.34,3.97,2518.07,,116.28,1
2024-01-01 12:37:55,CNC,Normal,None,0.255,0.114,0.154,73.19,2.57,1818.48,,84.76,0
2024-01-01 12:38:00,3DPrinter,Attack,Parameter_Tamper,0.553,0.407,0.586,278.62,3.85,,295.49,74.63,1
2024-01-01 12:38:05,CNC,Attack,Malware,0.6,0.518,0.624,89.52,3.03,2263.53,,125.21,1
2024-01-01 12:38:10,3DPrinter,Normal,None,0.181,0.115,0.177,213.09,1.35,,213.83,44.66,0
2024-01-01 12:38:15,CNC,Normal,None,0.098,-0.026,0.127,69.39,1.68,1695.95,,79.12,0
2024-01-01 12:38:20,CNC,Normal,None,0.274,0.207,0.319,71.78,2.72,1757.85,,79.25,0
2024-01-01 12:38:25,3DPrinter,Normal,None,0.171,0.064,0.1,217.73,1.54,,211.66,50.24,0
2024-01-01 12:38:30,3DPrinter,Normal,None,0.123,0.122,0.144,224.49,1.75,,203.74,48.27,0
2024-01-01 12:38:35,CNC,Normal,None,0.156,0.151,0.143,70.42,1.82,1815.75,,76.48,0
2024-01-01 12:38:40,3DPrinter,Attack,Parameter_Tamper,0.554,0.455,0.518,284.3,3.58,,297.21,69.58,1
2024-01-01 12:38:45,CNC,Normal,None,0.226,0.202,0.212,67.29,2.6,1849.78,,87.56,0
2024-01-01 12:38:50,CNC,Normal,None,0.167,0.166,0.068,69.22,2.06,1757.56,,83.26,0
2024-01-01 12:38:55,3DPrinter,Normal,None,0.155,0.154,0.047,223.53,1.73,,209.07,42.91,0
2024-01-01 12:39:00,3DPrinter,Normal,None,0.166,0.192,0.116,218.3,1.96,,222.71,51.91,0
2024-01-01 12:39:05,CNC,Normal,None,0.121,0.085,0.097,69.8,1.71,1960.21,,87.71,0
2024-01-01 12:39:10,CNC,Normal,None,0.111,0.123,0.108,73.46,1.93,1934.56,,80.55,0
2024-01-01 12:39:15,3DPrinter,Normal,None,0.171,0.164,0.144,220.49,1.54,,215.72,53.13,0
2024-01-01 12:39:20,CNC,Attack,DoS,0.584,0.598,0.641,88.76,3.36,2565.27,,117.73,1
2024-01-01 12:39:25,CNC,Normal,None,0.224,0.264,0.164,73.78,1.9,1675.15,,79.06,0
2024-01-01 12:39:30,3DPrinter,Normal,None,0.109,0.195,0.144,224.3,1.41,,203.47,50.77,0
2024-01-01 12:39:35,CNC,Normal,None,0.109,0.1,0.2,68.34,2.09,1739.42,,73.1,0
2024-01-01 12:39:40,CNC,Attack,Malware,0.682,0.594,0.589,88.72,3.45,2413.64,,112.82,1
2024-01-01 12:39:45,CNC,Attack,Data_Spoofing,0.666,0.619,0.74,91.92,3.48,2374.92,,114.26,1
2024-01-01 12:39:50,3DPrinter,Normal,None,0.143,0.09,0.147,218.26,1.97,,212.12,50.98,0
2024-01-01 12:39:55,3DPrinter,Attack,Data_Spoofing,0.51,0.461,0.55,283.77,4.11,,295.6,71.59,1
2024-01-01 12:40:00,CNC,Normal,None,0.204,0.126,0.201,70.71,2.48,1791.24,,74.29,0
2024-01-01 12:40:05,3DPrinter,Normal,None,0.141,0.15,0.123,231.03,1.97,,210.12,52.46,0
2024-01-01 12:40:10,CNC,Attack,Parameter_Tamper,0.614,0.523,0.575,91.67,3.17,2406.87,,120.71,1
2024-01-01 12:40:15,CNC,Attack,Parameter_Tamper,0.541,0.667,0.804,91.03,3.8,2465.01,,123.3,1
2024-01-01 12:40:20,3DPrinter,Normal,None,0.244,0.147,0.191,223.31,1.79,,206.14,49.93,0
2024-01-01 12:40:25,CNC,Normal,None,0.239,0.17,0.058,69.54,1.87,1901.38,,77.8,0
2024-01-01 12:40:30,3DPrinter,Normal,None,0.107,0.204,0.073,221.99,2.28,,215.03,54.56,0
2024-01-01 12:40:35,3DPrinter,Normal,None,0.233,0.13,0.137,223.65,1.83,,211.01,48.85,0
2024-01-01 12:40:40,3DPrinter,Normal,None,0.165,0.072,0.17,223.65,1.55,,205.69,52.85,0
2024-01-01 12:40:45,3DPrinter,Normal,None,0.123,0.094,0.115,212.17,1.95,,211.85,51.28,0
2024-01-01 12:40:50,3DPrinter,Normal,None,0.217,0.163,0.19,224.8,1.65,,205.4,48.98,0
2024-01-01 12:40:55,3DPrinter,Normal,None,0.2,0.071,0.05,225.42,1.2,,211.72,52.44,0
2024-01-01 12:41:00,CNC,Normal,None,0.183,-0.003,0.159,70.42,2.97,1824.2,,72.92,0
2024-01-01 12:41:05,CNC,Attack,Data_Spoofing,0.616,0.529,0.813,94.6,4.0,2507.85,,122.15,1
2024-01-01 12:41:10,CNC,Normal,None,0.156,0.209,0.286,67.69,1.8,1805.59,,81.2,0
2024-01-01 12:41:15,3DPrinter,Attack,Data_Spoofing,0.569,0.457,0.49,283.3,3.85,,297.76,68.53,1
2024-01-01 12:41:20,3DPrinter,Normal,None,0.13,0.091,0.19,220.95,2.18,,198.75,48.44,0
2024-01-01 12:41:25,3DPrinter,Normal,None,0.113,0.203,0.057,223.83,1.66,,207.36,46.67,0
2024-01-01 12:41:30,3DPrinter,Normal,None,0.162,0.152,0.109,214.91,2.17,,209.71,47.01,0
2024-01-01 12:41:35,CNC,Normal,None,0.075,0.11,0.109,69.92,1.76,1761.21,,79.81,0
2024-01-01 12:41:40,3DPrinter,Attack,Malware,0.569,0.499,0.595,279.7,4.12,,287.12,70.61,1
2024-01-01 12:41:45,CNC,Normal,None,0.315,0.097,0.141,75.95,1.71,1830.05,,76.49,0
2024-01-01 12:41:50,CNC,Attack,Parameter_Tamper,0.52,0.503,0.672,91.97,3.72,2410.67,,123.1,1
2024-01-01 12:41:55,CNC,Normal,None,0.307,0.236,0.182,73.51,1.8,1733.2,,83.06,0
2024-01-01 12:42:00,CNC,Normal,None,0.174,0.035,0.278,66.15,2.37,1573.69,,88.18,0
2024-01-01 12:42:05,3DPrinter,Normal,None,0.212,0.16,0.101,215.56,2.09,,199.7,49.77,0
2024-01-01 12:42:10,CNC,Normal,None,0.271,0.037,0.181,72.49,2.95,1977.33,,85.58,0
2024-01-01 12:42:15,3DPrinter,Normal,None,0.149,0.131,0.187,216.94,2.29,,215.21,54.41,0
2024-01-01 12:42:20,3DPrinter,Normal,None,0.06,0.126,0.222,222.08,1.81,,205.8,45.49,0
2024-01-01 12:42:25,3DPrinter,Attack,Malware,0.543,0.383,0.554,280.51,3.71,,294.07,68.56,1
2024-01-01 12:42:30,CNC,Normal,None,0.319,0.234,0.181,66.87,2.25,1815.41,,78.02,0
2024-01-01 12:42:35,3DPrinter,Normal,None,0.129,0.172,0.158,219.4,1.33,,206.28,56.06,0
2024-01-01 12:42:40,CNC,Normal,None,0.356,0.006,0.165,65.46,1.88,1735.17,,72.18,0
2024-01-01 12:42:45,3DPrinter,Attack,Data_Spoofing,0.561,0.474,0.575,286.35,3.64,,304.6,70.05,1
2024-01-01 12:42:50,CNC,Normal,None,0.149,0.17,0.074,68.7,2.62,1917.88,,87.37,0
2024-01-01 12:42:55,CNC,Normal,None,0.211,0.09,0.213,66.57,2.11,1974.13,,77.57,0
2024-01-01 12:43:00,3DPrinter,Normal,None,0.099,0.176,0.081,227.22,1.75,,212.29,54.35,0
2024-01-01 12:43:05,3DPrinter,Attack,Data_Spoofing,0.53,0.35,0.506,270.85,3.78,,302.75,70.59,1
2024-01-01 12:43:10,CNC,Normal,None,0.245,0.15,0.159,67.16,2.02,1801.36,,80.79,0
2024-01-01 12:43:15,CNC,Normal,None,0.117,0.17,0.122,71.96,2.39,1789.88,,79.47,0
2024-01-01 12:43:20,3DPrinter,Attack,DoS,0.543,0.481,0.452,281.06,4.58,,304.86,73.46,1
2024-01-01 12:43:25,3DPrinter,Normal,None,0.115,0.177,0.14,220.19,1.54,,211.85,51.76,0
2024-01-01 12:43:30,CNC,Normal,None,0.178,0.005,0.257,71.31,2.02,1766.36,,75.09,0
2024-01-01 12:43:35,3DPrinter,Normal,None,0.147,0.199,0.165,218.62,1.83,,214.52,50.56,0
2024-01-01 12:43:40,3DPrinter,Normal,None,0.067,0.176,0.158,220.7,2.2,,206.05,45.98,0
2024-01-01 12:43:45,CNC,Normal,None,0.108,0.101,0.212,67.59,1.48,1908.8,,78.22,0
2024-01-01 12:43:50,CNC,Normal,None,0.15,0.037,0.154,70.11,1.61,1678.22,,82.98,0
2024-01-01 12:43:55,CNC,Normal,None,0.094,0.147,0.334,67.87,1.86,1953.38,,84.23,0
2024-01-01 12:44:00,CNC,Normal,None,0.193,0.143,0.159,67.59,1.8,1765.53,,76.86,0
2024-01-01 12:44:05,3DPrinter,Normal,None,0.149,-0.03,0.096,217.36,1.45,,212.88,47.67,0
2024-01-01 12:44:10,3DPrinter,Normal,None,0.076,0.159,0.166,230.28,2.34,,206.01,53.71,0
2024-01-01 12:44:15,3DPrinter,Attack,Malware,0.484,0.502,0.556,280.62,4.38,,300.56,67.82,1
2024-01-01 12:44:20,CNC,Normal,None,0.327,0.18,0.256,73.43,1.92,1832.42,,81.98,0
2024-01-01 12:44:25,CNC,Normal,None,0.098,0.106,0.184,70.76,1.66,1625.53,,80.02,0
2024-01-01 12:44:30,3DPrinter,Normal,None,0.158,0.077,0.12,223.1,1.47,,208.18,50.88,0
2024-01-01 12:44:35,CNC,Attack,DoS,0.546,0.614,0.639,89.11,3.71,2408.13,,125.79,1
2024-01-01 12:44:40,3DPrinter,Normal,None,0.09,0.182,0.053,223.14,1.59,,215.18,48.73,0
2024-01-01 12:44:45,3DPrinter,Attack,Data_Spoofing,0.502,0.39,0.573,276.5,3.75,,306.98,76.63,1
2024-01-01 12:44:50,CNC,Normal,None,0.227,0.163,0.153,68.38,2.84,1971.77,,80.43,0
2024-01-01 12:44:55,CNC,Normal,None,0.132,0.108,0.094,73.01,1.99,1821.67,,74.52,0
2024-01-01 12:45:00,3DPrinter,Attack,Data_Spoofing,0.525,0.499,0.594,277.24,4.26,,305.16,70.93,1
2024-01-01 12:45:05,CNC,Attack,DoS,0.61,0.562,0.738,93.22,3.33,2598.54,,124.76,1
2024-01-01 12:45:10,CNC,Attack,Data_Spoofing,0.572,0.542,0.701,91.15,4.16,2448.07,,124.33,1
2024-01-01 12:45:15,3DPrinter,Normal,None,0.119,0.185,0.197,229.9,1.77,,210.89,50.96,0
2024-01-01 12:45:20,3DPrinter,Attack,Parameter_Tamper,0.571,0.322,0.542,277.5,3.74,,292.36,69.34,1
2024-01-01 12:45:25,3DPrinter,Attack,Malware,0.535,0.505,0.538,270.23,4.07,,289.16,65.64,1
2024-01-01 12:45:30,3DPrinter,Normal,None,0.106,0.09,0.197,212.49,2.25,,205.97,46.27,0
2024-01-01 12:45:35,3DPrinter,Normal,None,0.143,0.076,0.176,217.76,1.45,,212.23,53.45,0
2024-01-01 12:45:40,3DPrinter,Attack,Parameter_Tamper,0.495,0.425,0.648,293.96,3.73,,294.64,70.12,1
2024-01-01 12:45:45,3DPrinter,Normal,None,0.036,0.152,0.14,220.23,1.78,,204.4,45.46,0
2024-01-01 12:45:50,CNC,Attack,DoS,0.612,0.575,0.701,92.41,4.25,2421.79,,120.7,1
2024-01-01 12:45:55,3DPrinter,Normal,None,0.224,0.154,0.168,225.41,1.62,,207.15,52.02,0
2024-01-01 12:46:00,CNC,Attack,Data_Spoofing,0.659,0.561,0.73,90.06,4.03,2545.73,,117.82,1
2024-01-01 12:46:05,3DPrinter,Normal,None,0.105,0.086,0.163,220.8,1.76,,213.45,51.14,0
2024-01-01 12:46:10,3DPrinter,Normal,None,0.072,0.084,0.101,218.86,1.2,,215.67,50.18,0
2024-01-01 12:46:15,CNC,Attack,Data_Spoofing,0.591,0.546,0.739,83.96,4.55,2569.25,,120.41,1
2024-01-01 12:46:20,CNC,Normal,None,0.171,0.163,0.186,68.67,1.94,1864.12,,81.82,0
2024-01-01 12:46:25,CNC,Normal,None,0.283,0.194,0.16,74.44,2.21,1799.93,,82.68,0
2024-01-01 12:46:30,CNC,Normal,None,0.227,0.156,0.135,66.39,2.2,1677.57,,82.69,0
2024-01-01 12:46:35,3DPrinter,Normal,None,0.153,0.169,0.148,225.82,1.44,,206.17,53.49,0
2024-01-01 12:46:40,3DPrinter,Normal,None,0.038,0.122,0.198,220.04,1.97,,212.75,49.05,0
2024-01-01 12:46:45,CNC,Normal,None,0.01,0.174,0.188,70.42,2.46,1847.88,,78.12,0
2024-01-01 12:46:50,CNC,Normal,None,0.213,0.173,0.174,67.69,2.47,1797.46,,76.19,0
2024-01-01 12:46:55,3DPrinter,Attack,Malware,0.467,0.472,0.508,282.98,3.47,,293.51,75.48,1
2024-01-01 12:47:00,3DPrinter,Attack,Parameter_Tamper,0.485,0.401,0.647,274.83,3.75,,299.02,69.66,1
2024-01-01 12:47:05,CNC,Normal,None,0.222,0.038,0.141,68.69,2.01,1985.61,,75.2,0
2024-01-01 12:47:10,CNC,Normal,None,0.278,0.057,0.188,68.73,2.01,1707.14,,90.26,0
2024-01-01 12:47:15,CNC,Normal,None,0.163,0.128,0.097,74.52,2.96,1783.12,,79.13,0
2024-01-01 12:47:20,3DPrinter,Normal,None,0.238,0.116,0.087,219.44,1.44,,208.91,47.96,0
2024-01-01 12:47:25,3DPrinter,Normal,None,0.176,0.068,0.177,220.58,1.57,,210.6,48.18,0
2024-01-01 12:47:30,CNC,Attack,Malware,0.59,0.405,0.646,92.33,4.18,2631.08,,117.3,1
2024-01-01 12:47:35,CNC,Attack,Malware,0.572,0.609,0.639,87.9,3.65,2576.92,,113.56,1
2024-01-01 12:47:40,3DPrinter,Attack,DoS,0.537,0.44,0.59,274.69,3.73,,304.71,69.79,1
2024-01-01 12:47:45,3DPrinter,Normal,None,0.138,0.165,0.187,219.56,1.78,,211.34,54.1,0
2024-01-01 12:47:50,CNC,Normal,None,0.149,0.237,0.185,68.7,2.71,1781.96,,74.23,0
2024-01-01 12:47:55,CNC,Normal,None,0.158,0.174,0.27,69.36,1.17,1643.58,,81.19,0
2024-01-01 12:48:00,CNC,Normal,None,0.123,0.033,0.069,70.01,1.57,1653.16,,80.83,0
2024-01-01 12:48:05,CNC,Normal,None,0.137,0.224,0.134,68.21,2.03,1689.18,,74.85,0
2024-01-01 12:48:10,CNC,Normal,None,0.093,0.016,0.09,72.46,2.2,1761.21,,77.23,0
2024-01-01 12:48:15,3DPrinter,Normal,None,0.146,0.04,0.143,219.76,1.82,,209.8,48.88,0
2024-01-01 12:48:20,CNC,Attack,Data_Spoofing,0.501,0.641,0.649,88.9,4.03,2384.27,,113.7,1
2024-01-01 12:48:25,3DPrinter,Normal,None,0.178,0.145,0.215,217.57,2.01,,205.89,50.99,0
2024-01-01 12:48:30,CNC,Normal,None,0.252,0.175,0.232,68.15,1.75,1932.91,,80.1,0
2024-01-01 12:48:35,3DPrinter,Normal,None,0.203,-0.033,0.126,217.65,2.04,,207.74,53.3,0
2024-01-01 12:48:40,CNC,Normal,None,0.141,0.156,0.103,69.55,2.05,1807.58,,85.87,0
2024-01-01 12:48:45,3DPrinter,Normal,None,0.205,0.102,0.043,225.08,2.1,,200.11,47.9,0
2024-01-01 12:48:50,CNC,Attack,Data_Spoofing,0.653,0.533,0.638,87.58,2.83,2357.51,,115.58,1
2024-01-01 12:48:55,CNC,Attack,Data_Spoofing,0.629,0.613,0.658,90.46,2.75,2416.67,,122.98,1
2024-01-01 12:49:00,CNC,Normal,None,0.194,0.272,0.153,65.25,2.96,1759.96,,85.82,0
2024-01-01 12:49:05,CNC,Attack,Parameter_Tamper,0.644,0.413,0.598,89.11,3.51,2464.98,,125.2,1
2024-01-01 12:49:10,CNC,Normal,None,0.155,0.181,0.062,72.12,1.75,1824.83,,84.46,0
2024-01-01 12:49:15,3DPrinter,Normal,None,0.089,0.103,0.171,214.44,1.6,,208.89,49.62,0
2024-01-01 12:49:20,3DPrinter,Normal,None,0.171,0.16,0.064,218.75,1.52,,204.57,45.29,0
2024-01-01 12:49:25,3DPrinter,Attack,DoS,0.418,0.444,0.543,285.48,4.58,,300.8,69.53,1
2024-01-01 12:49:30,3DPrinter,Normal,None,0.094,0.027,0.171,210.55,1.37,,206.65,49.15,0
2024-01-01 12:49:35,3DPrinter,Normal,None,0.18,0.079,0.043,223.87,1.56,,210.08,53.01,0
2024-01-01 12:49:40,3DPrinter,Normal,None,0.134,0.134,0.123,230.68,2.19,,220.54,51.42,0
2024-01-01 12:49:45,3DPrinter,Attack,DoS,0.546,0.439,0.596,281.73,3.71,,295.05,70.45,1
2024-01-01 12:49:50,CNC,Normal,None,0.262,0.221,0.233,70.88,2.2,1912.41,,83.75,0
2024-01-01 12:49:55,3DPrinter,Attack,DoS,0.455,0.5,0.583,275.07,3.7,,301.56,72.97,1
2024-01-01 12:50:00,3DPrinter,Normal,None,0.248,0.133,0.172,214.17,1.79,,209.44,47.34,0
2024-01-01 12:50:05,CNC,Normal,None,0.211,0.165,0.214,65.56,2.2,1886.93,,72.58,0
2024-01-01 12:50:10,CNC,Normal,None,0.002,0.104,0.092,69.83,2.18,1834.47,,82.46,0
2024-01-01 12:50:15,CNC,Normal,None,0.26,0.067,0.08,74.53,2.92,1740.79,,84.27,0
2024-01-01 12:50:20,3DPrinter,Normal,None,0.239,0.154,0.193,218.27,1.82,,212.63,53.62,0
2024-01-01 12:50:25,CNC,Normal,None,0.169,0.1,0.271,69.08,2.52,1939.5,,85.56,0
2024-01-01 12:50:30,3DPrinter,Normal,None,0.173,0.108,0.118,217.86,1.53,,209.78,45.33,0
2024-01-01 12:50:35,3DPrinter,Attack,DoS,0.557,0.363,0.62,280.92,4.01,,305.47,72.61,1
2024-01-01 12:50:40,3DPrinter,Normal,None,0.088,0.071,0.119,215.58,2.2,,206.47,51.18,0
2024-01-01 12:50:45,CNC,Normal,None,0.221,0.194,0.22,63.77,2.08,1896.46,,75.33,0
2024-01-01 12:50:50,3DPrinter,Attack,Parameter_Tamper,0.541,0.458,0.568,284.98,4.04,,303.4,67.73,1
2024-01-01 12:50:55,3DPrinter,Normal,None,0.116,0.189,0.167,213.1,1.55,,207.18,48.31,0
2024-01-01 12:51:00,CNC,Normal,None,0.29,0.205,0.181,75.59,2.15,1847.55,,81.32,0
2024-01-01 12:51:05,CNC,Normal,None,0.213,0.162,0.112,68.75,1.91,2002.22,,80.02,0
2024-01-01 12:51:10,CNC,Attack,DoS,0.719,0.615,0.728,86.61,4.25,2480.51,,117.23,1
2024-01-01 12:51:15,CNC,Normal,None,0.016,0.119,0.018,71.8,2.33,1700.92,,79.94,0
2024-01-01 12:51:20,3DPrinter,Normal,None,0.041,0.187,0.152,222.73,1.65,,213.4,48.25,0
2024-01-01 12:51:25,3DPrinter,Attack,Malware,0.508,0.523,0.559,276.65,4.26,,302.82,67.54,1
2024-01-01 12:51:30,3DPrinter,Normal,None,0.16,0.06,0.114,223.73,1.92,,212.16,55.54,0
2024-01-01 12:51:35,3DPrinter,Normal,None,0.2,0.052,0.102,218.33,1.48,,216.61,47.49,0
2024-01-01 12:51:40,3DPrinter,Normal,None,0.153,0.085,-0.03,228.52,1.4,,202.64,49.11,0
2024-01-01 12:51:45,3DPrinter,Normal,None,0.148,0.06,0.141,216.37,2.07,,208.93,49.03,0
2024-01-01 12:51:50,3DPrinter,Normal,None,0.091,0.065,0.163,222.0,1.72,,208.9,53.5,0
2024-01-01 12:51:55,CNC,Attack,Data_Spoofing,0.636,0.603,0.688,90.53,3.63,2459.33,,119.19,1
2024-01-01 12:52:00,3DPrinter,Normal,None,0.174,0.085,0.174,222.43,1.73,,201.57,47.23,0
2024-01-01 12:52:05,3DPrinter,Normal,None,0.226,0.057,0.145,214.97,2.41,,212.99,52.9,0
2024-01-01 12:52:10,3DPrinter,Normal,None,0.245,0.115,0.141,212.34,1.83,,213.33,49.74,0
2024-01-01 12:52:15,CNC,Normal,None,0.179,0.125,0.35,71.96,2.12,1844.78,,71.92,0
2024-01-01 12:52:20,3DPrinter,Normal,None,0.047,0.246,0.173,218.68,2.24,,197.23,48.37,0
2024-01-01 12:52:25,CNC,Attack,Parameter_Tamper,0.614,0.7,0.662,91.35,3.93,2622.03,,118.31,1
2024-01-01 12:52:30,CNC,Normal,None,0.129,0.161,0.058,73.11,2.02,1663.1,,76.15,0
2024-01-01 12:52:35,3DPrinter,Attack,Data_Spoofing,0.485,0.5,0.502,281.99,3.91,,304.12,69.31,1
2024-01-01 12:52:40,3DPrinter,Normal,None,0.15,0.107,0.088,220.34,2.02,,206.56,49.96,0
2024-01-01 12:52:45,CNC,Normal,None,0.141,0.136,0.162,69.99,1.5,1849.66,,76.12,0
2024-01-01 12:52:50,CNC,Normal,None,0.244,0.141,0.153,67.36,1.61,1711.9,,84.57,0
2024-01-01 12:52:55,3DPrinter,Normal,None,0.131,0.101,0.17,216.37,1.56,,200.9,51.01,0
2024-01-01 12:53:00,CNC,Normal,None,0.237,0.16,0.173,71.39,2.61,1805.06,,75.86,0
2024-01-01 12:53:05,CNC,Normal,None,0.193,0.19,0.154,72.5,2.34,1720.7,,84.3,0
2024-01-01 12:53:10,CNC,Attack,Malware,0.573,0.46,0.681,93.69,3.58,2572.23,,116.92,1
2024-01-01 12:53:15,CNC,Normal,None,0.225,0.26,0.019,68.94,1.83,1867.47,,87.7,0
2024-01-01 12:53:20,CNC,Normal,None,0.228,0.141,0.147,71.72,2.5,1598.69,,78.86,0
2024-01-01 12:53:25,CNC,Normal,None,0.139,0.183,0.073,66.6,2.04,1769.56,,84.04,0
2024-01-01 12:53:30,CNC,Normal,None,0.158,0.102,0.189,69.06,2.44,1957.01,,75.6,0
2024-01-01 12:53:35,3DPrinter,Normal,None,0.166,0.031,0.185,221.06,2.03,,195.92,49.86,0
2024-01-01 12:53:40,3DPrinter,Attack,Parameter_Tamper,0.513,0.447,0.61,286.36,4.16,,297.36,69.53,1
2024-01-01 12:53:45,CNC,Normal,None,0.094,0.1,0.319,74.41,2.63,1650.97,,83.46,0
2024-01-01 12:53:50,CNC,Attack,Parameter_Tamper,0.56,0.756,0.788,90.91,3.66,2413.0,,117.52,1
2024-01-01 12:53:55,CNC,Normal,None,0.23,0.242,0.238,71.96,2.36,1955.25,,76.78,0
2024-01-01 12:54:00,CNC,Attack,DoS,0.571,0.6,0.733,92.87,4.23,2479.7,,124.29,1
2024-01-01 12:54:05,3DPrinter,Normal,None,0.215,0.049,0.041,223.63,2.23,,208.73,48.36,0
2024-01-01 12:54:10,CNC,Normal,None,0.242,0.201,0.088,69.92,1.79,1714.12,,77.59,0
2024-01-01 12:54:15,3DPrinter,Normal,None,0.176,0.129,0.143,224.84,2.06,,212.76,51.18,0
2024-01-01 12:54:20,3DPrinter,Attack,Malware,0.394,0.381,0.652,277.47,4.14,,301.68,63.62,1
2024-01-01 12:54:25,3DPrinter,Attack,Malware,0.466,0.413,0.515,275.78,4.17,,292.09,67.7,1
2024-01-01 12:54:30,3DPrinter,Normal,None,0.057,0.179,0.071,219.14,1.58,,215.38,46.3,0
2024-01-01 12:54:35,3DPrinter,Normal,None,0.111,0.217,0.021,217.75,1.83,,206.12,50.64,0
2024-01-01 12:54:40,CNC,Attack,DoS,0.678,0.525,0.642,91.91,4.73,2397.78,,115.13,1
2024-01-01 12:54:45,CNC,Attack,Data_Spoofing,0.583,0.516,0.623,95.65,4.08,2689.17,,123.36,1
2024-01-01 12:54:50,3DPrinter,Normal,None,0.04,0.102,0.155,219.29,1.83,,206.11,53.78,0
2024-01-01 12:54:55,3DPrinter,Normal,None,0.129,0.117,0.069,222.41,1.54,,212.81,52.64,0
2024-01-01 12:55:00,CNC,Normal,None,0.175,0.02,0.202,69.59,2.17,1888.88,,78.96,0
2024-01-01 12:55:05,CNC,Normal,None,0.16,0.198,0.284,72.89,1.91,1794.98,,86.16,0
2024-01-01 12:55:10,3DPrinter,Normal,None,0.162,0.15,0.171,212.94,2.32,,203.96,45.11,0
2024-01-01 12:55:15,3DPrinter,Attack,Malware,0.353,0.414,0.56,279.1,3.88,,291.71,68.46,1
2024-01-01 12:55:20,CNC,Normal,None,0.223,0.075,0.129,70.96,2.33,1810.68,,85.88,0
2024-01-01 12:55:25,3DPrinter,Normal,None,0.236,0.113,0.223,224.26,1.98,,201.42,50.52,0
2024-01-01 12:55:30,3DPrinter,Normal,None,0.151,0.119,0.126,215.33,2.06,,208.06,50.47,0
2024-01-01 12:55:35,CNC,Attack,Malware,0.6,0.509,0.622,95.34,3.68,2487.12,,119.54,1
2024-01-01 12:55:40,3DPrinter,Normal,None,0.144,0.042,0.147,218.32,2.43,,212.94,47.14,0
2024-01-01 12:55:45,CNC,Attack,Data_Spoofing,0.532,0.592,0.765,87.71,3.9,2540.48,,122.14,1
2024-01-01 12:55:50,3DPrinter,Normal,None,0.154,0.122,0.079,227.54,1.84,,209.51,47.62,0
2024-01-01 12:55:55,CNC,Normal,None,0.266,0.191,0.196,72.66,2.75,1853.79,,78.34,0
2024-01-01 12:56:00,CNC,Attack,Data_Spoofing,0.739,0.757,0.737,90.78,4.06,2543.4,,129.41,1
2024-01-01 12:56:05,CNC,Attack,DoS,0.61,0.528,0.544,92.2,3.89,2426.22,,115.48,1
2024-01-01 12:56:10,CNC,Normal,None,0.246,0.155,0.069,72.06,2.34,1895.16,,77.58,0
2024-01-01 12:56:15,3DPrinter,Attack,Parameter_Tamper,0.439,0.475,0.629,281.69,3.88,,305.2,67.79,1
2024-01-01 12:56:20,3DPrinter,Normal,None,0.108,0.086,0.121,217.35,1.91,,204.61,54.56,0
2024-01-01 12:56:25,3DPrinter,Normal,None,0.237,0.143,0.068,219.06,2.45,,207.82,54.54,0
2024-01-01 12:56:30,CNC,Normal,None,0.138,0.081,0.27,70.03,2.61,1841.15,,81.91,0
2024-01-01 12:56:35,CNC,Attack,Parameter_Tamper,0.599,0.433,0.553,90.61,3.99,2635.66,,122.56,1
2024-01-01 12:56:40,CNC,Normal,None,0.147,0.077,0.136,70.12,2.82,1761.91,,81.54,0
2024-01-01 12:56:45,3DPrinter,Normal,None,0.205,0.148,0.194,214.38,1.35,,211.39,49.14,0
2024-01-01 12:56:50,3DPrinter,Normal,None,0.2,0.127,0.201,227.16,1.66,,208.03,52.25,0
2024-01-01 12:56:55,3DPrinter,Normal,None,0.235,0.078,0.133,226.43,2.33,,201.5,50.09,0
2024-01-01 12:57:00,CNC,Normal,None,0.127,0.146,0.168,67.69,2.65,1826.78,,75.86,0
2024-01-01 12:57:05,3DPrinter,Normal,None,0.181,0.126,0.114,217.82,1.87,,210.24,52.71,0
2024-01-01 12:57:10,CNC,Attack,DoS,0.532,0.528,0.652,94.64,3.59,2520.18,,115.07,1
2024-01-01 12:57:15,CNC,Normal,None,0.204,0.055,0.1,68.37,2.7,1742.91,,74.91,0
2024-01-01 12:57:20,3DPrinter,Normal,None,0.165,0.151,0.122,221.39,1.69,,212.24,50.75,0
2024-01-01 12:57:25,CNC,Normal,None,0.335,0.176,0.078,72.84,2.0,1780.57,,73.28,0
2024-01-01 12:57:30,3DPrinter,Normal,None,0.159,0.084,0.17,215.21,1.95,,212.01,49.6,0
2024-01-01 12:57:35,3DPrinter,Attack,DoS,0.445,0.43,0.564,284.11,4.0,,306.05,69.35,1
2024-01-01 12:57:40,CNC,Normal,None,0.201,0.194,0.21,74.22,1.68,1747.7,,80.11,0
2024-01-01 12:57:45,CNC,Normal,None,0.236,0.12,0.147,69.82,2.35,1799.97,,79.47,0
2024-01-01 12:57:50,3DPrinter,Normal,None,0.118,0.092,0.122,226.63,1.69,,211.52,49.72,0
2024-01-01 12:57:55,3DPrinter,Normal,None,0.084,0.156,0.139,213.57,2.09,,208.51,46.34,0
2024-01-01 12:58:00,CNC,Normal,None,0.075,0.186,0.138,70.63,3.02,1899.88,,82.16,0
2024-01-01 12:58:05,CNC,Normal,None,0.146,0.138,0.315,70.81,2.43,1664.16,,77.54,0
2024-01-01 12:58:10,CNC,Normal,None,0.241,0.126,0.141,66.34,2.5,1817.05,,81.59,0
2024-01-01 12:58:15,3DPrinter,Normal,None,0.197,0.035,0.149,228.83,2.0,,213.37,47.31,0
2024-01-01 12:58:20,3DPrinter,Normal,None,0.072,0.165,0.159,214.75,1.27,,214.7,47.05,0
2024-01-01 12:58:25,CNC,Normal,None,0.088,0.141,0.243,65.68,2.25,1741.82,,86.56,0
2024-01-01 12:58:30,3DPrinter,Attack,Parameter_Tamper,0.454,0.439,0.572,277.69,3.74,,295.51,70.62,1
2024-01-01 12:58:35,3DPrinter,Normal,None,0.178,0.098,0.106,227.36,1.96,,213.22,48.83,0
2024-01-01 12:58:40,CNC,Normal,None,0.15,0.154,0.344,63.24,2.15,1870.79,,76.07,0
2024-01-01 12:58:45,CNC,Normal,None,0.171,0.17,0.106,70.4,2.05,1975.19,,83.8,0
2024-01-01 12:58:50,3DPrinter,Normal,None,0.16,0.186,0.139,224.2,1.67,,216.7,53.45,0
2024-01-01 12:58:55,CNC,Normal,None,0.165,0.257,0.193,71.63,2.8,1634.83,,78.57,0
2024-01-01 12:59:00,CNC,Attack,Data_Spoofing,0.684,0.513,0.741,86.47,3.71,2491.26,,117.82,1
2024-01-01 12:59:05,3DPrinter,Normal,None,0.113,0.152,0.105,211.48,1.33,,209.72,51.49,0
2024-01-01 12:59:10,CNC,Attack,Data_Spoofing,0.544,0.438,0.719,83.32,3.2,2550.46,,119.93,1
2024-01-01 12:59:15,CNC,Normal,None,0.282,0.232,0.188,71.58,2.13,1879.27,,81.21,0
2024-01-01 12:59:20,CNC,Attack,Data_Spoofing,0.524,0.555,0.692,89.85,3.76,2311.71,,126.14,1
2024-01-01 12:59:25,3DPrinter,Normal,None,0.082,0.152,0.119,222.75,1.98,,208.85,54.6,0
2024-01-01 12:59:30,3DPrinter,Attack,DoS,0.458,0.438,0.495,278.27,3.53,,295.82,64.94,1
2024-01-01 12:59:35,CNC,Attack,Parameter_Tamper,0.685,0.609,0.652,90.81,3.56,2535.28,,120.54,1
2024-01-01 12:59:40,CNC,Normal,None,0.117,0.103,0.161,64.78,2.0,1879.3,,78.04,0
2024-01-01 12:59:45,3DPrinter,Normal,None,0.113,0.066,0.099,223.83,1.86,,209.24,50.01,0
2024-01-01 12:59:50,3DPrinter,Normal,None,0.215,0.096,0.136,226.22,1.96,,202.99,47.32,0
2024-01-01 12:59:55,CNC,Attack,Parameter_Tamper,0.54,0.542,0.502,92.92,4.08,2615.01,,125.95,1
2024-01-01 13:00:00,CNC,Normal,None,0.128,0.038,0.116,70.51,1.9,1637.49,,75.14,0
2024-01-01 13:00:05,CNC,Attack,Data_Spoofing,0.81,0.614,0.646,91.48,2.87,2461.51,,123.39,1
2024-01-01 13:00:10,CNC,Normal,None,0.123,0.146,0.027,70.92,2.71,1749.2,,77.38,0
2024-01-01 13:00:15,CNC,Normal,None,0.318,0.194,0.218,68.26,1.83,1691.43,,77.89,0
2024-01-01 13:00:20,3DPrinter,Normal,None,0.173,0.096,0.039,222.93,2.24,,213.3,48.5,0
2024-01-01 13:00:25,CNC,Normal,None,0.03,0.021,0.241,64.26,1.54,1905.08,,87.68,0
2024-01-01 13:00:30,3DPrinter,Normal,None,0.152,0.114,0.155,222.18,1.86,,202.47,45.25,0
2024-01-01 13:00:35,CNC,Normal,None,0.129,0.183,0.222,69.02,2.03,1714.64,,83.75,0
2024-01-01 13:00:40,CNC,Attack,Data_Spoofing,0.504,0.563,0.621,92.51,3.41,2379.42,,117.47,1
2024-01-01 13:00:45,CNC,Normal,None,0.216,0.055,0.106,75.07,2.46,1747.32,,84.33,0
2024-01-01 13:00:50,3DPrinter,Attack,Data_Spoofing,0.453,0.446,0.558,285.93,4.19,,300.75,69.62,1
2024-01-01 13:00:55,3DPrinter,Attack,Malware,0.501,0.451,0.458,276.73,3.71,,296.62,75.38,1
2024-01-01 13:01:00,3DPrinter,Normal,None,0.125,0.171,0.213,221.79,1.9,,218.94,45.9,0
2024-01-01 13:01:05,3DPrinter,Normal,None,0.064,0.186,0.09,216.42,2.1,,208.47,49.46,0
2024-01-01 13:01:10,3DPrinter,Attack,DoS,0.544,0.402,0.569,276.33,4.18,,300.21,72.65,1
2024-01-01 13:01:15,3DPrinter,Normal,None,0.269,-0.005,0.126,225.36,1.58,,210.88,48.41,0
2024-01-01 13:01:20,3DPrinter,Attack,Malware,0.512,0.469,0.586,272.21,4.3,,301.95,65.68,1
2024-01-01 13:01:25,3DPrinter,Normal,None,0.167,0.103,0.127,225.56,1.84,,214.78,51.66,0
2024-01-01 13:01:30,CNC,Normal,None,0.161,0.201,0.153,73.52,1.83,1711.54,,76.85,0
2024-01-01 13:01:35,3DPrinter,Attack,Malware,0.506,0.406,0.488,283.93,4.5,,298.95,71.59,1
2024-01-01 13:01:40,CNC,Attack,Parameter_Tamper,0.621,0.517,0.52,93.11,3.87,2426.8,,120.01,1
2024-01-01 13:01:45,3DPrinter,Normal,None,0.127,0.077,0.082,226.26,1.54,,213.32,47.96,0
2024-01-01 13:01:50,CNC,Normal,None,0.231,0.081,0.178,69.14,1.82,1621.11,,88.99,0
2024-01-01 13:01:55,3DPrinter,Attack,Data_Spoofing,0.472,0.485,0.558,276.95,3.56,,289.82,70.16,1
2024-01-01 13:02:00,3DPrinter,Attack,Malware,0.492,0.539,0.539,288.18,4.01,,298.24,70.43,1
2024-01-01 13:02:05,CNC,Normal,None,0.183,0.075,0.162,71.0,1.78,1875.91,,76.73,0
2024-01-01 13:02:10,3DPrinter,Normal,None,0.148,0.044,0.156,220.38,1.67,,213.09,51.49,0
2024-01-01 13:02:15,3DPrinter,Attack,Parameter_Tamper,0.44,0.402,0.452,275.43,4.05,,296.84,67.87,1
2024-01-01 13:02:20,3DPrinter,Normal,None,0.15,0.089,0.193,222.08,1.57,,208.02,50.38,0
2024-01-01 13:02:25,CNC,Normal,None,0.152,0.183,0.125,67.29,2.58,1718.5,,83.24,0
2024-01-01 13:02:30,3DPrinter,Normal,None,0.168,0.085,0.161,212.46,1.96,,206.07,51.45,0
2024-01-01 13:02:35,3DPrinter,Normal,None,0.169,0.128,0.09,214.96,1.69,,208.01,46.98,0
2024-01-01 13:02:40,CNC,Attack,Data_Spoofing,0.597,0.562,0.634,90.82,3.57,2493.18,,120.53,1
2024-01-01 13:02:45,CNC,Normal,None,0.276,0.085,0.246,69.72,2.84,1833.62,,80.4,0
2024-01-01 13:02:50,3DPrinter,Normal,None,0.193,0.111,0.04,223.28,1.53,,213.87,52.26,0
2024-01-01 13:02:55,CNC,Attack,DoS,0.613,0.559,0.737,91.16,3.93,2297.98,,116.71,1
2024-01-01 13:03:00,3DPrinter,Normal,None,0.088,0.192,0.152,220.85,2.07,,211.48,49.17,0
2024-01-01 13:03:05,CNC,Normal,None,0.149,0.078,0.123,69.31,2.61,1808.73,,81.94,0
2024-01-01 13:03:10,CNC,Normal,None,0.193,0.141,0.171,75.9,1.72,1704.28,,73.19,0
2024-01-01 13:03:15,CNC,Normal,None,0.186,0.146,0.075,69.54,2.17,1963.7,,78.81,0
2024-01-01 13:03:20,3DPrinter,Attack,DoS,0.58,0.481,0.547,268.59,4.28,,304.69,73.97,1
2024-01-01 13:03:25,CNC,Attack,Parameter_Tamper,0.44,0.65,0.742,88.99,3.9,2557.68,,120.11,1
2024-01-01 13:03:30,3DPrinter,Normal,None,0.189,0.041,0.155,212.64,1.88,,204.26,45.67,0
2024-01-01 13:03:35,CNC,Normal,None,0.307,0.086,0.078,65.04,2.2,1870.51,,83.82,0
2024-01-01 13:03:40,3DPrinter,Normal,None,0.083,0.142,0.141,220.29,1.78,,210.64,43.17,0
2024-01-01 13:03:45,CNC,Attack,Parameter_Tamper,0.539,0.575,0.516,89.97,3.84,2514.86,,132.06,1
2024-01-01 13:03:50,3DPrinter,Attack,Data_Spoofing,0.462,0.423,0.525,287.5,4.07,,303.43,67.77,1
2024-01-01 13:03:55,3DPrinter,Attack,Parameter_Tamper,0.506,0.503,0.62,275.58,3.86,,303.38,69.6,1
2024-01-01 13:04:00,3DPrinter,Normal,None,0.163,0.091,0.116,224.3,2.02,,210.4,48.84,0
2024-01-01 13:04:05,3DPrinter,Normal,None,0.198,0.124,0.066,217.88,1.83,,215.97,49.06,0
2024-01-01 13:04:10,3DPrinter,Normal,None,0.191,0.088,0.123,213.42,1.88,,190.16,45.38,0
2024-01-01 13:04:15,CNC,Normal,None,0.186,0.037,0.154,71.01,2.48,1823.74,,75.26,0
2024-01-01 13:04:20,CNC,Attack,Parameter_Tamper,0.6,0.51,0.558,88.57,3.84,2497.41,,116.18,1
2024-01-01 13:04:25,CNC,Normal,None,0.254,0.183,0.061,70.4,2.57,1766.21,,86.76,0
2024-01-01 13:04:30,3DPrinter,Normal,None,0.197,0.149,0.167,223.09,1.66,,213.79,55.34,0
2024-01-01 13:04:35,3DPrinter,Normal,None,0.056,0.136,0.128,226.32,1.58,,212.92,50.23,0
2024-01-01 13:04:40,CNC,Normal,None,0.153,0.187,0.159,65.07,2.13,1733.53,,75.95,0
2024-01-01 13:04:45,CNC,Attack,Malware,0.57,0.563,0.647,97.56,3.85,2462.09,,120.4,1
2024-01-01 13:04:50,CNC,Normal,None,0.204,0.184,0.187,72.43,2.24,1700.44,,77.48,0
2024-01-01 13:04:55,3DPrinter,Normal,None,0.219,0.014,0.147,226.56,1.4,,210.75,52.96,0
2024-01-01 13:05:00,CNC,Normal,None,0.225,0.279,0.092,65.5,2.42,1775.59,,81.19,0
2024-01-01 13:05:05,3DPrinter,Attack,Malware,0.561,0.486,0.504,287.37,4.21,,304.45,66.76,1
2024-01-01 13:05:10,CNC,Normal,None,0.211,0.175,0.119,68.41,2.36,1974.83,,86.33,0
2024-01-01 13:05:15,3DPrinter,Attack,Malware,0.518,0.466,0.473,280.56,4.03,,297.12,69.07,1
2024-01-01 13:05:20,3DPrinter,Normal,None,0.147,0.153,0.129,219.81,1.84,,208.09,54.65,0
2024-01-01 13:05:25,3DPrinter,Normal,None,0.242,0.175,0.114,223.38,1.79,,215.95,46.15,0
2024-01-01 13:05:30,CNC,Normal,None,0.149,0.096,0.142,67.16,1.92,1730.57,,81.31,0
2024-01-01 13:05:35,CNC,Attack,Data_Spoofing,0.542,0.587,0.666,88.7,3.46,2380.28,,117.22,1
2024-01-01 13:05:40,3DPrinter,Normal,None,0.213,0.117,0.161,222.09,1.54,,208.75,49.96,0
2024-01-01 13:05:45,CNC,Normal,None,0.206,-0.025,0.177,72.29,1.66,1677.69,,73.21,0
2024-01-01 13:05:50,3DPrinter,Normal,None,0.101,0.132,0.175,215.42,1.53,,207.52,45.8,0
2024-01-01 13:05:55,CNC,Normal,None,0.207,0.238,0.21,69.62,2.88,1945.2,,79.08,0
2024-01-01 13:06:00,3DPrinter,Normal,None,0.172,0.074,0.221,216.5,1.55,,204.2,49.46,0
2024-01-01 13:06:05,3DPrinter,Normal,None,0.195,0.116,0.116,224.8,1.91,,201.36,53.72,0
2024-01-01 13:06:10,CNC,Normal,None,0.103,0.178,0.246,69.07,2.31,1650.55,,80.09,0
2024-01-01 13:06:15,CNC,Normal,None,0.063,0.014,0.164,69.98,2.36,1886.23,,84.19,0
2024-01-01 13:06:20,CNC,Normal,None,0.185,0.027,0.13,75.84,1.84,1755.95,,86.19,0
2024-01-01 13:06:25,CNC,Attack,Data_Spoofing,0.546,0.457,0.643,88.3,3.16,2358.52,,114.94,1
2024-01-01 13:06:30,3DPrinter,Normal,None,0.168,0.118,0.078,226.8,1.47,,219.02,50.45,0
2024-01-01 13:06:35,3DPrinter,Attack,Data_Spoofing,0.552,0.426,0.555,273.76,3.91,,302.15,71.84,1
2024-01-01 13:06:40,3DPrinter,Normal,None,0.065,0.116,0.25,218.05,2.1,,214.35,45.69,0
2024-01-01 13:06:45,CNC,Normal,None,0.201,-0.102,0.187,67.04,2.16,1719.09,,76.48,0
2024-01-01 13:06:50,3DPrinter,Normal,None,0.184,0.078,0.113,224.99,2.05,,207.61,45.6,0
2024-01-01 13:06:55,CNC,Attack,Data_Spoofing,0.662,0.619,0.526,89.39,3.99,2292.12,,128.37,1
2024-01-01 13:07:00,3DPrinter,Attack,Malware,0.508,0.421,0.541,287.99,3.92,,297.91,72.05,1
2024-01-01 13:07:05,3DPrinter,Normal,None,0.166,0.045,0.157,211.23,1.52,,207.48,51.54,0
2024-01-01 13:07:10,3DPrinter,Normal,None,0.125,0.07,0.14,230.14,1.37,,204.31,51.79,0
2024-01-01 13:07:15,3DPrinter,Normal,None,0.142,0.105,0.128,219.58,1.94,,213.22,45.84,0
2024-01-01 13:07:20,CNC,Normal,None,0.225,-0.046,0.167,63.09,2.2,1959.15,,78.61,0
2024-01-01 13:07:25,3DPrinter,Normal,None,0.163,0.143,0.111,217.17,1.92,,212.14,51.79,0
2024-01-01 13:07:30,3DPrinter,Normal,None,0.224,0.144,0.15,211.63,1.48,,206.41,46.7,0
2024-01-01 13:07:35,CNC,Attack,Parameter_Tamper,0.588,0.5,0.613,91.74,2.88,2515.74,,116.47,1
2024-01-01 13:07:40,CNC,Normal,None,0.163,0.26,0.22,67.42,1.42,1764.0,,75.45,0
2024-01-01 13:07:45,CNC,Attack,Parameter_Tamper,0.479,0.546,0.531,89.9,4.05,2315.82,,117.86,1
2024-01-01 13:07:50,CNC,Normal,None,0.253,0.048,0.175,69.26,2.36,1803.45,,74.71,0
2024-01-01 13:07:55,3DPrinter,Normal,None,0.133,0.162,0.202,223.53,1.84,,205.13,53.42,0
2024-01-01 13:08:00,3DPrinter,Normal,None,0.165,0.121,0.156,223.59,1.53,,205.55,50.65,0
2024-01-01 13:08:05,3DPrinter,Attack,Data_Spoofing,0.548,0.403,0.544,275.26,3.86,,303.52,72.97,1
2024-01-01 13:08:10,3DPrinter,Normal,None,0.197,0.135,0.145,229.62,2.01,,208.31,53.31,0
2024-01-01 13:08:15,3DPrinter,Attack,Malware,0.488,0.426,0.55,284.72,3.98,,300.87,65.39,1
2024-01-01 13:08:20,3DPrinter,Normal,None,0.296,0.104,0.189,223.71,1.31,,212.49,47.48,0
2024-01-01 13:08:25,3DPrinter,Attack,Data_Spoofing,0.49,0.464,0.49,275.91,4.28,,309.38,67.0,1
2024-01-01 13:08:30,3DPrinter,Normal,None,0.171,0.077,0.063,218.55,1.87,,204.67,47.15,0
2024-01-01 13:08:35,CNC,Attack,DoS,0.669,0.513,0.577,92.4,4.29,2440.02,,118.54,1
2024-01-01 13:08:40,CNC,Normal,None,0.159,0.109,0.26,69.2,2.31,1638.85,,79.69,0
2024-01-01 13:08:45,3DPrinter,Normal,None,0.106,0.092,0.079,223.95,2.05,,205.15,49.35,0
2024-01-01 13:08:50,CNC,Normal,None,0.257,0.141,0.166,70.9,2.74,1696.6,,84.58,0
2024-01-01 13:08:55,CNC,Normal,None,0.075,0.118,0.148,75.57,1.7,1859.48,,82.21,0
2024-01-01 13:09:00,3DPrinter,Attack,Parameter_Tamper,0.499,0.406,0.62,280.49,3.92,,299.32,69.33,1
2024-01-01 13:09:05,CNC,Attack,Parameter_Tamper,0.659,0.488,0.701,91.13,3.67,2463.97,,116.34,1
2024-01-01 13:09:10,3DPrinter,Normal,None,0.133,0.147,0.093,218.07,1.58,,213.79,49.67,0
2024-01-01 13:09:15,3DPrinter,Normal,None,0.114,0.108,0.13,218.78,1.69,,202.62,47.38,0
2024-01-01 13:09:20,3DPrinter,Normal,None,0.199,0.156,0.113,223.79,1.56,,212.03,57.28,0
2024-01-01 13:09:25,3DPrinter,Normal,None,0.162,0.167,0.13,228.25,1.86,,206.12,46.74,0
2024-01-01 13:09:30,3DPrinter,Normal,None,0.14,0.169,0.131,220.04,1.76,,219.56,51.15,0
2024-01-01 13:09:35,CNC,Normal,None,0.091,0.157,0.11,67.69,2.59,1700.31,,82.49,0
2024-01-01 13:09:40,3DPrinter,Attack,Malware,0.494,0.493,0.522,272.8,3.89,,300.61,72.05,1
2024-01-01 13:09:45,CNC,Normal,None,0.118,0.155,0.12,74.76,1.97,1686.43,,82.79,0
2024-01-01 13:09:50,3DPrinter,Normal,None,0.184,0.128,0.169,221.36,1.91,,207.96,44.01,0
2024-01-01 13:09:55,3DPrinter,Normal,None,0.16,0.048,0.108,220.32,1.39,,206.9,57.15,0
2024-01-01 13:10:00,3DPrinter,Normal,None,0.139,0.058,0.134,217.54,1.86,,208.58,47.9,0
2024-01-01 13:10:05,3DPrinter,Normal,None,0.133,0.162,0.092,212.18,1.8,,219.54,44.52,0
2024-01-01 13:10:10,3DPrinter,Attack,Parameter_Tamper,0.514,0.491,0.591,276.48,4.0,,299.57,69.46,1
2024-01-01 13:10:15,CNC,Normal,None,0.124,0.212,0.208,65.53,2.42,1807.28,,80.36,0
2024-01-01 13:10:20,CNC,Normal,None,0.084,0.201,0.046,73.31,2.4,1995.07,,80.72,0
2024-01-01 13:10:25,CNC,Normal,None,0.226,0.074,0.235,67.87,1.6,1953.38,,80.73,0
2024-01-01 13:10:30,3DPrinter,Normal,None,0.172,0.199,0.162,219.65,2.44,,209.58,50.87,0
2024-01-01 13:10:35,CNC,Normal,None,0.21,0.138,0.226,64.03,2.65,1647.8,,84.04,0
2024-01-01 13:10:40,CNC,Normal,None,0.115,0.025,0.168,67.32,2.81,1850.27,,80.27,0
2024-01-01 13:10:45,3DPrinter,Normal,None,0.163,0.125,0.133,214.99,1.93,,214.23,47.5,0
2024-01-01 13:10:50,CNC,Normal,None,0.085,0.168,0.25,71.85,2.33,1854.04,,87.21,0
2024-01-01 13:10:55,CNC,Normal,None,0.236,0.168,0.14,77.2,2.53,1754.53,,80.34,0
2024-01-01 13:11:00,CNC,Normal,None,0.17,0.161,0.203,78.21,1.67,1858.72,,85.9,0
2024-01-01 13:11:05,3DPrinter,Normal,None,0.111,0.087,0.118,218.44,1.61,,206.53,47.39,0
2024-01-01 13:11:10,3DPrinter,Normal,None,0.193,0.161,0.155,231.44,2.17,,207.5,46.43,0
2024-01-01 13:11:15,CNC,Normal,None,0.132,0.04,0.139,72.74,2.3,1679.74,,88.61,0
2024-01-01 13:11:20,CNC,Attack,DoS,0.55,0.644,0.755,92.05,3.52,2368.3,,124.46,1
2024-01-01 13:11:25,3DPrinter,Normal,None,0.147,0.156,0.196,225.05,1.92,,211.63,50.76,0
2024-01-01 13:11:30,CNC,Normal,None,0.099,0.06,0.182,68.38,2.3,1816.38,,82.61,0
2024-01-01 13:11:35,3DPrinter,Normal,None,0.176,0.12,0.19,222.58,2.14,,218.07,51.73,0
2024-01-01 13:11:40,CNC,Attack,DoS,0.585,0.567,0.622,88.15,3.72,2678.96,,119.66,1
2024-01-01 13:11:45,3DPrinter,Normal,None,0.231,0.133,0.122,216.03,2.12,,204.47,47.97,0
2024-01-01 13:11:50,CNC,Attack,Parameter_Tamper,0.644,0.651,0.604,88.43,2.99,2580.11,,128.52,1
2024-01-01 13:11:55,CNC,Normal,None,0.093,0.05,0.216,68.28,2.57,1750.39,,78.55,0
2024-01-01 13:12:00,CNC,Attack,Malware,0.677,0.45,0.695,91.08,2.89,2587.1,,123.98,1
2024-01-01 13:12:05,CNC,Attack,Data_Spoofing,0.572,0.57,0.518,86.81,3.97,2742.65,,124.87,1
2024-01-01 13:12:10,CNC,Normal,None,0.138,0.17,0.117,76.96,2.22,1895.71,,79.34,0
2024-01-01 13:12:15,CNC,Attack,DoS,0.635,0.566,0.72,86.2,3.2,2542.59,,125.76,1
2024-01-01 13:12:20,3DPrinter,Normal,None,0.218,0.16,0.131,218.6,2.2,,208.4,50.47,0
2024-01-01 13:12:25,CNC,Normal,None,0.18,0.178,0.104,74.78,2.2,1759.82,,82.35,0
2024-01-01 13:12:30,CNC,Normal,None,0.251,0.161,0.117,69.71,2.41,1808.62,,84.34,0
2024-01-01 13:12:35,3DPrinter,Normal,None,0.112,0.155,0.078,211.27,1.47,,206.12,49.09,0
2024-01-01 13:12:40,3DPrinter,Normal,None,0.131,0.186,0.082,221.5,1.44,,203.33,51.11,0
2024-01-01 13:12:45,3DPrinter,Attack,Data_Spoofing,0.534,0.416,0.566,283.52,3.82,,308.47,67.49,1
2024-01-01 13:12:50,CNC,Normal,None,0.105,0.148,0.048,70.68,2.99,1744.13,,79.03,0
2024-01-01 13:12:55,CNC,Attack,Malware,0.661,0.629,0.653,90.34,4.65,2451.53,,124.91,1
2024-01-01 13:13:00,CNC,Normal,None,0.21,0.124,0.105,73.76,2.6,1662.81,,83.05,0
2024-01-01 13:13:05,3DPrinter,Attack,Data_Spoofing,0.509,0.489,0.554,285.5,4.09,,300.68,67.9,1
2024-01-01 13:13:10,CNC,Normal,None,-0.035,0.089,0.126,72.73,1.64,1782.44,,83.15,0
2024-01-01 13:13:15,3DPrinter,Normal,None,0.089,0.126,0.072,213.51,1.41,,219.05,54.48,0
2024-01-01 13:13:20,CNC,Attack,DoS,0.59,0.581,0.782,87.94,4.15,2541.42,,119.14,1
2024-01-01 13:13:25,CNC,Normal,None,0.129,0.172,0.082,70.88,2.54,1727.6,,81.2,0
2024-01-01 13:13:30,CNC,Normal,None,0.324,0.097,0.218,64.68,2.83,1596.61,,78.75,0
2024-01-01 13:13:35,3DPrinter,Normal,None,0.097,0.165,0.191,221.2,2.02,,215.22,47.95,0
2024-01-01 13:13:40,3DPrinter,Normal,None,0.181,0.082,0.13,218.85,2.03,,213.73,47.98,0
2024-01-01 13:13:45,3DPrinter,Attack,DoS,0.547,0.489,0.576,283.2,4.5,,301.64,68.18,1
2024-01-01 13:13:50,CNC,Normal,None,0.258,0.078,0.305,75.3,1.85,1770.1,,82.74,0
2024-01-01 13:13:55,CNC,Normal,None,0.129,0.183,0.08,70.49,2.48,1817.8,,84.43,0
2024-01-01 13:14:00,3DPrinter,Normal,None,0.211,0.117,0.147,220.76,1.62,,222.35,47.65,0
2024-01-01 13:14:05,CNC,Normal,None,0.245,0.135,0.209,70.9,1.92,1785.45,,83.72,0
2024-01-01 13:14:10,3DPrinter,Normal,None,0.122,0.164,0.057,217.18,1.76,,209.93,48.48,0
2024-01-01 13:14:15,CNC,Normal,None,0.052,0.218,0.287,70.65,2.16,1667.76,,77.98,0
2024-01-01 13:14:20,CNC,Normal,None,0.236,0.101,-0.022,70.6,1.57,1914.48,,78.84,0
2024-01-01 13:14:25,3DPrinter,Normal,None,0.154,0.075,0.121,208.39,1.57,,204.5,49.16,0
2024-01-01 13:14:30,3DPrinter,Attack,Malware,0.503,0.523,0.51,269.6,4.0,,304.16,65.31,1
2024-01-01 13:14:35,3DPrinter,Normal,None,0.168,0.097,0.128,234.26,1.87,,200.47,43.54,0
2024-01-01 13:14:40,3DPrinter,Normal,None,0.095,0.124,0.121,218.37,1.89,,219.59,54.09,0
2024-01-01 13:14:45,3DPrinter,Normal,None,0.134,0.082,0.146,224.27,2.12,,211.16,50.55,0
2024-01-01 13:14:50,3DPrinter,Attack,DoS,0.478,0.498,0.573,279.19,4.03,,304.22,72.82,1
2024-01-01 13:14:55,CNC,Normal,None,0.156,0.168,0.09,69.64,2.02,1739.08,,83.66,0
2024-01-01 13:15:00,CNC,Attack,Malware,0.601,0.571,0.734,90.74,2.77,2480.09,,126.28,1
2024-01-01 13:15:05,CNC,Attack,Malware,0.68,0.633,0.707,89.32,4.61,2533.96,,118.26,1
2024-01-01 13:15:10,3DPrinter,Normal,None,0.157,0.123,0.111,220.73,1.29,,212.27,47.98,0
2024-01-01 13:15:15,3DPrinter,Attack,Data_Spoofing,0.391,0.279,0.57,281.88,3.44,,295.84,67.37,1
2024-01-01 13:15:20,3DPrinter,Attack,DoS,0.479,0.443,0.612,273.01,3.86,,307.85,67.82,1
2024-01-01 13:15:25,CNC,Normal,None,0.152,0.282,0.168,67.74,1.75,1892.75,,77.41,0
2024-01-01 13:15:30,3DPrinter,Normal,None,0.123,0.127,0.104,220.41,1.41,,203.64,48.46,0
2024-01-01 13:15:35,CNC,Normal,None,0.223,0.253,0.222,72.37,1.57,1734.36,,84.75,0
2024-01-01 13:15:40,CNC,Normal,None,0.222,0.251,0.235,73.05,1.54,1729.57,,79.42,0
2024-01-01 13:15:45,CNC,Normal,None,0.13,0.101,0.096,73.17,2.94,1830.88,,81.56,0
2024-01-01 13:15:50,3DPrinter,Attack,Parameter_Tamper,0.581,0.49,0.556,280.69,4.0,,309.09,71.84,1
2024-01-01 13:15:55,3DPrinter,Attack,Data_Spoofing,0.482,0.441,0.558,276.4,3.47,,304.92,66.6,1
2024-01-01 13:16:00,CNC,Normal,None,0.153,-0.041,0.187,70.79,2.34,1592.45,,74.6,0
2024-01-01 13:16:05,CNC,Attack,Parameter_Tamper,0.681,0.524,0.699,85.28,3.82,2699.4,,120.63,1
2024-01-01 13:16:10,CNC,Normal,None,0.198,0.21,0.193,71.58,2.05,1714.96,,80.2,0
2024-01-01 13:16:15,3DPrinter,Normal,None,0.201,0.227,0.121,212.64,2.0,,218.72,51.59,0
2024-01-01 13:16:20,3DPrinter,Normal,None,0.094,0.162,0.131,226.22,1.45,,207.83,45.3,0
2024-01-01 13:16:25,3DPrinter,Attack,Malware,0.517,0.437,0.567,275.36,3.41,,298.08,65.71,1
2024-01-01 13:16:30,3DPrinter,Normal,None,0.149,0.225,0.107,225.14,1.29,,210.2,50.11,0
2024-01-01 13:16:35,3DPrinter,Normal,None,0.187,0.1,0.129,220.13,1.66,,211.23,49.74,0
2024-01-01 13:16:40,3DPrinter,Normal,None,0.118,0.171,0.166,225.93,1.54,,211.02,50.57,0
2024-01-01 13:16:45,3DPrinter,Normal,None,0.125,0.097,0.155,220.38,2.0,,208.55,50.28,0
2024-01-01 13:16:50,3DPrinter,Attack,Malware,0.593,0.542,0.525,272.65,4.51,,303.47,71.56,1
2024-01-01 13:16:55,3DPrinter,Attack,Data_Spoofing,0.478,0.483,0.561,277.2,4.19,,300.1,68.66,1
2024-01-01 13:17:00,3DPrinter,Attack,Malware,0.534,0.492,0.657,282.07,3.98,,309.57,73.32,1
2024-01-01 13:17:05,CNC,Normal,None,0.201,0.122,0.161,67.04,2.44,1652.9,,79.61,0
2024-01-01 13:17:10,3DPrinter,Normal,None,0.017,0.09,0.071,218.22,1.89,,212.55,49.67,0
2024-01-01 13:17:15,3DPrinter,Attack,DoS,0.436,0.406,0.567,271.0,3.28,,298.78,68.36,1
2024-01-01 13:17:20,CNC,Normal,None,0.18,0.144,0.146,72.98,1.82,1900.36,,79.62,0
2024-01-01 13:17:25,3DPrinter,Attack,Data_Spoofing,0.543,0.493,0.496,277.92,3.97,,306.32,63.41,1
2024-01-01 13:17:30,CNC,Normal,None,0.17,0.046,0.108,64.14,1.75,1787.7,,81.41,0
2024-01-01 13:17:35,3DPrinter,Normal,None,0.134,0.076,0.23,219.83,2.19,,201.6,47.5,0
2024-01-01 13:17:40,CNC,Normal,None,0.164,0.188,0.264,68.62,2.14,1988.26,,78.39,0
2024-01-01 13:17:45,CNC,Normal,None,0.136,0.048,0.107,73.78,1.46,1867.75,,85.98,0
2024-01-01 13:17:50,3DPrinter,Normal,None,0.151,0.036,0.095,218.26,1.51,,200.9,47.33,0
2024-01-01 13:17:55,3DPrinter,Attack,Malware,0.49,0.487,0.595,279.48,4.15,,295.52,72.0,1
2024-01-01 13:18:00,CNC,Normal,None,0.164,0.138,0.272,61.99,1.88,1824.69,,81.67,0
2024-01-01 13:18:05,CNC,Normal,None,0.098,0.143,0.129,64.78,1.85,1866.28,,78.79,0
2024-01-01 13:18:10,CNC,Normal,None,0.144,0.142,0.121,70.51,2.23,1721.28,,83.33,0
2024-01-01 13:18:15,3DPrinter,Normal,None,0.077,0.095,0.179,227.15,1.92,,216.43,49.89,0
2024-01-01 13:18:20,CNC,Normal,None,0.1,0.039,0.176,67.97,1.98,1806.32,,82.75,0
2024-01-01 13:18:25,3DPrinter,Attack,Malware,0.526,0.348,0.649,278.7,4.29,,305.81,74.69,1
2024-01-01 13:18:30,CNC,Normal,None,0.131,-0.047,0.137,73.69,2.08,1622.48,,78.84,0
2024-01-01 13:18:35,3DPrinter,Normal,None,0.141,0.154,0.107,217.98,1.72,,210.7,51.55,0
2024-01-01 13:18:40,3DPrinter,Normal,None,0.158,0.089,0.102,220.35,1.3,,219.97,48.28,0
2024-01-01 13:18:45,CNC,Normal,None,0.153,0.102,0.152,68.49,3.24,1851.23,,88.0,0
2024-01-01 13:18:50,CNC,Normal,None,0.11,0.147,0.258,69.07,2.12,1893.47,,85.7,0
2024-01-01 13:18:55,CNC,Normal,None,0.17,0.011,0.206,71.47,1.93,1764.48,,81.86,0
2024-01-01 13:19:00,3DPrinter,Normal,None,0.075,0.146,0.121,225.07,1.37,,212.14,49.87,0
2024-01-01 13:19:05,3DPrinter,Normal,None,0.119,0.191,0.137,215.91,1.88,,215.15,45.34,0
2024-01-01 13:19:10,3DPrinter,Normal,None,0.151,0.155,0.198,216.8,2.01,,214.31,51.29,0
2024-01-01 13:19:15,3DPrinter,Normal,None,0.188,0.026,0.023,228.59,1.4,,204.57,49.14,0
2024-01-01 13:19:20,3DPrinter,Normal,None,0.143,0.073,0.11,212.38,1.99,,213.64,50.91,0
2024-01-01 13:19:25,CNC,Normal,None,0.13,0.125,0.288,72.63,1.71,1673.88,,77.69,0
2024-01-01 13:19:30,CNC,Normal,None,0.17,0.251,0.221,68.44,2.13,1899.5,,85.58,0
2024-01-01 13:19:35,CNC,Normal,None,0.071,0.212,0.209,66.46,2.05,1807.64,,78.95,0
2024-01-01 13:19:40,CNC,Normal,None,0.02,0.089,0.162,66.07,3.08,1728.27,,76.81,0
2024-01-01 13:19:45,CNC,Attack,Malware,0.551,0.62,0.702,89.07,3.63,2609.72,,120.93,1
2024-01-01 13:19:50,3DPrinter,Attack,Parameter_Tamper,0.494,0.418,0.472,281.07,4.3,,300.22,62.28,1
2024-01-01 13:19:55,CNC,Normal,None,0.148,0.103,0.153,67.08,2.59,1792.99,,80.49,0
2024-01-01 13:20:00,CNC,Normal,None,0.177,0.184,0.167,67.59,2.02,1876.55,,80.4,0
2024-01-01 13:20:05,3DPrinter,Normal,None,0.251,0.082,0.142,221.6,1.16,,213.45,46.49,0
2024-01-01 13:20:10,3DPrinter,Normal,None,0.242,0.114,0.191,219.04,1.92,,210.6,50.8,0
2024-01-01 13:20:15,CNC,Normal,None,0.171,0.169,0.178,73.32,2.26,2028.51,,83.84,0
2024-01-01 13:20:20,3DPrinter,Normal,None,0.159,0.063,0.177,226.47,1.49,,207.64,53.04,0
2024-01-01 13:20:25,3DPrinter,Normal,None,0.178,0.107,0.107,217.88,1.26,,205.79,46.28,0
2024-01-01 13:20:30,3DPrinter,Attack,DoS,0.556,0.418,0.475,285.77,4.11,,306.14,68.99,1
2024-01-01 13:20:35,CNC,Normal,None,0.291,0.128,0.148,71.54,2.39,1622.93,,82.07,0
2024-01-01 13:20:40,3DPrinter,Attack,Data_Spoofing,0.561,0.476,0.55,279.6,3.89,,304.22,72.64,1
2024-01-01 13:20:45,CNC,Normal,None,0.269,0.114,0.178,75.98,2.36,1821.22,,76.52,0
2024-01-01 13:20:50,CNC,Normal,None,0.178,0.203,0.115,65.61,2.31,1762.46,,87.14,0
2024-01-01 13:20:55,3DPrinter,Attack,Malware,0.582,0.459,0.474,276.85,3.92,,295.74,70.75,1
2024-01-01 13:21:00,CNC,Normal,None,0.24,0.153,0.264,65.41,1.85,1751.5,,81.96,0
2024-01-01 13:21:05,3DPrinter,Normal,None,0.164,0.11,0.083,214.54,1.32,,213.84,53.62,0
2024-01-01 13:21:10,3DPrinter,Attack,Data_Spoofing,0.509,0.383,0.591,279.5,4.69,,298.14,72.93,1
2024-01-01 13:21:15,CNC,Normal,None,0.153,0.225,0.253,68.06,2.12,1738.83,,83.58,0
2024-01-01 13:21:20,CNC,Attack,DoS,0.487,0.634,0.771,93.36,4.15,2555.76,,124.24,1
2024-01-01 13:21:25,CNC,Normal,None,0.162,0.145,0.13,70.57,3.28,1731.45,,79.0,0
2024-01-01 13:21:30,CNC,Normal,None,0.221,0.088,0.208,72.08,1.14,1793.13,,80.8,0
2024-01-01 13:21:35,CNC,Normal,None,0.232,0.152,0.162,68.6,2.5,1834.85,,79.05,0
2024-01-01 13:21:40,3DPrinter,Attack,DoS,0.505,0.437,0.604,274.01,4.0,,304.36,72.28,1
2024-01-01 13:21:45,CNC,Attack,Malware,0.589,0.533,0.607,92.26,4.09,2543.68,,124.15,1
2024-01-01 13:21:50,CNC,Normal,None,0.065,0.166,0.127,73.04,2.33,1979.09,,84.55,0
2024-01-01 13:21:55,3DPrinter,Normal,None,0.157,0.1,0.191,219.12,1.41,,192.34,49.19,0
2024-01-01 13:22:00,3DPrinter,Attack,Data_Spoofing,0.548,0.458,0.473,280.4,3.96,,296.57,68.83,1
2024-01-01 13:22:05,CNC,Normal,None,0.182,0.235,0.123,71.55,2.57,1650.74,,79.44,0
2024-01-01 13:22:10,CNC,Attack,Parameter_Tamper,0.513,0.454,0.678,92.17,3.85,2494.34,,118.64,1
2024-01-01 13:22:15,CNC,Normal,None,0.214,0.033,0.191,66.17,2.94,1706.29,,80.0,0
2024-01-01 13:22:20,3DPrinter,Normal,None,0.167,0.248,0.186,210.22,1.68,,209.02,49.04,0
2024-01-01 13:22:25,3DPrinter,Attack,Parameter_Tamper,0.438,0.427,0.467,279.02,4.12,,297.58,71.25,1
2024-01-01 13:22:30,3DPrinter,Normal,None,0.072,0.107,0.222,227.64,1.84,,208.91,55.31,0
2024-01-01 13:22:35,CNC,Attack,Malware,0.583,0.538,0.508,87.58,3.54,2472.5,,119.87,1
2024-01-01 13:22:40,CNC,Normal,None,0.139,0.128,0.167,69.24,2.13,1883.28,,82.32,0
2024-01-01 13:22:45,CNC,Normal,None,0.216,0.196,0.068,69.66,2.19,2015.15,,78.68,0
2024-01-01 13:22:50,3DPrinter,Normal,None,0.226,0.18,0.128,214.12,1.27,,204.76,50.96,0
2024-01-01 13:22:55,CNC,Attack,Malware,0.59,0.513,0.727,90.86,3.37,2403.55,,127.49,1
2024-01-01 13:23:00,3DPrinter,Normal,None,0.19,0.155,0.213,220.06,1.57,,205.49,49.96,0
2024-01-01 13:23:05,3DPrinter,Attack,Malware,0.504,0.428,0.525,270.07,4.23,,294.97,75.58,1
2024-01-01 13:23:10,CNC,Attack,DoS,0.729,0.428,0.732,86.91,3.36,2665.61,,123.01,1
2024-01-01 13:23:15,3DPrinter,Attack,Malware,0.426,0.465,0.532,287.75,4.78,,300.52,71.36,1
2024-01-01 13:23:20,3DPrinter,Attack,Malware,0.417,0.455,0.574,281.11,3.88,,302.29,70.55,1
2024-01-01 13:23:25,CNC,Normal,None,0.041,0.098,0.113,72.42,2.56,1879.81,,78.3,0
2024-01-01 13:23:30,3DPrinter,Normal,None,0.196,0.068,0.103,227.38,2.06,,213.19,52.38,0
2024-01-01 13:23:35,CNC,Normal,None,0.26,0.12,0.308,70.31,2.38,1773.6,,78.08,0
2024-01-01 13:23:40,3DPrinter,Normal,None,0.095,0.054,0.149,224.62,1.71,,206.77,50.31,0
2024-01-01 13:23:45,3DPrinter,Normal,None,0.111,0.132,0.195,219.25,1.7,,202.22,53.3,0
2024-01-01 13:23:50,CNC,Normal,None,0.162,0.189,0.232,68.43,1.99,1777.01,,75.59,0
2024-01-01 13:23:55,CNC,Normal,None,0.191,0.103,0.228,72.3,2.64,1797.69,,83.53,0
2024-01-01 13:24:00,3DPrinter,Normal,None,0.141,0.099,0.144,215.69,1.79,,208.5,48.63,0
2024-01-01 13:24:05,CNC,Normal,None,0.102,0.047,0.073,77.99,2.39,1772.97,,80.27,0
2024-01-01 13:24:10,CNC,Normal,None,0.09,0.239,0.151,69.17,2.03,1764.94,,81.6,0
2024-01-01 13:24:15,3DPrinter,Normal,None,0.265,0.056,0.016,216.56,2.01,,212.45,49.67,0
2024-01-01 13:24:20,CNC,Normal,None,0.116,0.097,0.153,69.91,2.5,1865.14,,80.95,0
2024-01-01 13:24:25,3DPrinter,Normal,None,0.148,0.081,0.171,223.82,1.48,,205.78,53.21,0
2024-01-01 13:24:30,CNC,Normal,None,0.187,0.092,0.21,70.65,1.53,1829.48,,86.86,0
2024-01-01 13:24:35,CNC,Normal,None,0.169,-0.003,0.15,63.74,2.26,1776.38,,85.44,0
2024-01-01 13:24:40,CNC,Normal,None,0.209,0.17,0.153,66.27,2.15,1763.75,,76.41,0
2024-01-01 13:24:45,3DPrinter,Normal,None,0.189,0.278,0.17,225.66,2.03,,214.18,51.42,0
2024-01-01 13:24:50,CNC,Normal,None,0.045,0.207,0.155,71.58,2.17,1981.77,,84.9,0
2024-01-01 13:24:55,3DPrinter,Normal,None,0.019,0.105,0.208,221.04,1.65,,214.69,49.05,0
2024-01-01 13:25:00,3DPrinter,Attack,Malware,0.515,0.397,0.582,288.93,3.53,,300.4,72.28,1
2024-01-01 13:25:05,3DPrinter,Normal,None,0.113,0.127,0.216,215.29,2.33,,202.8,49.64,0
2024-01-01 13:25:10,3DPrinter,Normal,None,0.216,0.137,0.114,212.14,2.06,,210.59,48.82,0
2024-01-01 13:25:15,3DPrinter,Attack,Parameter_Tamper,0.473,0.455,0.534,273.55,4.46,,305.8,69.69,1
2024-01-01 13:25:20,3DPrinter,Normal,None,0.154,0.041,0.217,210.7,1.58,,204.89,46.78,0
2024-01-01 13:25:25,CNC,Attack,Data_Spoofing,0.447,0.477,0.652,96.03,3.42,2588.58,,125.34,1
2024-01-01 13:25:30,3DPrinter,Normal,None,0.204,0.075,0.146,218.06,1.44,,210.83,51.3,0
2024-01-01 13:25:35,CNC,Normal,None,0.183,0.229,0.146,68.77,1.65,1854.74,,93.39,0
2024-01-01 13:25:40,CNC,Attack,Malware,0.582,0.541,0.691,83.15,3.81,2543.1,,128.64,1
2024-01-01 13:25:45,CNC,Attack,Data_Spoofing,0.505,0.52,0.678,91.35,3.96,2606.8,,125.18,1
2024-01-01 13:25:50,3DPrinter,Normal,None,0.216,0.159,0.122,217.23,1.93,,208.03,48.43,0
2024-01-01 13:25:55,3DPrinter,Attack,Data_Spoofing,0.596,0.473,0.562,280.09,3.76,,295.28,72.0,1
2024-01-01 13:26:00,3DPrinter,Normal,None,0.218,0.101,-0.008,206.69,1.36,,208.12,49.32,0
2024-01-01 13:26:05,CNC,Normal,None,0.217,0.125,0.08,66.98,2.04,1687.69,,75.17,0
2024-01-01 13:26:10,CNC,Normal,None,0.29,0.138,0.087,72.52,2.4,1841.57,,82.82,0
2024-01-01 13:26:15,3DPrinter,Attack,DoS,0.508,0.491,0.56,282.6,4.74,,304.2,69.05,1
2024-01-01 13:26:20,CNC,Normal,None,0.357,0.015,0.3,72.16,1.52,1804.04,,81.61,0
2024-01-01 13:26:25,3DPrinter,Attack,DoS,0.546,0.492,0.482,275.95,4.45,,308.47,74.25,1
2024-01-01 13:26:30,CNC,Normal,None,0.104,0.17,0.082,73.76,1.41,1743.21,,89.23,0
2024-01-01 13:26:35,CNC,Attack,DoS,0.565,0.408,0.637,95.9,3.75,2400.16,,112.86,1
2024-01-01 13:26:40,3DPrinter,Normal,None,0.103,0.086,0.121,215.36,1.83,,207.13,48.71,0
2024-01-01 13:26:45,CNC,Normal,None,0.101,0.211,0.186,72.06,3.06,1794.03,,80.09,0
2024-01-01 13:26:50,3DPrinter,Normal,None,0.161,0.035,0.214,220.71,1.89,,211.98,50.34,0
2024-01-01 13:26:55,CNC,Attack,Data_Spoofing,0.601,0.485,0.542,94.38,3.52,2407.43,,118.33,1
2024-01-01 13:27:00,CNC,Attack,Data_Spoofing,0.544,0.544,0.678,94.08,4.62,2487.41,,128.81,1
2024-01-01 13:27:05,3DPrinter,Attack,Malware,0.504,0.529,0.606,283.17,4.7,,297.51,67.02,1
2024-01-01 13:27:10,CNC,Normal,None,0.049,0.036,0.151,76.06,1.6,1683.42,,77.99,0
2024-01-01 13:27:15,CNC,Normal,None,0.11,0.272,0.112,74.24,2.11,1686.92,,82.04,0
2024-01-01 13:27:20,CNC,Normal,None,0.216,0.146,0.156,75.03,1.88,1705.66,,83.41,0
2024-01-01 13:27:25,3DPrinter,Normal,None,0.186,0.116,0.144,220.28,1.6,,205.03,47.03,0
2024-01-01 13:27:30,CNC,Normal,None,0.1,0.224,0.178,72.98,2.16,1918.97,,72.53,0
2024-01-01 13:27:35,3DPrinter,Normal,None,0.15,0.151,0.145,214.64,1.89,,202.88,46.87,0
2024-01-01 13:27:40,3DPrinter,Attack,Malware,0.481,0.392,0.566,281.01,4.0,,300.5,67.43,1
2024-01-01 13:27:45,3DPrinter,Attack,DoS,0.429,0.44,0.572,283.7,3.73,,299.05,75.01,1
2024-01-01 13:27:50,3DPrinter,Attack,Data_Spoofing,0.466,0.516,0.534,281.35,3.74,,298.81,62.0,1
2024-01-01 13:27:55,CNC,Normal,None,0.136,0.088,0.09,69.63,1.83,1866.41,,80.69,0
2024-01-01 13:28:00,CNC,Attack,Malware,0.534,0.627,0.765,93.6,3.42,2429.72,,111.89,1
2024-01-01 13:28:05,3DPrinter,Attack,Malware,0.491,0.347,0.481,276.5,4.06,,303.94,72.26,1
2024-01-01 13:28:10,3DPrinter,Normal,None,0.155,0.147,0.164,221.09,1.57,,219.36,49.9,0
2024-01-01 13:28:15,3DPrinter,Normal,None,0.177,0.208,0.147,220.53,2.1,,211.79,47.64,0
2024-01-01 13:28:20,3DPrinter,Normal,None,0.104,0.121,0.055,224.18,1.94,,212.49,49.73,0
2024-01-01 13:28:25,CNC,Normal,None,0.131,0.166,0.075,68.44,2.24,1933.84,,69.89,0
2024-01-01 13:28:30,CNC,Normal,None,0.133,0.106,0.227,67.11,2.97,1698.29,,71.81,0
2024-01-01 13:28:35,CNC,Normal,None,0.134,0.091,0.204,72.81,2.08,1725.76,,80.31,0
2024-01-01 13:28:40,3DPrinter,Normal,None,0.157,0.193,0.13,213.82,1.87,,212.95,52.6,0
2024-01-01 13:28:45,3DPrinter,Normal,None,0.185,0.028,0.201,218.35,1.68,,207.25,51.37,0
2024-01-01 13:28:50,3DPrinter,Normal,None,0.228,0.109,0.174,227.9,1.51,,213.79,49.72,0
2024-01-01 13:28:55,CNC,Normal,None,0.278,0.09,0.209,70.59,1.87,2019.58,,83.9,0
2024-01-01 13:29:00,3DPrinter,Normal,None,-0.059,0.127,0.143,224.0,1.37,,213.63,43.74,0
2024-01-01 13:29:05,3DPrinter,Normal,None,0.201,0.188,0.096,219.71,1.71,,207.4,52.07,0
2024-01-01 13:29:10,CNC,Normal,None,0.211,0.14,0.056,71.69,2.67,1767.75,,82.55,0
2024-01-01 13:29:15,3DPrinter,Normal,None,0.106,0.251,0.117,215.83,2.14,,211.68,53.41,0
2024-01-01 13:29:20,3DPrinter,Normal,None,0.194,0.095,0.239,216.29,1.86,,199.56,49.05,0
2024-01-01 13:29:25,CNC,Normal,None,0.17,0.117,0.054,63.82,1.76,1804.57,,77.59,0
2024-01-01 13:29:30,CNC,Normal,None,0.223,0.209,0.253,66.03,1.89,1712.28,,84.04,0
2024-01-01 13:29:35,3DPrinter,Normal,None,0.118,0.051,0.154,215.2,1.57,,212.0,56.52,0
2024-01-01 13:29:40,CNC,Attack,Malware,0.549,0.574,0.593,86.81,4.08,2636.89,,121.52,1
2024-01-01 13:29:45,CNC,Attack,Malware,0.514,0.452,0.607,92.94,4.43,2522.87,,117.68,1
2024-01-01 13:29:50,3DPrinter,Normal,None,0.113,0.15,0.155,211.7,1.08,,208.08,51.26,0
2024-01-01 13:29:55,3DPrinter,Attack,Parameter_Tamper,0.579,0.474,0.514,277.43,3.99,,290.17,68.54,1
2024-01-01 13:30:00,3DPrinter,Attack,DoS,0.509,0.46,0.62,280.03,4.13,,291.73,66.53,1
2024-01-01 13:30:05,CNC,Normal,None,0.154,0.077,0.169,71.22,2.28,1789.32,,75.03,0
2024-01-01 13:30:10,3DPrinter,Attack,Parameter_Tamper,0.522,0.439,0.545,282.73,4.04,,297.39,71.01,1
2024-01-01 13:30:15,CNC,Attack,Parameter_Tamper,0.589,0.458,0.714,86.81,4.21,2501.02,,117.76,1
2024-01-01 13:30:20,CNC,Normal,None,0.217,0.166,0.11,63.85,1.4,1766.27,,80.61,0
2024-01-01 13:30:25,3DPrinter,Attack,Data_Spoofing,0.584,0.392,0.58,277.95,3.68,,294.74,64.8,1
2024-01-01 13:30:30,3DPrinter,Normal,None,0.067,0.079,0.138,207.98,2.24,,218.91,53.1,0
2024-01-01 13:30:35,CNC,Attack,Malware,0.627,0.528,0.663,90.46,4.54,2582.98,,116.77,1
2024-01-01 13:30:40,CNC,Attack,Data_Spoofing,0.68,0.653,0.613,86.6,4.3,2566.53,,117.71,1
2024-01-01 13:30:45,CNC,Attack,Malware,0.584,0.525,0.581,92.65,4.03,2509.44,,124.5,1
2024-01-01 13:30:50,CNC,Normal,None,0.195,0.221,0.047,75.78,2.06,1569.67,,74.31,0
2024-01-01 13:30:55,CNC,Attack,DoS,0.514,0.465,0.593,93.27,3.1,2512.97,,120.49,1
2024-01-01 13:31:00,3DPrinter,Attack,Parameter_Tamper,0.488,0.372,0.474,272.66,3.67,,308.47,65.51,1
2024-01-01 13:31:05,3DPrinter,Normal,None,0.224,0.176,0.113,221.73,1.82,,209.73,53.82,0
2024-01-01 13:31:10,CNC,Normal,None,0.263,0.204,0.052,69.39,1.56,1837.41,,80.66,0
2024-01-01 13:31:15,CNC,Normal,None,0.22,0.189,0.096,72.24,2.84,1945.79,,86.42,0
2024-01-01 13:31:20,CNC,Normal,None,0.178,0.191,0.136,67.26,2.09,1806.46,,81.16,0
2024-01-01 13:31:25,3DPrinter,Normal,None,0.199,0.102,0.044,219.69,1.74,,207.84,52.06,0
2024-01-01 13:31:30,CNC,Normal,None,0.141,0.165,0.165,68.88,2.19,1772.81,,76.01,0
2024-01-01 13:31:35,CNC,Normal,None,0.098,0.141,0.198,75.54,2.52,1846.12,,85.09,0
2024-01-01 13:31:40,3DPrinter,Attack,DoS,0.395,0.408,0.562,281.04,4.04,,294.42,68.32,1
2024-01-01 13:31:45,CNC,Attack,DoS,0.617,0.704,0.671,88.31,3.49,2464.43,,117.71,1
2024-01-01 13:31:50,CNC,Normal,None,0.189,0.228,0.075,75.57,1.94,1858.9,,74.71,0
2024-01-01 13:31:55,3DPrinter,Normal,None,0.258,0.114,0.085,221.98,1.84,,209.16,54.55,0
2024-01-01 13:32:00,CNC,Normal,None,0.175,0.163,0.194,72.43,2.42,1813.22,,78.97,0
2024-01-01 13:32:05,CNC,Attack,Parameter_Tamper,0.493,0.439,0.673,92.01,3.49,2502.25,,119.67,1
2024-01-01 13:32:10,CNC,Normal,None,0.122,0.319,0.189,72.77,2.06,1825.82,,81.7,0
2024-01-01 13:32:15,3DPrinter,Normal,None,0.105,0.083,0.17,224.2,1.71,,212.8,52.84,0
2024-01-01 13:32:20,3DPrinter,Attack,Data_Spoofing,0.451,0.457,0.574,278.03,4.11,,300.02,69.34,1
2024-01-01 13:32:25,CNC,Normal,None,0.113,0.299,0.179,68.78,2.52,1721.5,,71.59,0
2024-01-01 13:32:30,CNC,Attack,DoS,0.604,0.552,0.558,92.36,3.98,2501.88,,110.92,1
2024-01-01 13:32:35,CNC,Normal,None,0.215,0.065,0.212,64.01,2.53,1839.21,,78.97,0
2024-01-01 13:32:40,3DPrinter,Normal,None,0.166,0.112,0.171,216.12,1.99,,211.14,51.57,0
2024-01-01 13:32:45,CNC,Normal,None,0.239,0.188,0.16,67.79,1.97,1982.29,,80.71,0
2024-01-01 13:32:50,CNC,Normal,None,0.208,0.165,0.144,65.35,2.26,1804.15,,82.65,0
2024-01-01 13:32:55,CNC,Attack,Data_Spoofing,0.621,0.614,0.663,85.65,3.21,2454.8,,121.39,1
2024-01-01 13:33:00,3DPrinter,Normal,None,0.082,0.212,0.299,221.05,1.7,,218.69,51.8,0
2024-01-01 13:33:05,3DPrinter,Attack,Parameter_Tamper,0.462,0.483,0.524,273.16,4.18,,293.93,72.08,1
2024-01-01 13:33:10,3DPrinter,Normal,None,0.161,0.114,0.117,218.45,2.0,,209.1,47.96,0
2024-01-01 13:33:15,CNC,Attack,Malware,0.509,0.625,0.57,85.97,3.68,2405.91,,114.57,1
2024-01-01 13:33:20,3DPrinter,Normal,None,0.128,0.217,0.222,228.04,1.98,,209.11,50.29,0
2024-01-01 13:33:25,CNC,Normal,None,0.218,0.045,0.157,65.89,2.17,1752.61,,80.92,0
2024-01-01 13:33:30,3DPrinter,Attack,Malware,0.528,0.396,0.542,281.37,3.95,,303.2,71.34,1
2024-01-01 13:33:35,CNC,Normal,None,0.15,0.132,0.155,71.19,1.79,1942.96,,79.0,0
2024-01-01 13:33:40,3DPrinter,Normal,None,0.158,0.102,0.15,221.27,1.27,,209.61,50.02,0
2024-01-01 13:33:45,3DPrinter,Normal,None,0.134,0.166,0.048,224.65,2.12,,212.81,45.32,0
2024-01-01 13:33:50,CNC,Normal,None,0.199,0.114,0.233,72.26,1.89,1770.99,,76.57,0
2024-01-01 13:33:55,CNC,Normal,None,0.14,0.13,0.185,72.61,2.3,1656.74,,85.41,0
2024-01-01 13:34:00,CNC,Attack,DoS,0.607,0.455,0.577,92.73,3.59,2422.05,,118.64,1
2024-01-01 13:34:05,3DPrinter,Normal,None,0.137,0.171,0.153,214.74,1.89,,210.81,47.85,0
2024-01-01 13:34:10,3DPrinter,Normal,None,0.127,0.165,0.136,217.41,1.13,,207.68,53.2,0
2024-01-01 13:34:15,3DPrinter,Normal,None,0.064,0.164,0.233,217.83,1.61,,212.28,52.86,0
2024-01-01 13:34:20,3DPrinter,Normal,None,0.133,0.113,0.206,219.64,2.03,,207.64,47.91,0
2024-01-01 13:34:25,3DPrinter,Normal,None,0.169,0.141,0.092,218.44,1.49,,206.95,50.27,0
2024-01-01 13:34:30,3DPrinter,Normal,None,0.129,0.022,0.125,221.68,1.7,,199.3,52.7,0
2024-01-01 13:34:35,CNC,Normal,None,0.078,0.142,0.269,70.67,1.91,1612.0,,83.23,0
2024-01-01 13:34:40,CNC,Normal,None,0.151,0.049,0.184,65.98,2.5,1844.36,,85.42,0
2024-01-01 13:34:45,CNC,Normal,None,0.254,0.098,0.134,67.23,2.19,1786.78,,72.98,0
2024-01-01 13:34:50,CNC,Attack,Data_Spoofing,0.67,0.529,0.568,91.65,3.75,2472.99,,118.31,1
2024-01-01 13:34:55,3DPrinter,Attack,Malware,0.499,0.444,0.602,274.07,4.22,,291.49,70.06,1
2024-01-01 13:35:00,CNC,Attack,Malware,0.593,0.536,0.647,92.93,4.47,2610.8,,119.59,1
2024-01-01 13:35:05,CNC,Normal,None,0.194,0.063,0.213,69.09,2.88,1755.88,,82.84,0
2024-01-01 13:35:10,CNC,Normal,None,0.145,0.207,0.254,68.79,1.85,2002.98,,83.28,0
2024-01-01 13:35:15,3DPrinter,Normal,None,0.111,0.104,0.206,218.08,1.43,,207.66,48.92,0
2024-01-01 13:35:20,3DPrinter,Normal,None,0.196,0.14,0.108,221.61,2.19,,205.85,46.06,0
2024-01-01 13:35:25,CNC,Normal,None,0.104,0.213,0.213,74.92,2.39,1739.96,,88.23,0
2024-01-01 13:35:30,3DPrinter,Normal,None,0.094,0.148,0.13,205.0,2.03,,215.84,56.03,0
2024-01-01 13:35:35,CNC,Normal,None,0.192,0.092,0.206,67.62,2.33,1820.15,,83.16,0
2024-01-01 13:35:40,3DPrinter,Normal,None,0.177,0.182,0.127,231.85,1.89,,206.23,49.05,0
2024-01-01 13:35:45,CNC,Normal,None,0.068,0.137,0.251,68.36,2.37,1791.9,,83.78,0
2024-01-01 13:35:50,3DPrinter,Attack,DoS,0.449,0.477,0.508,278.01,4.61,,303.02,67.54,1
2024-01-01 13:35:55,CNC,Normal,None,0.231,0.26,0.049,68.64,2.46,1963.88,,79.24,0
2024-01-01 13:36:00,3DPrinter,Normal,None,0.092,0.122,0.218,221.13,1.98,,207.8,46.85,0
2024-01-01 13:36:05,CNC,Normal,None,0.141,0.222,0.068,68.19,2.12,1900.58,,77.89,0
2024-01-01 13:36:10,3DPrinter,Attack,Data_Spoofing,0.504,0.424,0.566,276.58,4.04,,299.74,75.57,1
2024-01-01 13:36:15,CNC,Normal,None,0.314,0.147,0.172,67.65,2.56,1746.65,,68.86,0
2024-01-01 13:36:20,CNC,Normal,None,0.145,0.102,0.104,67.46,2.46,1497.08,,82.35,0
2024-01-01 13:36:25,CNC,Normal,None,0.161,0.122,0.076,64.18,1.84,1842.25,,85.77,0
2024-01-01 13:36:30,CNC,Normal,None,0.06,0.148,0.209,68.42,1.84,1584.9,,86.04,0
2024-01-01 13:36:35,CNC,Normal,None,0.308,-0.023,0.031,75.39,2.21,1687.41,,82.73,0
2024-01-01 13:36:40,CNC,Normal,None,0.255,0.172,0.227,65.76,2.16,1733.14,,85.81,0
2024-01-01 13:36:45,CNC,Normal,None,0.193,0.015,0.123,73.13,1.92,1651.57,,84.52,0
2024-01-01 13:36:50,3DPrinter,Normal,None,0.184,0.117,0.182,222.13,1.78,,211.03,54.23,0
2024-01-01 13:36:55,3DPrinter,Normal,None,0.135,0.109,0.184,218.32,1.77,,218.76,49.13,0
2024-01-01 13:37:00,CNC,Normal,None,0.075,0.126,0.099,74.45,3.21,1768.88,,83.39,0
2024-01-01 13:37:05,3DPrinter,Attack,Data_Spoofing,0.563,0.475,0.623,273.46,3.79,,295.9,69.1,1
2024-01-01 13:37:10,CNC,Normal,None,0.112,0.176,0.149,67.62,2.24,1804.28,,82.02,0
2024-01-01 13:37:15,CNC,Attack,Parameter_Tamper,0.598,0.499,0.574,90.73,3.97,2568.7,,116.99,1
2024-01-01 13:37:20,3DPrinter,Normal,None,0.169,0.181,0.192,219.78,1.38,,213.42,51.58,0
2024-01-01 13:37:25,CNC,Normal,None,0.195,0.121,0.227,70.27,1.42,1883.94,,79.53,0
2024-01-01 13:37:30,3DPrinter,Normal,None,0.188,0.096,0.099,216.06,2.37,,209.24,49.18,0
2024-01-01 13:37:35,3DPrinter,Normal,None,0.165,0.078,0.097,223.73,1.3,,209.76,49.25,0
2024-01-01 13:37:40,3DPrinter,Normal,None,0.154,0.143,0.126,221.65,1.69,,216.41,51.63,0
2024-01-01 13:37:45,3DPrinter,Attack,DoS,0.466,0.428,0.507,274.72,3.96,,300.68,74.42,1
2024-01-01 13:37:50,3DPrinter,Attack,Parameter_Tamper,0.532,0.576,0.614,278.25,4.13,,300.59,70.81,1
2024-01-01 13:37:55,CNC,Normal,None,0.07,0.02,0.182,77.07,2.18,1818.0,,78.76,0
2024-01-01 13:38:00,3DPrinter,Attack,DoS,0.49,0.5,0.547,276.44,4.11,,295.41,69.6,1
2024-01-01 13:38:05,3DPrinter,Normal,None,0.126,0.12,0.144,221.37,1.75,,206.07,50.25,0
2024-01-01 13:38:10,CNC,Normal,None,0.049,0.09,0.239,71.59,2.49,1945.17,,76.94,0
2024-01-01 13:38:15,CNC,Attack,Parameter_Tamper,0.54,0.533,0.663,91.71,3.4,2615.7,,111.88,1
2024-01-01 13:38:20,3DPrinter,Normal,None,0.183,0.149,0.157,211.19,1.66,,214.1,47.46,0
2024-01-01 13:38:25,CNC,Normal,None,0.191,0.21,0.269,69.11,2.57,1778.77,,76.25,0
2024-01-01 13:38:30,CNC,Normal,None,0.185,0.107,0.208,68.98,3.17,1891.57,,76.01,0
2024-01-01 13:38:35,CNC,Normal,None,-0.007,0.213,0.111,68.24,2.05,1868.47,,75.7,0
2024-01-01 13:38:40,CNC,Normal,None,0.102,0.222,0.152,72.75,2.46,1802.0,,80.25,0
2024-01-01 13:38:45,CNC,Normal,None,0.227,0.181,0.03,66.44,3.03,1781.36,,83.9,0
2024-01-01 13:38:50,3DPrinter,Normal,None,0.171,0.178,0.161,222.28,1.75,,213.25,47.27,0
2024-01-01 13:38:55,3DPrinter,Attack,Parameter_Tamper,0.506,0.438,0.396,271.27,3.84,,296.67,70.12,1
2024-01-01 13:39:00,3DPrinter,Attack,Parameter_Tamper,0.537,0.443,0.502,285.09,3.78,,304.04,70.56,1
2024-01-01 13:39:05,3DPrinter,Normal,None,0.13,0.156,0.097,218.96,2.4,,210.8,51.19,0
2024-01-01 13:39:10,CNC,Attack,Parameter_Tamper,0.558,0.486,0.628,88.1,3.85,2660.62,,121.12,1
2024-01-01 13:39:15,CNC,Normal,None,0.283,0.318,0.163,67.51,1.94,1878.08,,74.29,0
2024-01-01 13:39:20,3DPrinter,Normal,None,0.121,0.202,0.196,217.33,1.09,,210.59,49.07,0
2024-01-01 13:39:25,3DPrinter,Attack,Parameter_Tamper,0.544,0.377,0.551,272.47,4.24,,304.03,67.36,1
2024-01-01 13:39:30,CNC,Attack,DoS,0.571,0.596,0.568,92.1,4.15,2527.55,,122.1,1
2024-01-01 13:39:35,CNC,Normal,None,0.226,0.093,0.245,65.28,2.64,1943.85,,81.38,0
2024-01-01 13:39:40,3DPrinter,Attack,Data_Spoofing,0.523,0.375,0.628,279.48,4.44,,295.73,67.26,1
2024-01-01 13:39:45,CNC,Normal,None,0.164,0.281,0.187,70.86,1.82,1692.43,,81.19,0
2024-01-01 13:39:50,CNC,Normal,None,0.162,0.26,0.232,71.16,2.01,1891.2,,89.05,0
2024-01-01 13:39:55,3DPrinter,Normal,None,0.143,0.115,0.172,223.78,1.73,,205.19,54.64,0
2024-01-01 13:40:00,3DPrinter,Attack,Data_Spoofing,0.491,0.418,0.589,275.7,3.93,,292.38,68.41,1
2024-01-01 13:40:05,CNC,Normal,None,0.296,0.192,0.186,68.89,2.33,1874.08,,82.33,0
2024-01-01 13:40:10,3DPrinter,Attack,Malware,0.501,0.49,0.503,292.81,4.49,,295.94,70.32,1
2024-01-01 13:40:15,3DPrinter,Attack,Malware,0.47,0.431,0.628,279.49,4.19,,296.5,63.92,1
2024-01-01 13:40:20,3DPrinter,Attack,Parameter_Tamper,0.489,0.483,0.597,279.55,3.35,,295.98,63.57,1
2024-01-01 13:40:25,CNC,Attack,Parameter_Tamper,0.502,0.549,0.705,91.57,4.1,2590.04,,113.02,1
2024-01-01 13:40:30,CNC,Normal,None,0.175,0.118,0.077,67.63,2.02,1667.57,,78.66,0
2024-01-01 13:40:35,CNC,Normal,None,0.16,0.066,0.182,67.58,1.96,1581.37,,87.75,0
2024-01-01 13:40:40,CNC,Normal,None,0.181,0.229,0.141,68.38,1.92,1748.25,,65.91,0
2024-01-01 13:40:45,CNC,Normal,None,0.123,0.031,0.172,70.53,1.81,1746.54,,87.05,0
2024-01-01 13:40:50,CNC,Normal,None,0.17,0.221,0.06,76.27,2.27,1723.88,,76.75,0
2024-01-01 13:40:55,3DPrinter,Normal,None,0.142,0.142,0.147,218.48,1.44,,202.82,56.56,0
2024-01-01 13:41:00,3DPrinter,Normal,None,0.096,0.105,0.151,218.18,1.98,,207.75,48.07,0
2024-01-01 13:41:05,CNC,Normal,None,0.115,0.093,0.064,70.57,1.67,1601.9,,79.05,0
2024-01-01 13:41:10,CNC,Normal,None,0.085,0.052,0.18,64.91,1.65,1774.87,,79.67,0
2024-01-01 13:41:15,3DPrinter,Normal,None,0.122,0.03,0.098,228.76,1.89,,206.38,49.9,0
2024-01-01 13:41:20,CNC,Normal,None,0.154,0.042,0.152,69.08,2.27,1816.83,,83.85,0
2024-01-01 13:41:25,3DPrinter,Normal,None,0.125,0.159,0.083,218.7,1.57,,214.0,48.59,0
2024-01-01 13:41:30,3DPrinter,Normal,None,0.106,0.137,0.13,222.52,1.82,,210.14,57.66,0
2024-01-01 13:41:35,CNC,Normal,None,0.385,0.214,0.137,67.44,2.92,1682.83,,80.62,0
2024-01-01 13:41:40,3DPrinter,Normal,None,0.11,0.045,0.129,223.52,1.43,,210.44,51.26,0
2024-01-01 13:41:45,CNC,Normal,None,0.295,0.182,0.176,73.75,2.3,1720.14,,79.3,0
2024-01-01 13:41:50,CNC,Attack,DoS,0.564,0.502,0.617,87.09,4.1,2342.75,,118.27,1
2024-01-01 13:41:55,3DPrinter,Normal,None,0.166,0.165,0.157,217.48,1.49,,207.97,44.95,0
2024-01-01 13:42:00,3DPrinter,Attack,Malware,0.537,0.454,0.546,283.92,3.57,,302.21,67.94,1
2024-01-01 13:42:05,CNC,Normal,None,0.253,0.15,0.095,68.18,2.02,1726.0,,76.75,0
2024-01-01 13:42:10,3DPrinter,Normal,None,0.115,0.111,0.213,220.92,1.92,,210.31,60.23,0
2024-01-01 13:42:15,CNC,Normal,None,0.243,0.057,0.077,68.67,2.25,1958.67,,82.51,0
2024-01-01 13:42:20,CNC,Normal,None,0.134,0.094,0.097,66.74,1.98,1740.4,,75.25,0
2024-01-01 13:42:25,CNC,Normal,None,0.178,0.024,0.094,71.23,2.36,1809.67,,83.97,0
2024-01-01 13:42:30,3DPrinter,Normal,None,0.107,0.185,0.261,218.92,1.95,,215.06,46.64,0
2024-01-01 13:42:35,3DPrinter,Normal,None,0.058,0.171,0.151,226.68,1.69,,218.46,47.67,0
2024-01-01 13:42:40,3DPrinter,Normal,None,0.263,0.174,0.126,214.44,2.62,,212.27,51.3,0
2024-01-01 13:42:45,3DPrinter,Normal,None,0.12,0.11,0.176,222.21,1.62,,200.1,53.55,0
2024-01-01 13:42:50,CNC,Normal,None,0.15,0.074,0.16,68.52,2.25,1816.75,,74.58,0
2024-01-01 13:42:55,CNC,Attack,Data_Spoofing,0.585,0.47,0.592,89.85,3.3,2509.08,,119.48,1
2024-01-01 13:43:00,CNC,Normal,None,0.178,0.234,0.268,68.94,2.13,1742.62,,75.09,0
2024-01-01 13:43:05,3DPrinter,Normal,None,0.268,0.067,0.087,222.71,1.65,,202.57,43.74,0
2024-01-01 13:43:10,CNC,Normal,None,0.291,0.257,0.117,67.27,2.41,1736.19,,85.99,0
2024-01-01 13:43:15,3DPrinter,Normal,None,0.175,0.104,0.109,210.31,1.82,,211.9,49.1,0
2024-01-01 13:43:20,3DPrinter,Attack,Malware,0.56,0.415,0.476,275.76,3.79,,295.99,69.94,1
2024-01-01 13:43:25,3DPrinter,Attack,Data_Spoofing,0.535,0.422,0.525,279.94,4.3,,299.2,72.37,1
2024-01-01 13:43:30,3DPrinter,Normal,None,0.201,0.152,0.087,225.89,1.7,,204.64,49.9,0
2024-01-01 13:43:35,CNC,Attack,Parameter_Tamper,0.493,0.496,0.784,87.21,3.42,2622.95,,122.65,1
2024-01-01 13:43:40,CNC,Attack,Data_Spoofing,0.515,0.533,0.63,90.15,3.76,2367.02,,113.54,1
2024-01-01 13:43:45,CNC,Attack,Data_Spoofing,0.508,0.582,0.663,84.92,3.64,2535.89,,116.85,1
2024-01-01 13:43:50,3DPrinter,Attack,Malware,0.509,0.443,0.492,280.43,4.09,,311.04,69.76,1
2024-01-01 13:43:55,3DPrinter,Attack,Malware,0.482,0.363,0.572,276.22,3.61,,300.09,72.92,1
2024-01-01 13:44:00,3DPrinter,Normal,None,0.174,0.092,0.099,223.82,2.16,,205.03,47.8,0
2024-01-01 13:44:05,3DPrinter,Attack,Data_Spoofing,0.467,0.557,0.496,285.0,4.46,,300.55,67.69,1
2024-01-01 13:44:10,CNC,Normal,None,0.16,0.098,0.214,71.05,2.24,1710.07,,84.06,0
2024-01-01 13:44:15,CNC,Normal,None,0.093,0.043,0.151,73.49,2.25,1780.46,,83.16,0
2024-01-01 13:44:20,CNC,Attack,Malware,0.552,0.536,0.624,93.73,3.11,2492.58,,126.33,1
2024-01-01 13:44:25,CNC,Attack,Data_Spoofing,0.605,0.545,0.681,90.61,3.68,2683.1,,121.57,1
2024-01-01 13:44:30,CNC,Attack,Parameter_Tamper,0.674,0.645,0.566,98.27,3.86,2475.69,,120.67,1
2024-01-01 13:44:35,CNC,Normal,None,0.077,0.179,0.171,67.31,2.48,1791.47,,68.51,0
2024-01-01 13:44:40,CNC,Attack,Data_Spoofing,0.613,0.52,0.604,89.35,3.86,2567.37,,116.76,1
2024-01-01 13:44:45,CNC,Attack,DoS,0.655,0.532,0.736,91.28,3.83,2481.32,,124.7,1
2024-01-01 13:44:50,CNC,Normal,None,0.197,0.143,0.066,71.59,2.55,1842.22,,74.09,0
2024-01-01 13:44:55,CNC,Attack,Parameter_Tamper,0.513,0.578,0.641,98.69,3.98,2313.79,,124.7,1
2024-01-01 13:45:00,CNC,Normal,None,0.16,0.177,0.174,67.96,2.72,1974.4,,79.8,0
2024-01-01 13:45:05,3DPrinter,Normal,None,0.121,0.203,0.156,217.38,1.29,,209.72,52.96,0
2024-01-01 13:45:10,3DPrinter,Normal,None,0.205,0.124,0.116,224.39,1.68,,204.56,50.35,0
2024-01-01 13:45:15,CNC,Normal,None,0.176,0.125,0.134,76.16,1.67,1795.49,,71.75,0
2024-01-01 13:45:20,CNC,Normal,None,0.049,0.245,0.141,73.35,3.05,1671.12,,77.28,0
2024-01-01 13:45:25,CNC,Normal,None,0.241,-0.065,0.18,73.87,2.72,1670.02,,77.82,0
2024-01-01 13:45:30,CNC,Normal,None,0.054,0.182,0.163,64.79,2.3,1882.75,,81.85,0
2024-01-01 13:45:35,CNC,Normal,None,0.273,0.193,0.152,79.03,2.25,1602.66,,81.07,0
2024-01-01 13:45:40,CNC,Normal,None,0.193,0.114,0.104,65.43,2.25,1879.55,,81.41,0
2024-01-01 13:45:45,3DPrinter,Normal,None,0.069,0.098,0.125,219.23,1.77,,215.14,49.17,0
2024-01-01 13:45:50,CNC,Normal,None,0.115,0.172,0.166,64.65,1.94,1801.01,,88.66,0
2024-01-01 13:45:55,CNC,Attack,Parameter_Tamper,0.549,0.538,0.637,90.28,3.8,2404.31,,112.4,1
2024-01-01 13:46:00,3DPrinter,Normal,None,0.193,0.068,0.258,217.36,2.03,,204.19,50.57,0
2024-01-01 13:46:05,3DPrinter,Normal,None,0.221,0.069,0.125,223.45,1.46,,215.78,48.94,0
2024-01-01 13:46:10,CNC,Normal,None,0.255,0.259,0.072,71.93,2.0,1785.79,,75.68,0
2024-01-01 13:46:15,3DPrinter,Attack,Malware,0.616,0.435,0.48,282.1,3.65,,302.21,71.74,1
2024-01-01 13:46:20,3DPrinter,Attack,DoS,0.453,0.414,0.558,279.91,3.61,,298.09,69.56,1
2024-01-01 13:46:25,3DPrinter,Normal,None,0.178,0.145,0.161,221.95,1.91,,205.15,55.07,0
2024-01-01 13:46:30,3DPrinter,Normal,None,0.128,0.171,0.09,213.52,1.61,,210.37,48.56,0
2024-01-01 13:46:35,CNC,Normal,None,0.206,0.164,0.067,67.4,1.64,1824.61,,84.47,0
2024-01-01 13:46:40,3DPrinter,Attack,DoS,0.433,0.545,0.614,280.25,4.05,,301.45,67.69,1
2024-01-01 13:46:45,CNC,Normal,None,0.258,0.157,0.183,68.68,2.27,1907.18,,89.59,0
2024-01-01 13:46:50,CNC,Attack,Data_Spoofing,0.523,0.622,0.667,89.31,4.63,2445.49,,116.23,1
2024-01-01 13:46:55,CNC,Normal,None,0.191,0.036,0.067,73.31,2.78,1803.31,,62.14,0
2024-01-01 13:47:00,CNC,Normal,None,0.242,0.143,0.166,71.35,2.27,1708.86,,85.32,0
2024-01-01 13:47:05,3DPrinter,Normal,None,0.172,0.16,0.137,217.53,2.03,,210.13,50.18,0
2024-01-01 13:47:10,3DPrinter,Normal,None,0.103,0.081,0.174,221.55,2.0,,212.52,47.74,0
2024-01-01 13:47:15,3DPrinter,Attack,DoS,0.533,0.377,0.506,283.65,3.64,,294.8,66.86,1
2024-01-01 13:47:20,3DPrinter,Normal,None,0.126,0.044,0.07,215.99,1.7,,217.32,46.94,0
2024-01-01 13:47:25,3DPrinter,Normal,None,0.095,0.168,0.068,218.02,1.68,,207.19,49.81,0
2024-01-01 13:47:30,3DPrinter,Normal,None,0.215,0.086,0.225,220.86,1.68,,208.72,50.88,0
2024-01-01 13:47:35,3DPrinter,Attack,DoS,0.487,0.482,0.506,285.01,3.91,,304.65,69.62,1
2024-01-01 13:47:40,3DPrinter,Normal,None,0.166,0.105,0.112,224.6,1.3,,216.94,50.38,0
2024-01-01 13:47:45,CNC,Normal,None,0.138,0.165,0.106,71.09,1.64,2126.43,,85.25,0
2024-01-01 13:47:50,3DPrinter,Normal,None,0.111,0.158,0.103,218.86,2.21,,208.78,49.15,0
2024-01-01 13:47:55,3DPrinter,Normal,None,0.125,0.132,0.121,222.68,1.94,,211.15,57.98,0
2024-01-01 13:48:00,3DPrinter,Normal,None,0.115,0.219,0.127,223.71,2.1,,208.13,52.79,0
2024-01-01 13:48:05,CNC,Normal,None,0.253,0.16,0.244,73.27,2.14,1963.56,,75.5,0
2024-01-01 13:48:10,CNC,Normal,None,0.145,0.147,0.323,65.21,2.68,1797.47,,82.83,0
2024-01-01 13:48:15,CNC,Normal,None,0.156,0.102,0.178,71.89,1.91,2075.77,,82.72,0
2024-01-01 13:48:20,3DPrinter,Normal,None,0.099,0.1,0.271,226.71,2.0,,211.85,45.3,0
2024-01-01 13:48:25,CNC,Normal,None,0.167,0.131,0.169,71.59,1.61,1754.37,,67.67,0
2024-01-01 13:48:30,CNC,Normal,None,0.126,0.074,0.188,75.8,1.92,1819.92,,80.59,0
2024-01-01 13:48:35,CNC,Normal,None,0.297,0.285,0.25,70.52,2.32,1731.15,,78.57,0
2024-01-01 13:48:40,CNC,Attack,Malware,0.578,0.573,0.66,89.1,3.48,2555.96,,115.12,1
2024-01-01 13:48:45,3DPrinter,Normal,None,0.196,0.132,0.039,219.97,2.22,,213.33,48.95,0
2024-01-01 13:48:50,3DPrinter,Normal,None,0.181,0.152,0.101,216.84,1.85,,215.19,46.05,0
2024-01-01 13:48:55,CNC,Normal,None,0.092,0.054,0.254,70.5,1.75,1898.33,,81.37,0
2024-01-01 13:49:00,3DPrinter,Normal,None,0.126,0.128,0.125,223.54,2.01,,211.12,51.51,0
2024-01-01 13:49:05,CNC,Attack,Parameter_Tamper,0.68,0.662,0.728,89.7,3.33,2439.79,,112.96,1
2024-01-01 13:49:10,CNC,Normal,None,0.066,0.074,0.21,69.61,1.8,1920.78,,81.71,0
2024-01-01 13:49:15,3DPrinter,Normal,None,0.092,0.046,0.136,227.27,1.74,,208.66,53.28,0
2024-01-01 13:49:20,CNC,Attack,Malware,0.631,0.567,0.65,90.97,4.04,2555.03,,123.67,1
2024-01-01 13:49:25,3DPrinter,Normal,None,0.036,0.101,0.126,214.85,1.84,,204.63,48.42,0
2024-01-01 13:49:30,CNC,Attack,DoS,0.615,0.622,0.589,85.98,3.5,2413.0,,120.16,1
2024-01-01 13:49:35,CNC,Normal,None,0.061,0.156,0.317,71.46,2.0,1679.93,,79.61,0
2024-01-01 13:49:40,3DPrinter,Normal,None,0.182,0.167,0.043,220.33,2.45,,206.88,50.45,0
2024-01-01 13:49:45,CNC,Normal,None,0.251,0.07,0.191,75.72,2.13,1908.33,,75.09,0
2024-01-01 13:49:50,3DPrinter,Normal,None,0.196,0.113,0.089,226.99,1.99,,214.0,51.72,0
2024-01-01 13:49:55,CNC,Normal,None,0.263,0.231,0.07,70.6,2.11,1941.83,,74.36,0
2024-01-01 13:50:00,3DPrinter,Normal,None,0.236,0.127,0.072,223.45,1.47,,205.13,48.82,0
2024-01-01 13:50:05,3DPrinter,Attack,Parameter_Tamper,0.479,0.438,0.595,281.24,3.69,,299.88,71.31,1
2024-01-01 13:50:10,3DPrinter,Normal,None,0.118,0.147,0.1,215.75,1.92,,212.25,46.86,0
2024-01-01 13:50:15,3DPrinter,Normal,None,0.179,0.153,0.148,220.3,1.41,,209.02,46.42,0
2024-01-01 13:50:20,CNC,Normal,None,0.145,0.188,0.037,65.26,2.35,1854.24,,71.41,0
2024-01-01 13:50:25,CNC,Normal,None,0.286,0.114,0.18,68.93,1.91,1649.67,,80.19,0
2024-01-01 13:50:30,3DPrinter,Attack,DoS,0.482,0.445,0.61,282.34,3.89,,297.05,70.68,1
2024-01-01 13:50:35,3DPrinter,Normal,None,0.146,0.023,0.115,229.21,1.94,,217.69,48.1,0
2024-01-01 13:50:40,3DPrinter,Normal,None,0.11,0.025,0.135,223.06,1.7,,200.02,43.3,0
2024-01-01 13:50:45,CNC,Attack,Parameter_Tamper,0.681,0.527,0.669,86.38,3.79,2338.87,,121.9,1
2024-01-01 13:50:50,3DPrinter,Normal,None,0.197,0.136,0.177,226.45,1.69,,206.29,49.68,0
2024-01-01 13:50:55,CNC,Normal,None,0.269,0.187,0.075,69.02,2.5,1646.39,,84.36,0
2024-01-01 13:51:00,3DPrinter,Attack,DoS,0.395,0.434,0.508,279.18,3.54,,299.38,68.28,1
2024-01-01 13:51:05,3DPrinter,Normal,None,0.249,0.146,0.163,227.86,1.69,,200.78,53.59,0
2024-01-01 13:51:10,CNC,Attack,Malware,0.651,0.607,0.716,91.2,3.26,2497.08,,120.44,1
2024-01-01 13:51:15,3DPrinter,Normal,None,0.154,0.085,0.184,220.79,1.91,,217.2,51.07,0
2024-01-01 13:51:20,CNC,Attack,Parameter_Tamper,0.529,0.442,0.668,89.44,3.98,2438.71,,125.61,1
2024-01-01 13:51:25,3DPrinter,Normal,None,0.09,0.09,0.056,220.99,2.13,,209.69,45.56,0
2024-01-01 13:51:30,CNC,Normal,None,0.171,0.342,0.128,69.73,2.29,1827.32,,84.17,0
2024-01-01 13:51:35,CNC,Normal,None,0.314,0.205,0.07,74.87,2.71,1763.29,,82.73,0
2024-01-01 13:51:40,CNC,Attack,Parameter_Tamper,0.549,0.562,0.731,89.11,3.72,2301.76,,129.55,1
2024-01-01 13:51:45,3DPrinter,Attack,Data_Spoofing,0.489,0.451,0.485,271.45,3.81,,301.81,68.24,1
2024-01-01 13:51:50,3DPrinter,Normal,None,0.189,0.146,0.102,216.96,1.69,,207.93,51.88,0
2024-01-01 13:51:55,CNC,Attack,Parameter_Tamper,0.572,0.566,0.607,89.4,4.44,2357.89,,127.54,1
2024-01-01 13:52:00,3DPrinter,Normal,None,0.188,0.148,0.134,217.82,2.43,,215.72,55.21,0
2024-01-01 13:52:05,CNC,Attack,Malware,0.649,0.626,0.503,92.29,4.46,2654.27,,114.37,1
2024-01-01 13:52:10,CNC,Normal,None,0.086,0.167,0.232,70.05,2.35,1856.0,,76.69,0
2024-01-01 13:52:15,CNC,Normal,None,0.213,0.209,0.106,71.19,2.82,1634.12,,83.63,0
2024-01-01 13:52:20,3DPrinter,Normal,None,0.14,0.108,0.099,222.93,1.78,,211.09,44.87,0
2024-01-01 13:52:25,3DPrinter,Attack,Malware,0.421,0.478,0.526,274.19,4.2,,301.64,69.29,1
2024-01-01 13:52:30,CNC,Normal,None,0.287,0.205,0.07,73.32,2.33,1845.41,,89.98,0
2024-01-01 13:52:35,3DPrinter,Normal,None,0.162,0.081,0.096,220.67,1.92,,209.29,48.83,0
2024-01-01 13:52:40,CNC,Normal,None,0.146,0.207,0.196,69.3,2.24,1719.45,,77.21,0
2024-01-01 13:52:45,CNC,Normal,None,0.18,0.072,0.138,77.21,2.01,1845.55,,87.5,0
2024-01-01 13:52:50,3DPrinter,Normal,None,0.131,0.093,0.178,219.28,1.68,,203.36,52.75,0
2024-01-01 13:52:55,3DPrinter,Attack,DoS,0.552,0.406,0.528,284.64,4.03,,296.04,71.23,1
2024-01-01 13:53:00,CNC,Normal,None,0.178,0.202,0.172,70.91,2.79,1750.82,,73.73,0
2024-01-01 13:53:05,3DPrinter,Normal,None,0.142,0.075,0.128,220.01,1.4,,210.48,51.7,0
2024-01-01 13:53:10,CNC,Normal,None,0.129,0.097,0.226,71.28,2.64,1582.0,,78.86,0
2024-01-01 13:53:15,CNC,Normal,None,0.189,0.204,0.239,66.53,2.56,1739.3,,76.56,0
2024-01-01 13:53:20,3DPrinter,Attack,Malware,0.514,0.461,0.614,278.82,3.91,,305.34,74.2,1
2024-01-01 13:53:25,CNC,Normal,None,0.152,0.2,0.209,72.25,2.39,1917.34,,70.91,0
2024-01-01 13:53:30,3DPrinter,Normal,None,0.17,0.072,0.072,221.4,1.58,,203.9,52.31,0
2024-01-01 13:53:35,CNC,Normal,None,0.286,0.084,0.221,67.63,2.34,1828.45,,86.66,0
2024-01-01 13:53:40,3DPrinter,Normal,None,0.147,0.108,0.189,226.5,1.7,,209.1,49.26,0
2024-01-01 13:53:45,3DPrinter,Normal,None,0.176,0.067,0.174,216.77,1.79,,209.9,50.55,0
2024-01-01 13:53:50,3DPrinter,Attack,Data_Spoofing,0.421,0.391,0.537,283.06,3.77,,299.37,70.66,1
2024-01-01 13:53:55,3DPrinter,Normal,None,0.227,0.163,0.196,212.32,1.69,,214.81,54.79,0
2024-01-01 13:54:00,3DPrinter,Attack,Parameter_Tamper,0.512,0.483,0.607,276.23,3.88,,299.81,66.28,1
2024-01-01 13:54:05,CNC,Normal,None,0.231,0.131,0.052,64.71,2.4,1898.85,,82.43,0
2024-01-01 13:54:10,3DPrinter,Normal,None,0.139,0.112,0.12,222.69,1.89,,214.9,49.67,0
2024-01-01 13:54:15,CNC,Attack,Parameter_Tamper,0.688,0.535,0.655,85.97,3.64,2468.49,,118.86,1
2024-01-01 13:54:20,CNC,Normal,None,0.313,0.177,0.195,64.33,2.71,1696.15,,79.85,0
2024-01-01 13:54:25,3DPrinter,Attack,DoS,0.465,0.481,0.553,279.45,3.93,,303.51,67.81,1
2024-01-01 13:54:30,CNC,Normal,None,0.15,0.09,0.171,70.02,1.79,1759.47,,72.13,0
2024-01-01 13:54:35,3DPrinter,Normal,None,0.148,0.216,0.123,215.68,1.72,,212.78,52.67,0
2024-01-01 13:54:40,CNC,Normal,None,0.327,0.036,0.197,67.54,2.48,1833.89,,87.52,0
2024-01-01 13:54:45,3DPrinter,Normal,None,0.235,0.166,0.1,224.81,1.94,,213.25,53.78,0
2024-01-01 13:54:50,CNC,Normal,None,0.165,0.188,0.153,71.34,2.45,1863.5,,77.02,0
2024-01-01 13:54:55,3DPrinter,Attack,Data_Spoofing,0.621,0.408,0.569,291.23,4.1,,298.52,71.61,1
2024-01-01 13:55:00,CNC,Attack,Data_Spoofing,0.577,0.569,0.653,89.14,3.91,2642.98,,121.83,1
2024-01-01 13:55:05,3DPrinter,Normal,None,0.209,0.166,0.179,231.51,2.12,,205.75,50.74,0
2024-01-01 13:55:10,3DPrinter,Normal,None,0.272,0.094,0.216,221.83,1.49,,202.59,54.17,0
2024-01-01 13:55:15,3DPrinter,Normal,None,0.121,0.07,0.139,225.94,2.05,,221.08,50.01,0
2024-01-01 13:55:20,3DPrinter,Normal,None,0.097,0.099,0.197,209.83,2.43,,203.53,43.97,0
2024-01-01 13:55:25,CNC,Normal,None,0.181,0.086,0.115,72.62,2.43,1887.54,,85.37,0
2024-01-01 13:55:30,3DPrinter,Normal,None,0.189,0.198,0.14,215.83,2.18,,210.24,55.47,0
2024-01-01 13:55:35,CNC,Normal,None,0.23,0.207,0.158,67.73,2.17,1768.04,,74.57,0
2024-01-01 13:55:40,3DPrinter,Normal,None,0.069,0.068,0.109,218.65,1.91,,213.51,54.15,0
2024-01-01 13:55:45,3DPrinter,Normal,None,0.23,0.064,0.177,221.29,1.99,,204.17,44.56,0
2024-01-01 13:55:50,3DPrinter,Normal,None,0.176,0.084,0.136,217.34,1.61,,210.95,44.55,0
2024-01-01 13:55:55,3DPrinter,Normal,None,0.124,0.195,0.141,224.59,1.73,,210.95,53.39,0
2024-01-01 13:56:00,3DPrinter,Attack,DoS,0.469,0.493,0.524,275.63,4.18,,293.46,75.27,1
2024-01-01 13:56:05,CNC,Normal,None,0.286,0.118,0.258,70.4,2.2,1725.52,,73.87,0
2024-01-01 13:56:10,3DPrinter,Normal,None,0.168,0.13,0.056,216.98,1.46,,213.97,52.51,0
2024-01-01 13:56:15,CNC,Normal,None,0.163,0.12,0.114,68.99,3.12,1919.19,,82.92,0
2024-01-01 13:56:20,3DPrinter,Normal,None,0.147,0.115,0.094,217.11,1.59,,201.17,43.76,0
2024-01-01 13:56:25,3DPrinter,Attack,DoS,0.488,0.461,0.513,283.46,3.84,,308.04,69.33,1
2024-01-01 13:56:30,3DPrinter,Attack,Parameter_Tamper,0.576,0.429,0.576,288.22,3.99,,300.07,74.31,1
2024-01-01 13:56:35,3DPrinter,Normal,None,0.135,0.051,0.099,218.91,1.55,,207.96,55.42,0
2024-01-01 13:56:40,3DPrinter,Attack,Data_Spoofing,0.474,0.382,0.615,274.23,3.73,,301.13,69.07,1
2024-01-01 13:56:45,CNC,Normal,None,0.281,0.175,-0.022,70.69,1.78,1879.41,,71.23,0
2024-01-01 13:56:50,CNC,Normal,None,0.172,0.12,0.158,66.78,2.46,1759.14,,78.75,0
2024-01-01 13:56:55,CNC,Normal,None,0.27,0.077,0.089,68.16,1.86,1811.27,,83.52,0
2024-01-01 13:57:00,CNC,Normal,None,0.125,0.186,0.163,72.23,2.12,1719.22,,73.33,0
2024-01-01 13:57:05,3DPrinter,Normal,None,0.208,0.135,0.161,220.95,2.47,,208.5,45.08,0
2024-01-01 13:57:10,3DPrinter,Normal,None,0.166,0.102,0.228,218.54,1.57,,210.16,46.89,0
2024-01-01 13:57:15,CNC,Attack,Data_Spoofing,0.539,0.577,0.638,89.7,4.77,2623.41,,124.09,1
2024-01-01 13:57:20,3DPrinter,Normal,None,0.192,0.167,0.197,224.97,1.96,,213.18,51.23,0
2024-01-01 13:57:25,3DPrinter,Normal,None,0.071,0.054,0.087,222.04,1.96,,220.39,50.89,0
2024-01-01 13:57:30,CNC,Attack,DoS,0.676,0.398,0.701,90.17,3.54,2467.25,,118.75,1
2024-01-01 13:57:35,3DPrinter,Normal,None,0.084,0.003,0.156,226.01,1.87,,212.51,52.26,0
2024-01-01 13:57:40,CNC,Attack,Data_Spoofing,0.53,0.465,0.713,90.31,3.61,2560.25,,128.47,1
2024-01-01 13:57:45,CNC,Attack,Data_Spoofing,0.618,0.547,0.615,93.1,3.9,2547.32,,119.23,1
2024-01-01 13:57:50,CNC,Normal,None,0.285,0.192,0.071,66.0,2.7,1788.78,,81.04,0
2024-01-01 13:57:55,3DPrinter,Normal,None,0.11,0.156,0.145,228.3,2.18,,217.74,52.09,0
2024-01-01 13:58:00,CNC,Normal,None,0.269,0.249,0.13,67.99,2.14,1767.92,,78.89,0
2024-01-01 13:58:05,3DPrinter,Attack,DoS,0.521,0.493,0.506,274.72,3.93,,304.14,66.52,1
2024-01-01 13:58:10,3DPrinter,Normal,None,0.085,0.143,0.175,205.42,1.41,,208.11,55.68,0
2024-01-01 13:58:15,3DPrinter,Attack,Parameter_Tamper,0.481,0.424,0.572,278.16,3.94,,298.01,68.25,1
2024-01-01 13:58:20,3DPrinter,Normal,None,0.116,0.084,0.104,218.09,2.09,,204.39,48.06,0
2024-01-01 13:58:25,3DPrinter,Normal,None,0.124,0.182,0.14,220.33,1.59,,215.34,55.21,0
2024-01-01 13:58:30,CNC,Attack,DoS,0.698,0.47,0.611,87.55,3.73,2658.37,,128.8,1
2024-01-01 13:58:35,3DPrinter,Normal,None,0.198,0.232,0.112,214.67,1.96,,208.76,52.0,0
2024-01-01 13:58:40,3DPrinter,Normal,None,0.11,0.117,0.139,215.68,2.61,,211.48,53.88,0
2024-01-01 13:58:45,3DPrinter,Normal,None,0.21,0.051,0.19,209.59,1.46,,204.26,47.75,0
2024-01-01 13:58:50,3DPrinter,Normal,None,0.309,0.145,0.189,220.71,1.41,,211.48,45.16,0
2024-01-01 13:58:55,CNC,Normal,None,0.167,0.236,0.255,71.72,1.84,1703.04,,85.31,0
2024-01-01 13:59:00,CNC,Normal,None,0.186,0.229,0.068,75.34,1.38,1839.7,,83.32,0
2024-01-01 13:59:05,CNC,Normal,None,0.283,0.105,0.33,72.83,1.99,1921.29,,82.92,0
2024-01-01 13:59:10,3DPrinter,Normal,None,0.142,0.144,0.177,220.27,1.77,,217.79,44.9,0
2024-01-01 13:59:15,3DPrinter,Normal,None,0.152,0.095,0.136,214.02,0.97,,211.04,56.26,0
2024-01-01 13:59:20,3DPrinter,Attack,Malware,0.44,0.362,0.482,281.64,4.48,,295.43,72.51,1
2024-01-01 13:59:25,CNC,Normal,None,0.167,0.137,0.075,72.03,2.7,1831.74,,81.96,0
2024-01-01 13:59:30,CNC,Normal,None,0.202,0.084,0.194,65.61,2.34,1937.25,,87.22,0
2024-01-01 13:59:35,3DPrinter,Normal,None,0.098,0.168,0.194,211.0,1.84,,210.26,54.32,0
2024-01-01 13:59:40,3DPrinter,Normal,None,0.154,0.127,0.066,230.0,2.43,,212.4,47.39,0
2024-01-01 13:59:45,3DPrinter,Normal,None,0.119,0.171,0.096,221.89,1.65,,198.22,51.43,0
2024-01-01 13:59:50,3DPrinter,Normal,None,0.05,0.127,0.22,217.64,2.21,,213.47,52.6,0
2024-01-01 13:59:55,CNC,Normal,None,0.221,0.139,0.173,72.87,2.67,1761.02,,74.37,0
2024-01-01 14:00:00,3DPrinter,Normal,None,0.179,0.077,0.095,230.15,1.56,,208.17,50.65,0
2024-01-01 14:00:05,CNC,Normal,None,0.21,0.125,0.124,71.61,1.96,1798.48,,87.26,0
2024-01-01 14:00:10,CNC,Attack,Parameter_Tamper,0.586,0.458,0.625,90.52,4.24,2306.68,,118.65,1
2024-01-01 14:00:15,3DPrinter,Normal,None,0.037,0.079,0.126,220.43,1.46,,207.71,53.04,0
2024-01-01 14:00:20,3DPrinter,Attack,Data_Spoofing,0.439,0.456,0.628,284.96,3.93,,297.21,73.47,1
2024-01-01 14:00:25,3DPrinter,Normal,None,0.077,0.102,0.199,215.52,1.06,,209.35,54.94,0
2024-01-01 14:00:30,3DPrinter,Normal,None,0.121,0.093,0.115,220.04,2.03,,202.36,54.05,0
2024-01-01 14:00:35,CNC,Normal,None,0.114,0.186,0.106,73.5,1.83,1655.27,,76.53,0
2024-01-01 14:00:40,3DPrinter,Attack,Parameter_Tamper,0.533,0.413,0.49,285.33,3.66,,299.33,72.09,1
2024-01-01 14:00:45,3DPrinter,Normal,None,0.173,0.042,0.087,213.53,1.88,,219.69,52.39,0
2024-01-01 14:00:50,CNC,Normal,None,0.128,0.221,0.209,67.91,2.11,1689.64,,81.89,0
2024-01-01 14:00:55,3DPrinter,Normal,None,0.228,0.103,0.121,218.2,1.82,,208.21,52.65,0
2024-01-01 14:01:00,3DPrinter,Normal,None,0.178,0.102,0.104,230.32,1.26,,216.43,43.54,0
2024-01-01 14:01:05,3DPrinter,Normal,None,0.124,0.094,0.129,222.35,1.71,,212.35,50.34,0
2024-01-01 14:01:10,3DPrinter,Normal,None,0.228,0.085,0.185,232.63,2.34,,218.15,52.18,0
2024-01-01 14:01:15,CNC,Attack,Parameter_Tamper,0.681,0.543,0.692,88.44,3.74,2382.2,,121.9,1
2024-01-01 14:01:20,3DPrinter,Normal,None,0.123,0.186,0.15,226.67,1.62,,208.76,50.64,0
2024-01-01 14:01:25,3DPrinter,Normal,None,0.14,0.119,0.06,219.54,2.07,,212.38,49.56,0
2024-01-01 14:01:30,3DPrinter,Normal,None,0.088,0.075,0.228,229.83,1.95,,216.4,48.82,0
2024-01-01 14:01:35,3DPrinter,Normal,None,0.183,0.073,0.17,216.53,1.68,,210.11,54.92,0
2024-01-01 14:01:40,CNC,Normal,None,0.238,0.198,0.036,70.55,2.48,1813.7,,83.46,0
2024-01-01 14:01:45,CNC,Normal,None,0.081,0.096,0.115,70.13,2.23,1703.77,,79.0,0
2024-01-01 14:01:50,3DPrinter,Normal,None,0.103,0.026,0.174,219.42,2.07,,211.29,50.34,0
2024-01-01 14:01:55,CNC,Normal,None,0.237,0.187,0.145,75.34,2.2,1919.08,,81.11,0
2024-01-01 14:02:00,CNC,Attack,Malware,0.613,0.632,0.732,91.18,4.05,2504.32,,117.66,1
2024-01-01 14:02:05,CNC,Normal,None,0.211,0.049,0.103,76.18,1.72,1734.45,,79.63,0
2024-01-01 14:02:10,3DPrinter,Attack,DoS,0.556,0.438,0.576,275.25,4.2,,301.31,67.89,1
2024-01-01 14:02:15,3DPrinter,Attack,Data_Spoofing,0.484,0.393,0.514,274.13,3.99,,295.7,65.44,1
2024-01-01 14:02:20,3DPrinter,Normal,None,0.042,0.073,0.15,222.27,1.95,,214.79,53.56,0
2024-01-01 14:02:25,3DPrinter,Normal,None,0.099,0.097,0.118,225.02,2.1,,210.77,60.01,0
2024-01-01 14:02:30,CNC,Normal,None,0.253,0.126,0.189,72.73,2.08,1693.88,,79.6,0
2024-01-01 14:02:35,3DPrinter,Attack,DoS,0.445,0.528,0.572,285.42,4.12,,301.9,72.26,1
2024-01-01 14:02:40,3DPrinter,Normal,None,0.162,0.11,0.157,216.48,1.07,,215.21,51.95,0
2024-01-01 14:02:45,CNC,Attack,Malware,0.594,0.532,0.722,90.15,3.33,2507.91,,113.07,1
2024-01-01 14:02:50,CNC,Normal,None,0.131,0.13,0.08,74.52,2.34,1731.15,,79.28,0
2024-01-01 14:02:55,3DPrinter,Normal,None,0.23,0.066,0.077,222.68,1.67,,209.29,47.99,0
2024-01-01 14:03:00,CNC,Attack,Data_Spoofing,0.571,0.564,0.648,92.91,4.13,2532.73,,119.08,1
2024-01-01 14:03:05,3DPrinter,Normal,None,0.198,0.162,0.101,212.59,1.57,,207.33,46.75,0
2024-01-01 14:03:10,CNC,Attack,Data_Spoofing,0.573,0.583,0.617,93.17,3.89,2601.65,,116.84,1
2024-01-01 14:03:15,3DPrinter,Normal,None,0.143,0.101,0.017,227.17,2.2,,210.54,50.96,0
2024-01-01 14:03:20,3DPrinter,Normal,None,0.136,0.018,0.104,213.03,1.84,,210.58,53.56,0
2024-01-01 14:03:25,CNC,Normal,None,0.308,0.221,0.196,72.77,2.59,1829.26,,85.71,0
2024-01-01 14:03:30,3DPrinter,Attack,Parameter_Tamper,0.491,0.389,0.608,280.37,4.02,,295.77,72.68,1
2024-01-01 14:03:35,3DPrinter,Normal,None,0.093,0.115,0.093,225.55,1.67,,211.35,53.94,0
2024-01-01 14:03:40,3DPrinter,Normal,None,0.162,0.099,0.135,218.96,1.82,,205.44,52.4,0
2024-01-01 14:03:45,CNC,Attack,Parameter_Tamper,0.621,0.58,0.522,96.89,3.21,2673.26,,122.47,1
2024-01-01 14:03:50,3DPrinter,Normal,None,0.119,0.142,0.141,217.7,1.66,,210.41,58.81,0
2024-01-01 14:03:55,CNC,Normal,None,0.271,0.075,0.208,68.06,2.6,1898.26,,79.78,0
2024-01-01 14:04:00,3DPrinter,Attack,Data_Spoofing,0.473,0.473,0.556,277.34,4.25,,299.1,66.86,1
2024-01-01 14:04:05,CNC,Normal,None,0.057,0.094,0.219,70.19,2.48,1809.24,,84.92,0
2024-01-01 14:04:10,3DPrinter,Attack,Parameter_Tamper,0.366,0.513,0.566,277.47,3.92,,298.46,66.28,1
2024-01-01 14:04:15,CNC,Normal,None,0.241,0.139,0.019,63.09,2.22,1523.08,,79.23,0
2024-01-01 14:04:20,3DPrinter,Attack,Parameter_Tamper,0.541,0.403,0.469,276.27,4.4,,302.89,65.15,1
2024-01-01 14:04:25,3DPrinter,Normal,None,0.029,0.19,0.113,225.61,1.53,,195.56,53.69,0
2024-01-01 14:04:30,CNC,Normal,None,0.134,0.209,0.201,64.9,2.48,1651.1,,76.36,0
2024-01-01 14:04:35,CNC,Normal,None,0.232,0.181,0.095,66.45,2.73,1887.24,,81.54,0
2024-01-01 14:04:40,3DPrinter,Normal,None,0.188,0.112,0.129,224.12,1.86,,215.47,50.33,0
2024-01-01 14:04:45,CNC,Normal,None,0.154,0.113,0.085,74.77,1.97,1878.64,,82.7,0
2024-01-01 14:04:50,3DPrinter,Normal,None,0.184,0.118,0.106,217.77,2.03,,209.87,42.37,0
2024-01-01 14:04:55,3DPrinter,Normal,None,0.132,0.107,0.114,221.37,1.34,,205.36,44.92,0
2024-01-01 14:05:00,3DPrinter,Attack,Malware,0.482,0.396,0.567,271.79,4.23,,302.9,73.5,1
2024-01-01 14:05:05,3DPrinter,Attack,DoS,0.503,0.426,0.518,273.44,3.82,,298.6,71.03,1
2024-01-01 14:05:10,CNC,Normal,None,0.321,0.096,0.189,68.34,2.24,1692.08,,84.3,0
2024-01-01 14:05:15,CNC,Attack,Parameter_Tamper,0.543,0.536,0.714,86.18,3.76,2480.66,,124.15,1
2024-01-01 14:05:20,3DPrinter,Normal,None,0.134,0.116,0.129,227.22,1.3,,211.06,51.94,0
2024-01-01 14:05:25,CNC,Normal,None,0.224,0.161,0.26,68.52,2.06,1878.68,,78.24,0
2024-01-01 14:05:30,3DPrinter,Attack,Malware,0.465,0.463,0.546,280.95,4.38,,302.21,71.1,1
2024-01-01 14:05:35,3DPrinter,Normal,None,0.106,0.135,0.114,219.03,1.45,,207.61,45.42,0
2024-01-01 14:05:40,3DPrinter,Normal,None,0.139,0.127,0.163,224.83,2.11,,208.81,48.23,0
2024-01-01 14:05:45,3DPrinter,Normal,None,0.111,0.136,0.123,220.02,2.04,,207.41,46.0,0
2024-01-01 14:05:50,3DPrinter,Normal,None,0.224,0.077,0.11,223.09,1.95,,209.47,47.71,0
2024-01-01 14:05:55,CNC,Normal,None,0.093,0.061,0.057,64.81,2.46,1679.46,,81.24,0
2024-01-01 14:06:00,CNC,Attack,Data_Spoofing,0.542,0.498,0.665,90.81,3.71,2590.51,,120.24,1
2024-01-01 14:06:05,CNC,Normal,None,0.146,0.097,0.127,67.48,2.15,1599.35,,82.73,0
2024-01-01 14:06:10,CNC,Normal,None,0.345,0.049,0.217,67.69,2.74,1730.2,,84.14,0
2024-01-01 14:06:15,CNC,Normal,None,0.196,0.172,0.128,70.56,1.87,2006.88,,79.6,0
2024-01-01 14:06:20,3DPrinter,Attack,Parameter_Tamper,0.597,0.467,0.484,275.0,3.92,,299.52,67.52,1
2024-01-01 14:06:25,3DPrinter,Normal,None,0.123,0.198,0.128,203.89,1.86,,212.77,48.74,0
2024-01-01 14:06:30,3DPrinter,Normal,None,0.149,0.139,0.114,214.5,1.99,,200.23,51.15,0
2024-01-01 14:06:35,CNC,Attack,Parameter_Tamper,0.544,0.429,0.693,92.32,4.36,2405.01,,119.77,1
2024-01-01 14:06:40,3DPrinter,Normal,None,0.146,0.188,0.108,223.97,1.57,,205.86,51.11,0
2024-01-01 14:06:45,3DPrinter,Normal,None,0.211,0.118,0.074,217.4,1.55,,206.79,57.57,0
2024-01-01 14:06:50,3DPrinter,Normal,None,0.173,0.114,0.144,223.03,1.43,,213.03,53.15,0
2024-01-01 14:06:55,CNC,Attack,DoS,0.576,0.633,0.707,90.44,3.11,2498.01,,126.92,1
2024-01-01 14:07:00,3DPrinter,Normal,None,0.108,0.156,0.137,215.36,1.86,,206.72,46.05,0
2024-01-01 14:07:05,CNC,Attack,DoS,0.653,0.497,0.739,92.28,4.05,2543.19,,116.28,1
2024-01-01 14:07:10,CNC,Attack,Parameter_Tamper,0.561,0.533,0.605,89.0,3.7,2541.63,,117.24,1
2024-01-01 14:07:15,CNC,Normal,None,0.247,0.092,0.159,67.11,2.11,1874.85,,75.45,0
2024-01-01 14:07:20,3DPrinter,Attack,Parameter_Tamper,0.538,0.422,0.561,273.07,3.42,,297.05,70.14,1
2024-01-01 14:07:25,CNC,Normal,None,0.348,0.062,0.227,71.18,2.25,1742.97,,86.4,0
2024-01-01 14:07:30,3DPrinter,Attack,DoS,0.471,0.501,0.522,288.74,3.83,,304.44,70.35,1
2024-01-01 14:07:35,3DPrinter,Normal,None,0.184,0.029,0.092,217.74,1.21,,204.5,50.73,0
2024-01-01 14:07:40,CNC,Normal,None,0.184,0.067,0.143,68.78,1.7,1781.85,,72.06,0
2024-01-01 14:07:45,3DPrinter,Attack,Data_Spoofing,0.466,0.576,0.598,279.35,4.17,,289.55,72.89,1
2024-01-01 14:07:50,CNC,Normal,None,0.136,0.191,0.203,67.09,2.18,1740.47,,83.39,0
2024-01-01 14:07:55,CNC,Attack,Data_Spoofing,0.595,0.526,0.589,90.45,3.92,2630.18,,128.31,1
2024-01-01 14:08:00,3DPrinter,Normal,None,0.222,0.142,0.124,212.21,1.81,,207.99,45.83,0
2024-01-01 14:08:05,3DPrinter,Attack,Parameter_Tamper,0.467,0.356,0.471,274.93,3.97,,291.89,66.82,1
2024-01-01 14:08:10,CNC,Normal,None,0.158,0.166,0.129,70.31,2.08,1602.89,,80.32,0
2024-01-01 14:08:15,3DPrinter,Normal,None,0.111,0.1,0.127,224.26,1.93,,208.41,46.65,0
2024-01-01 14:08:20,CNC,Normal,None,0.104,0.175,0.27,71.77,2.25,1697.28,,82.96,0
2024-01-01 14:08:25,3DPrinter,Normal,None,0.132,0.138,0.092,218.91,2.3,,204.46,50.97,0
2024-01-01 14:08:30,CNC,Normal,None,0.118,0.238,0.082,68.36,2.7,1838.62,,75.94,0
2024-01-01 14:08:35,CNC,Attack,Data_Spoofing,0.594,0.546,0.596,90.38,3.77,2545.27,,126.48,1
2024-01-01 14:08:40,CNC,Normal,None,0.098,0.148,0.155,75.6,2.02,1813.03,,81.07,0
2024-01-01 14:08:45,3DPrinter,Normal,None,0.097,0.083,0.101,217.24,1.85,,214.65,42.05,0
2024-01-01 14:08:50,CNC,Normal,None,0.209,0.187,0.215,69.7,2.36,1818.79,,69.71,0
2024-01-01 14:08:55,CNC,Normal,None,0.075,0.216,0.268,71.5,1.93,1684.77,,89.45,0
2024-01-01 14:09:00,3DPrinter,Attack,DoS,0.523,0.491,0.627,274.53,3.51,,301.04,65.66,1
2024-01-01 14:09:05,CNC,Normal,None,0.163,0.327,0.204,72.33,2.51,1730.64,,79.47,0
2024-01-01 14:09:10,CNC,Normal,None,0.034,0.15,0.128,69.06,2.05,1616.94,,90.26,0
2024-01-01 14:09:15,3DPrinter,Normal,None,0.115,0.12,0.182,217.09,1.77,,218.07,54.66,0
2024-01-01 14:09:20,CNC,Normal,None,0.2,0.17,0.079,66.53,1.94,2000.01,,77.81,0
2024-01-01 14:09:25,CNC,Normal,None,0.272,0.079,0.12,68.22,1.95,1769.2,,79.74,0
2024-01-01 14:09:30,CNC,Normal,None,0.182,0.204,0.162,70.92,2.61,1693.09,,76.65,0
2024-01-01 14:09:35,3DPrinter,Normal,None,0.155,0.107,0.112,216.67,1.37,,208.78,50.71,0
2024-01-01 14:09:40,3DPrinter,Normal,None,0.106,0.068,0.075,216.48,1.77,,213.2,49.75,0
2024-01-01 14:09:45,CNC,Normal,None,0.109,0.091,0.095,71.13,1.94,1753.0,,85.19,0
2024-01-01 14:09:50,3DPrinter,Normal,None,0.094,0.102,0.198,209.48,1.83,,208.31,51.87,0
2024-01-01 14:09:55,CNC,Normal,None,0.209,0.144,0.248,64.36,2.3,1830.99,,81.29,0
2024-01-01 14:10:00,3DPrinter,Normal,None,0.209,0.077,0.04,210.84,2.15,,216.8,50.05,0
2024-01-01 14:10:05,3DPrinter,Normal,None,0.166,0.083,0.283,223.43,1.56,,219.67,47.39,0
2024-01-01 14:10:10,CNC,Attack,Malware,0.618,0.539,0.682,88.95,4.91,2728.26,,116.73,1
2024-01-01 14:10:15,CNC,Normal,None,0.162,0.087,-0.025,67.6,2.72,1883.21,,79.23,0
2024-01-01 14:10:20,3DPrinter,Attack,Malware,0.521,0.504,0.595,273.56,3.67,,304.87,68.15,1
2024-01-01 14:10:25,CNC,Normal,None,0.077,0.173,0.036,69.1,2.43,1797.0,,82.1,0
2024-01-01 14:10:30,3DPrinter,Normal,None,0.142,0.098,0.174,217.6,1.96,,211.67,45.68,0
2024-01-01 14:10:35,3DPrinter,Normal,None,0.25,0.211,0.204,223.17,1.75,,215.17,51.29,0
2024-01-01 14:10:40,3DPrinter,Normal,None,0.207,0.076,0.165,212.98,1.47,,208.48,44.9,0
2024-01-01 14:10:45,3DPrinter,Normal,None,0.111,0.12,0.206,220.35,1.15,,203.85,58.27,0
2024-01-01 14:10:50,CNC,Attack,Data_Spoofing,0.523,0.562,0.759,85.72,3.42,2489.56,,118.6,1
2024-01-01 14:10:55,3DPrinter,Normal,None,0.171,0.16,0.187,220.15,1.62,,200.5,53.66,0
2024-01-01 14:11:00,CNC,Normal,None,0.085,0.253,0.085,71.76,2.39,1653.43,,78.32,0
2024-01-01 14:11:05,3DPrinter,Normal,None,0.137,0.194,0.117,225.94,2.74,,205.63,51.03,0
2024-01-01 14:11:10,3DPrinter,Normal,None,0.217,0.118,0.119,216.16,1.82,,213.11,50.61,0
2024-01-01 14:11:15,CNC,Attack,Malware,0.632,0.508,0.631,91.67,4.02,2624.5,,127.44,1
2024-01-01 14:11:20,CNC,Attack,Parameter_Tamper,0.629,0.469,0.739,89.25,3.75,2452.16,,116.45,1
2024-01-01 14:11:25,CNC,Normal,None,0.123,0.137,0.08,70.48,2.31,1839.3,,81.77,0
2024-01-01 14:11:30,3DPrinter,Normal,None,0.2,0.161,0.161,218.3,1.7,,209.85,54.13,0
2024-01-01 14:11:35,3DPrinter,Normal,None,0.206,0.115,0.066,221.7,1.78,,212.67,51.99,0
2024-01-01 14:11:40,CNC,Normal,None,0.104,0.033,0.125,69.98,1.5,1913.78,,79.19,0
2024-01-01 14:11:45,CNC,Normal,None,0.182,0.14,0.27,72.03,2.59,1833.97,,73.35,0
2024-01-01 14:11:50,CNC,Attack,Parameter_Tamper,0.567,0.686,0.649,86.71,4.39,2468.92,,113.11,1
2024-01-01 14:11:55,3DPrinter,Normal,None,0.109,0.116,0.11,223.6,1.2,,215.68,49.96,0
2024-01-01 14:12:00,CNC,Normal,None,0.052,0.346,0.098,69.25,2.14,1781.39,,77.31,0
2024-01-01 14:12:05,CNC,Attack,Parameter_Tamper,0.661,0.591,0.719,92.0,3.84,2509.56,,117.54,1
2024-01-01 14:12:10,CNC,Normal,None,0.306,0.128,0.195,68.03,2.55,1734.22,,78.35,0
2024-01-01 14:12:15,3DPrinter,Normal,None,0.176,0.141,0.188,221.01,1.44,,208.89,48.78,0
2024-01-01 14:12:20,3DPrinter,Normal,None,0.172,0.097,0.159,227.91,0.9,,206.9,43.13,0
2024-01-01 14:12:25,CNC,Normal,None,0.094,0.216,0.103,67.72,2.49,1657.61,,82.64,0
2024-01-01 14:12:30,3DPrinter,Attack,DoS,0.522,0.404,0.541,279.66,4.1,,295.8,71.98,1
2024-01-01 14:12:35,CNC,Normal,None,0.088,0.135,0.297,67.54,2.02,1921.07,,74.3,0
2024-01-01 14:12:40,3DPrinter,Attack,Malware,0.523,0.402,0.524,276.94,3.45,,301.36,71.03,1
2024-01-01 14:12:45,3DPrinter,Normal,None,0.156,0.159,0.146,217.72,1.47,,211.65,47.38,0
2024-01-01 14:12:50,3DPrinter,Normal,None,0.176,0.221,0.165,223.18,2.24,,213.48,54.95,0
2024-01-01 14:12:55,3DPrinter,Normal,None,0.151,0.042,0.177,218.05,1.53,,211.98,54.68,0
2024-01-01 14:13:00,CNC,Normal,None,0.175,0.214,0.141,66.28,2.01,1680.27,,70.98,0
2024-01-01 14:13:05,3DPrinter,Normal,None,0.147,0.111,0.167,226.54,1.56,,197.45,53.24,0
2024-01-01 14:13:10,3DPrinter,Attack,Parameter_Tamper,0.511,0.496,0.543,273.28,3.15,,300.91,69.4,1
2024-01-01 14:13:15,3DPrinter,Normal,None,0.065,0.126,0.136,221.51,1.93,,201.59,46.15,0
2024-01-01 14:13:20,3DPrinter,Attack,DoS,0.575,0.531,0.565,275.35,4.04,,289.37,68.24,1
2024-01-01 14:13:25,CNC,Attack,Parameter_Tamper,0.619,0.577,0.673,87.56,3.82,2467.78,,118.64,1
2024-01-01 14:13:30,3DPrinter,Normal,None,0.22,0.192,0.176,218.66,1.55,,214.23,50.55,0
2024-01-01 14:13:35,CNC,Normal,None,0.11,0.177,0.21,71.16,1.59,1822.9,,77.56,0
2024-01-01 14:13:40,CNC,Normal,None,0.204,0.058,0.125,77.25,2.58,1776.89,,74.96,0
2024-01-01 14:13:45,CNC,Normal,None,0.047,0.0,0.123,72.71,3.03,1931.0,,85.14,0
2024-01-01 14:13:50,CNC,Normal,None,0.132,0.046,0.215,66.69,1.67,1848.47,,79.59,0
2024-01-01 14:13:55,3DPrinter,Normal,None,0.201,0.13,0.067,224.61,1.67,,214.31,49.97,0
2024-01-01 14:14:00,CNC,Normal,None,0.233,0.163,0.109,68.75,2.42,1794.84,,85.67,0
2024-01-01 14:14:05,3DPrinter,Normal,None,0.216,0.117,0.113,218.86,1.64,,212.53,53.12,0
2024-01-01 14:14:10,3DPrinter,Attack,DoS,0.482,0.392,0.522,283.07,3.93,,294.24,70.64,1
2024-01-01 14:14:15,3DPrinter,Normal,None,0.147,0.145,0.101,217.54,1.72,,208.09,52.06,0
2024-01-01 14:14:20,CNC,Normal,None,0.107,0.097,0.028,64.82,2.51,1782.89,,79.34,0
2024-01-01 14:14:25,CNC,Normal,None,0.176,0.186,0.271,70.3,2.29,1774.96,,79.19,0
2024-01-01 14:14:30,CNC,Normal,None,0.112,0.174,0.231,70.85,2.56,1923.27,,79.1,0
2024-01-01 14:14:35,CNC,Normal,None,0.192,0.135,0.168,73.8,2.63,1875.29,,88.12,0
2024-01-01 14:14:40,CNC,Normal,None,0.236,0.129,0.015,69.72,2.37,1830.76,,74.76,0
2024-01-01 14:14:45,CNC,Attack,Parameter_Tamper,0.554,0.565,0.745,85.44,3.74,2528.65,,120.04,1
2024-01-01 14:14:50,CNC,Normal,None,0.286,0.205,0.19,65.9,2.54,1756.13,,83.32,0
2024-01-01 14:14:55,3DPrinter,Normal,None,0.177,0.061,0.119,220.18,1.53,,211.09,46.57,0
2024-01-01 14:15:00,CNC,Attack,Data_Spoofing,0.664,0.556,0.649,86.34,3.74,2567.37,,115.62,1
2024-01-01 14:15:05,CNC,Attack,Data_Spoofing,0.533,0.602,0.675,89.81,3.39,2568.55,,121.22,1
2024-01-01 14:15:10,CNC,Normal,None,0.22,0.122,0.158,68.12,1.74,1786.49,,86.09,0
2024-01-01 14:15:15,CNC,Normal,None,0.13,0.212,0.111,72.38,2.69,1861.85,,81.2,0
2024-01-01 14:15:20,CNC,Normal,None,0.128,0.188,0.152,72.55,2.37,1752.66,,75.6,0
2024-01-01 14:15:25,3DPrinter,Normal,None,0.125,0.171,0.153,230.56,1.54,,207.41,53.37,0
2024-01-01 14:15:30,3DPrinter,Normal,None,0.215,0.052,0.141,215.94,2.02,,202.17,44.71,0
2024-01-01 14:15:35,CNC,Normal,None,0.134,0.177,0.118,72.1,1.92,1721.2,,79.89,0
2024-01-01 14:15:40,CNC,Normal,None,0.196,0.202,0.201,67.31,1.99,1899.41,,72.9,0
2024-01-01 14:15:45,CNC,Normal,None,0.214,0.242,0.119,63.09,1.8,1733.88,,71.37,0
2024-01-01 14:15:50,3DPrinter,Normal,None,0.119,0.128,0.116,222.25,1.56,,220.49,51.84,0
2024-01-01 14:15:55,3DPrinter,Normal,None,0.176,0.07,0.169,217.59,1.62,,209.56,46.73,0
2024-01-01 14:16:00,CNC,Attack,Data_Spoofing,0.621,0.432,0.528,87.17,4.46,2700.86,,123.93,1
2024-01-01 14:16:05,3DPrinter,Normal,None,0.13,0.158,0.171,212.87,2.35,,206.22,50.72,0
2024-01-01 14:16:10,3DPrinter,Attack,Data_Spoofing,0.529,0.453,0.5,281.97,3.79,,299.82,70.04,1
2024-01-01 14:16:15,3DPrinter,Normal,None,0.234,0.049,0.158,220.74,1.84,,204.74,53.11,0
2024-01-01 14:16:20,3DPrinter,Normal,None,0.134,0.236,0.103,221.63,1.69,,205.31,52.09,0
2024-01-01 14:16:25,3DPrinter,Normal,None,0.079,0.174,0.177,222.76,2.17,,208.79,51.27,0
2024-01-01 14:16:30,CNC,Normal,None,0.174,0.08,0.329,70.4,1.68,1766.78,,83.03,0
2024-01-01 14:16:35,3DPrinter,Normal,None,0.208,0.172,0.11,219.66,2.05,,210.22,51.59,0
2024-01-01 14:16:40,CNC,Normal,None,0.119,0.261,0.283,66.57,1.86,1569.21,,82.94,0
2024-01-01 14:16:45,CNC,Normal,None,0.14,0.161,0.289,69.86,1.55,1779.31,,85.01,0
2024-01-01 14:16:50,CNC,Normal,None,0.216,0.126,0.083,76.06,1.59,2027.46,,79.63,0
2024-01-01 14:16:55,3DPrinter,Normal,None,0.195,0.205,0.207,210.0,1.57,,214.71,49.93,0
2024-01-01 14:17:00,3DPrinter,Attack,DoS,0.414,0.449,0.534,279.55,3.9,,294.39,65.85,1
2024-01-01 14:17:05,CNC,Normal,None,0.121,0.081,0.231,67.28,2.77,1751.6,,81.76,0
2024-01-01 14:17:10,CNC,Normal,None,0.221,0.158,0.17,69.76,1.97,1909.69,,80.34,0
2024-01-01 14:17:15,3DPrinter,Normal,None,0.179,0.137,0.233,220.34,1.8,,212.14,47.15,0
2024-01-01 14:17:20,CNC,Normal,None,0.245,0.063,0.222,71.25,2.27,1901.47,,81.36,0
2024-01-01 14:17:25,CNC,Normal,None,0.039,0.168,0.039,73.0,2.9,1793.75,,80.56,0
2024-01-01 14:17:30,3DPrinter,Normal,None,0.2,0.203,0.174,217.55,1.68,,213.47,49.65,0
2024-01-01 14:17:35,CNC,Normal,None,0.169,0.086,0.107,64.0,2.11,1604.44,,83.0,0
2024-01-01 14:17:40,3DPrinter,Attack,DoS,0.494,0.478,0.536,276.31,4.09,,310.99,72.36,1
2024-01-01 14:17:45,CNC,Normal,None,0.127,0.19,0.083,71.81,1.79,1807.46,,75.05,0
2024-01-01 14:17:50,CNC,Normal,None,0.139,0.07,0.066,67.24,2.03,1888.87,,78.23,0
2024-01-01 14:17:55,3DPrinter,Attack,Parameter_Tamper,0.549,0.524,0.559,282.0,3.7,,303.65,72.29,1
2024-01-01 14:18:00,CNC,Attack,Data_Spoofing,0.588,0.516,0.514,89.28,3.43,2445.83,,120.21,1
2024-01-01 14:18:05,3DPrinter,Attack,Malware,0.422,0.46,0.519,279.85,3.71,,301.72,66.56,1
2024-01-01 14:18:10,CNC,Normal,None,0.226,0.226,0.247,70.82,1.5,1800.21,,81.83,0
2024-01-01 14:18:15,CNC,Normal,None,0.188,0.182,0.172,70.5,2.2,1813.32,,75.11,0
2024-01-01 14:18:20,CNC,Normal,None,0.092,0.127,0.112,68.05,1.88,1759.99,,77.71,0
2024-01-01 14:18:25,3DPrinter,Normal,None,0.182,0.105,0.197,225.8,1.91,,208.52,51.68,0
2024-01-01 14:18:30,CNC,Normal,None,0.194,0.119,0.149,64.66,2.23,1812.06,,81.05,0
2024-01-01 14:18:35,CNC,Attack,DoS,0.701,0.575,0.667,86.21,3.44,2494.54,,119.81,1
2024-01-01 14:18:40,CNC,Normal,None,0.206,0.158,0.179,73.97,2.12,1905.62,,75.74,0
2024-01-01 14:18:45,3DPrinter,Normal,None,0.144,0.073,0.113,214.11,1.78,,215.45,52.18,0
2024-01-01 14:18:50,3DPrinter,Attack,DoS,0.436,0.51,0.527,276.98,4.15,,304.26,68.58,1
2024-01-01 14:18:55,CNC,Normal,None,0.177,0.147,0.283,64.53,1.95,1840.88,,80.37,0
2024-01-01 14:19:00,3DPrinter,Attack,Parameter_Tamper,0.499,0.425,0.556,269.66,3.62,,302.24,69.6,1
2024-01-01 14:19:05,3DPrinter,Attack,Parameter_Tamper,0.575,0.506,0.604,282.04,4.02,,291.6,64.86,1
2024-01-01 14:19:10,CNC,Attack,DoS,0.452,0.589,0.706,94.39,3.36,2394.59,,117.24,1
2024-01-01 14:19:15,CNC,Attack,DoS,0.588,0.515,0.614,93.96,4.15,2426.26,,125.59,1
2024-01-01 14:19:20,3DPrinter,Attack,Data_Spoofing,0.388,0.53,0.52,283.59,4.04,,305.64,69.85,1
2024-01-01 14:19:25,CNC,Attack,Data_Spoofing,0.605,0.617,0.757,91.64,3.76,2492.32,,108.17,1
2024-01-01 14:19:30,3DPrinter,Attack,DoS,0.45,0.399,0.528,281.67,4.13,,305.65,65.39,1
2024-01-01 14:19:35,CNC,Attack,DoS,0.616,0.545,0.748,85.77,3.55,2571.0,,125.18,1
2024-01-01 14:19:40,CNC,Normal,None,0.201,0.156,0.115,66.06,2.58,2133.74,,73.52,0
2024-01-01 14:19:45,3DPrinter,Attack,Parameter_Tamper,0.551,0.492,0.485,271.27,3.99,,310.27,73.62,1
2024-01-01 14:19:50,CNC,Attack,DoS,0.616,0.519,0.686,87.86,3.88,2478.2,,116.07,1
2024-01-01 14:19:55,CNC,Normal,None,0.289,0.135,0.088,66.67,2.31,1708.4,,89.03,0
2024-01-01 14:20:00,CNC,Normal,None,0.169,0.124,0.271,71.0,2.3,1832.99,,81.29,0
2024-01-01 14:20:05,3DPrinter,Normal,None,0.128,0.245,0.087,213.51,1.83,,199.61,51.95,0
2024-01-01 14:20:10,CNC,Attack,Malware,0.679,0.586,0.678,87.62,3.83,2575.56,,120.47,1
2024-01-01 14:20:15,CNC,Attack,Malware,0.505,0.56,0.759,87.76,4.16,2446.98,,124.35,1
2024-01-01 14:20:20,3DPrinter,Normal,None,0.145,0.167,0.086,214.6,1.71,,213.44,55.26,0
2024-01-01 14:20:25,CNC,Normal,None,0.186,0.087,0.069,73.18,2.41,1691.15,,80.55,0
2024-01-01 14:20:30,CNC,Normal,None,0.217,0.147,0.193,71.74,2.41,1829.6,,82.71,0
2024-01-01 14:20:35,CNC,Normal,None,0.274,0.134,0.095,70.44,2.5,1851.23,,75.66,0
2024-01-01 14:20:40,CNC,Normal,None,0.25,0.221,0.163,70.93,2.06,1716.19,,76.35,0
2024-01-01 14:20:45,CNC,Normal,None,0.33,0.243,0.297,67.33,2.22,1815.52,,82.87,0
2024-01-01 14:20:50,3DPrinter,Normal,None,0.094,0.178,0.033,220.39,1.93,,203.08,51.33,0
2024-01-01 14:20:55,3DPrinter,Normal,None,0.127,0.075,0.251,224.27,2.19,,204.86,55.37,0
2024-01-01 14:21:00,CNC,Normal,None,0.244,0.177,0.152,67.5,2.35,1688.89,,82.59,0
2024-01-01 14:21:05,CNC,Normal,None,0.258,0.164,0.131,65.37,2.37,1783.66,,80.63,0
2024-01-01 14:21:10,CNC,Normal,None,0.239,0.064,0.26,70.72,2.14,1798.69,,86.84,0
2024-01-01 14:21:15,CNC,Attack,Data_Spoofing,0.506,0.479,0.582,91.85,3.59,2438.46,,119.28,1
2024-01-01 14:21:20,CNC,Normal,None,0.237,0.13,0.188,71.13,1.8,1706.55,,71.85,0
2024-01-01 14:21:25,CNC,Normal,None,0.284,0.077,0.192,69.97,1.49,1688.08,,69.56,0
2024-01-01 14:21:30,3DPrinter,Normal,None,0.125,0.102,0.156,224.41,1.55,,212.31,49.74,0
2024-01-01 14:21:35,3DPrinter,Attack,Data_Spoofing,0.515,0.501,0.54,284.55,3.26,,305.56,66.13,1
2024-01-01 14:21:40,3DPrinter,Normal,None,0.143,0.103,0.099,223.32,1.97,,208.59,52.0,0
2024-01-01 14:21:45,CNC,Attack,Parameter_Tamper,0.615,0.669,0.818,91.95,3.95,2378.27,,127.64,1
2024-01-01 14:21:50,CNC,Normal,None,0.153,0.161,0.175,75.28,2.8,1648.52,,81.43,0
2024-01-01 14:21:55,3DPrinter,Normal,None,0.185,0.198,0.164,220.53,2.0,,213.3,52.84,0
2024-01-01 14:22:00,CNC,Normal,None,0.213,0.095,0.107,67.61,2.67,1858.95,,83.82,0
2024-01-01 14:22:05,3DPrinter,Normal,None,0.16,0.157,0.074,220.76,2.18,,207.03,52.5,0
2024-01-01 14:22:10,3DPrinter,Normal,None,0.12,0.121,0.126,219.75,1.64,,203.3,52.86,0
2024-01-01 14:22:15,CNC,Normal,None,0.22,0.177,0.08,69.24,1.41,1783.78,,80.6,0
2024-01-01 14:22:20,CNC,Normal,None,0.186,0.092,0.112,69.13,2.03,1787.17,,84.23,0
2024-01-01 14:22:25,CNC,Attack,Data_Spoofing,0.452,0.581,0.681,89.46,3.75,2550.16,,129.78,1
2024-01-01 14:22:30,CNC,Normal,None,0.179,0.071,0.142,66.62,2.36,1857.56,,83.94,0
2024-01-01 14:22:35,3DPrinter,Normal,None,0.17,0.031,0.211,224.2,1.76,,205.53,50.26,0
2024-01-01 14:22:40,3DPrinter,Attack,Data_Spoofing,0.558,0.492,0.532,289.3,3.72,,295.02,72.3,1
2024-01-01 14:22:45,CNC,Normal,None,0.278,0.223,0.206,68.66,2.31,1665.39,,76.88,0
2024-01-01 14:22:50,CNC,Normal,None,0.158,0.103,0.201,70.66,2.79,1882.23,,77.44,0
2024-01-01 14:22:55,CNC,Normal,None,0.227,0.064,0.102,71.08,1.68,1833.75,,81.06,0
2024-01-01 14:23:00,3DPrinter,Normal,None,0.224,0.07,0.104,224.06,1.89,,200.69,55.35,0
2024-01-01 14:23:05,CNC,Normal,None,0.146,0.127,0.18,72.67,2.86,1850.1,,80.01,0
2024-01-01 14:23:10,CNC,Normal,None,0.378,0.171,0.156,68.99,2.14,1949.51,,81.34,0
2024-01-01 14:23:15,CNC,Attack,Parameter_Tamper,0.661,0.593,0.719,92.5,4.23,2713.18,,126.47,1
2024-01-01 14:23:20,3DPrinter,Normal,None,0.124,0.166,0.058,221.17,1.94,,216.11,48.73,0
2024-01-01 14:23:25,3DPrinter,Normal,None,0.29,0.067,0.054,219.47,1.99,,213.77,50.46,0
2024-01-01 14:23:30,3DPrinter,Normal,None,0.117,0.05,0.212,215.8,2.11,,205.38,49.04,0
2024-01-01 14:23:35,3DPrinter,Normal,None,0.188,0.051,0.208,230.99,1.97,,213.66,49.52,0
2024-01-01 14:23:40,CNC,Normal,None,0.228,0.116,0.168,66.48,2.25,1750.95,,88.37,0
2024-01-01 14:23:45,CNC,Normal,None,0.131,0.122,0.192,71.52,2.26,1686.66,,78.67,0
2024-01-01 14:23:50,CNC,Normal,None,0.196,0.175,0.102,68.96,2.19,1877.99,,85.59,0
2024-01-01 14:23:55,3DPrinter,Normal,None,0.057,0.171,0.07,231.77,1.86,,211.91,45.68,0
2024-01-01 14:24:00,CNC,Attack,Parameter_Tamper,0.708,0.543,0.806,89.45,4.28,2416.01,,117.4,1
2024-01-01 14:24:05,3DPrinter,Normal,None,0.235,0.182,0.079,225.65,1.62,,205.72,49.9,0
2024-01-01 14:24:10,CNC,Normal,None,0.216,0.134,0.297,72.74,2.34,1943.41,,74.2,0
2024-01-01 14:24:15,3DPrinter,Normal,None,0.178,0.157,0.163,226.15,1.14,,207.6,44.42,0
2024-01-01 14:24:20,3DPrinter,Normal,None,0.147,0.201,0.113,220.27,1.43,,212.53,46.01,0
2024-01-01 14:24:25,3DPrinter,Normal,None,0.061,0.147,0.119,229.67,1.43,,217.38,54.72,0
2024-01-01 14:24:30,CNC,Normal,None,0.212,0.173,0.288,66.66,2.58,1795.28,,85.33,0
2024-01-01 14:24:35,CNC,Normal,None,0.263,-0.016,0.087,68.63,2.34,1886.93,,80.33,0
2024-01-01 14:24:40,3DPrinter,Attack,Malware,0.482,0.501,0.569,276.24,3.44,,303.44,68.75,1
2024-01-01 14:24:45,CNC,Normal,None,0.192,0.061,0.123,70.3,2.22,1924.03,,85.18,0
2024-01-01 14:24:50,CNC,Normal,None,0.274,0.144,0.077,72.02,1.84,1732.99,,78.0,0
2024-01-01 14:24:55,CNC,Attack,Parameter_Tamper,0.587,0.564,0.694,92.2,4.26,2648.03,,114.5,1
2024-01-01 14:25:00,3DPrinter,Attack,Malware,0.384,0.408,0.55,288.28,4.4,,295.17,64.96,1
2024-01-01 14:25:05,3DPrinter,Attack,Malware,0.491,0.44,0.54,291.09,4.2,,292.96,69.27,1
2024-01-01 14:25:10,3DPrinter,Normal,None,0.291,0.103,0.089,216.45,1.89,,207.63,49.61,0
2024-01-01 14:25:15,3DPrinter,Normal,None,0.148,-0.001,0.201,221.47,1.67,,205.55,54.8,0
2024-01-01 14:25:20,3DPrinter,Normal,None,0.173,0.088,0.101,220.94,2.04,,208.81,44.17,0
2024-01-01 14:25:25,CNC,Normal,None,0.143,0.148,0.06,72.65,2.37,1707.88,,86.14,0
2024-01-01 14:25:30,CNC,Attack,Data_Spoofing,0.596,0.616,0.584,85.47,3.61,2625.64,,120.56,1
2024-01-01 14:25:35,CNC,Normal,None,0.147,0.112,0.246,70.32,1.86,1752.39,,85.49,0
2024-01-01 14:25:40,3DPrinter,Normal,None,0.099,0.204,0.123,228.29,1.42,,207.34,50.65,0
2024-01-01 14:25:45,3DPrinter,Normal,None,0.134,0.095,0.17,216.26,1.9,,212.73,53.25,0
2024-01-01 14:25:50,CNC,Normal,None,0.275,0.098,0.19,69.35,2.24,1883.99,,85.77,0
2024-01-01 14:25:55,CNC,Normal,None,0.267,0.074,0.136,70.56,2.34,1806.54,,77.6,0
2024-01-01 14:26:00,CNC,Normal,None,0.143,0.214,0.088,71.34,1.49,1850.46,,81.57,0
2024-01-01 14:26:05,CNC,Normal,None,0.103,0.201,0.162,70.56,2.71,1870.13,,80.07,0
2024-01-01 14:26:10,3DPrinter,Normal,None,0.126,0.132,0.091,224.53,1.56,,218.33,45.96,0
2024-01-01 14:26:15,CNC,Normal,None,0.159,0.073,0.131,73.59,2.09,1825.48,,81.67,0
2024-01-01 14:26:20,CNC,Normal,None,0.196,0.103,0.258,67.56,2.37,1791.4,,79.15,0
2024-01-01 14:26:25,3DPrinter,Normal,None,0.155,0.064,0.15,231.27,1.92,,211.35,48.0,0
2024-01-01 14:26:30,3DPrinter,Normal,None,0.121,-0.022,0.144,210.91,1.93,,205.5,51.03,0
2024-01-01 14:26:35,3DPrinter,Normal,None,0.107,0.086,0.109,227.65,1.97,,199.83,54.16,0
2024-01-01 14:26:40,3DPrinter,Normal,None,0.083,0.144,0.087,223.09,1.29,,209.64,52.83,0
2024-01-01 14:26:45,3DPrinter,Normal,None,0.072,0.098,0.116,218.55,2.25,,220.82,48.65,0
2024-01-01 14:26:50,CNC,Attack,Malware,0.598,0.546,0.68,92.9,2.99,2322.01,,112.3,1
2024-01-01 14:26:55,CNC,Attack,Malware,0.576,0.505,0.841,92.19,3.78,2429.21,,121.78,1
2024-01-01 14:27:00,CNC,Normal,None,0.131,0.13,0.04,67.44,1.65,1850.2,,76.34,0
2024-01-01 14:27:05,3DPrinter,Attack,Malware,0.435,0.472,0.567,270.82,3.98,,291.29,71.05,1
2024-01-01 14:27:10,3DPrinter,Normal,None,0.126,0.132,0.095,218.87,1.72,,213.14,48.85,0
2024-01-01 14:27:15,3DPrinter,Normal,None,0.161,0.165,0.163,218.17,1.4,,216.21,51.5,0
2024-01-01 14:27:20,3DPrinter,Normal,None,0.155,0.075,0.137,215.16,1.65,,211.93,49.82,0
2024-01-01 14:27:25,CNC,Normal,None,0.194,0.092,0.095,64.95,2.94,1852.81,,77.9,0
2024-01-01 14:27:30,CNC,Normal,None,0.144,0.194,-0.008,69.75,2.75,1832.7,,73.87,0
2024-01-01 14:27:35,CNC,Attack,Parameter_Tamper,0.77,0.521,0.737,85.1,3.74,2562.78,,121.86,1
2024-01-01 14:27:40,CNC,Attack,Data_Spoofing,0.731,0.601,0.799,86.84,4.31,2418.68,,121.37,1
2024-01-01 14:27:45,3DPrinter,Normal,None,0.159,0.16,0.168,215.94,1.71,,202.74,49.1,0
2024-01-01 14:27:50,3DPrinter,Attack,Data_Spoofing,0.434,0.46,0.516,273.85,4.25,,296.85,64.58,1
2024-01-01 14:27:55,3DPrinter,Normal,None,0.15,0.09,0.157,226.12,1.77,,202.77,46.3,0
2024-01-01 14:28:00,3DPrinter,Attack,DoS,0.529,0.455,0.534,286.23,3.73,,301.53,65.01,1
2024-01-01 14:28:05,CNC,Normal,None,0.205,0.117,0.098,77.44,2.02,1898.78,,77.36,0
2024-01-01 14:28:10,CNC,Normal,None,0.084,0.2,0.192,73.49,2.16,1811.46,,76.49,0
2024-01-01 14:28:15,3DPrinter,Normal,None,0.136,0.163,0.128,210.39,1.99,,216.47,45.0,0
2024-01-01 14:28:20,3DPrinter,Normal,None,0.085,0.144,0.167,219.0,1.42,,213.53,53.65,0
2024-01-01 14:28:25,3DPrinter,Normal,None,0.123,0.139,0.191,218.24,1.83,,203.87,49.71,0
2024-01-01 14:28:30,3DPrinter,Attack,Parameter_Tamper,0.465,0.369,0.563,272.67,4.63,,305.69,69.55,1
2024-01-01 14:28:35,CNC,Attack,Malware,0.787,0.541,0.666,89.37,3.38,2529.66,,113.74,1
2024-01-01 14:28:40,CNC,Normal,None,0.142,0.144,0.084,67.41,3.05,1707.88,,82.09,0
2024-01-01 14:28:45,3DPrinter,Normal,None,0.123,0.12,0.13,221.74,1.6,,212.0,48.74,0
2024-01-01 14:28:50,CNC,Normal,None,0.089,0.159,0.186,67.01,1.93,1657.65,,73.76,0
2024-01-01 14:28:55,CNC,Attack,Data_Spoofing,0.592,0.543,0.697,88.91,3.65,2746.47,,111.39,1
2024-01-01 14:29:00,CNC,Normal,None,0.134,0.014,0.122,70.75,2.36,1819.89,,77.22,0
2024-01-01 14:29:05,3DPrinter,Normal,None,0.18,0.15,0.139,221.27,2.19,,212.2,47.79,0
2024-01-01 14:29:10,3DPrinter,Attack,Data_Spoofing,0.508,0.482,0.669,281.44,4.05,,302.72,72.25,1
2024-01-01 14:29:15,3DPrinter,Attack,Data_Spoofing,0.433,0.456,0.692,284.28,4.37,,300.33,69.61,1
2024-01-01 14:29:20,3DPrinter,Normal,None,0.174,0.117,0.196,214.23,1.18,,212.11,53.22,0
2024-01-01 14:29:25,CNC,Normal,None,0.17,0.207,0.112,71.63,2.65,1875.13,,76.84,0
2024-01-01 14:29:30,3DPrinter,Attack,Data_Spoofing,0.5,0.392,0.514,282.99,3.69,,299.49,66.95,1
2024-01-01 14:29:35,3DPrinter,Normal,None,0.115,0.104,0.09,224.7,1.54,,207.14,50.85,0
2024-01-01 14:29:40,3DPrinter,Attack,Parameter_Tamper,0.534,0.521,0.484,279.54,4.02,,309.76,69.29,1
2024-01-01 14:29:45,3DPrinter,Normal,None,0.19,0.182,0.166,219.63,1.97,,213.44,48.75,0
2024-01-01 14:29:50,3DPrinter,Attack,DoS,0.429,0.489,0.472,281.96,4.34,,303.64,68.55,1
2024-01-01 14:29:55,CNC,Normal,None,0.233,0.221,0.162,68.89,1.65,1730.54,,84.83,0
2024-01-01 14:30:00,CNC,Normal,None,0.192,0.174,0.236,72.34,2.51,1607.84,,83.01,0
2024-01-01 14:30:05,3DPrinter,Normal,None,0.124,0.139,0.128,219.17,2.61,,210.41,51.79,0
2024-01-01 14:30:10,3DPrinter,Normal,None,0.083,0.079,0.088,221.03,1.55,,215.39,50.94,0
2024-01-01 14:30:15,3DPrinter,Attack,DoS,0.425,0.404,0.589,284.15,3.89,,304.8,73.02,1
2024-01-01 14:30:20,3DPrinter,Normal,None,0.121,0.179,0.061,216.33,1.74,,205.04,49.91,0
2024-01-01 14:30:25,CNC,Attack,DoS,0.576,0.547,0.523,96.68,3.27,2429.31,,122.78,1
2024-01-01 14:30:30,CNC,Attack,DoS,0.438,0.672,0.662,91.09,3.93,2539.9,,115.75,1
2024-01-01 14:30:35,3DPrinter,Normal,None,0.099,0.127,0.121,217.83,2.1,,202.36,46.82,0
2024-01-01 14:30:40,CNC,Normal,None,0.177,0.106,0.194,73.5,2.22,1916.2,,82.2,0
2024-01-01 14:30:45,3DPrinter,Attack,DoS,0.452,0.427,0.536,277.2,3.6,,292.69,71.17,1
2024-01-01 14:30:50,3DPrinter,Normal,None,0.162,0.096,0.112,216.77,2.25,,204.1,52.03,0
2024-01-01 14:30:55,3DPrinter,Normal,None,0.148,0.128,0.07,227.24,1.73,,203.45,48.46,0
2024-01-01 14:31:00,3DPrinter,Attack,Data_Spoofing,0.567,0.422,0.551,280.93,4.57,,299.04,69.84,1
2024-01-01 14:31:05,CNC,Normal,None,0.082,0.166,0.082,74.5,2.37,1768.24,,81.69,0
2024-01-01 14:31:10,3DPrinter,Attack,DoS,0.569,0.378,0.527,283.27,3.86,,312.34,72.0,1
2024-01-01 14:31:15,3DPrinter,Attack,Malware,0.549,0.5,0.498,275.4,4.67,,292.4,66.71,1
2024-01-01 14:31:20,CNC,Normal,None,0.204,0.166,0.157,65.42,2.28,1830.85,,79.99,0
2024-01-01 14:31:25,CNC,Normal,None,0.177,0.105,0.041,70.9,2.51,1784.61,,70.94,0
2024-01-01 14:31:30,3DPrinter,Attack,Data_Spoofing,0.544,0.374,0.543,271.43,4.34,,292.52,68.77,1
2024-01-01 14:31:35,3DPrinter,Normal,None,0.161,0.152,0.185,222.51,2.08,,206.68,54.13,0
2024-01-01 14:31:40,3DPrinter,Normal,None,0.126,0.143,0.219,217.47,2.39,,211.77,47.87,0
2024-01-01 14:31:45,3DPrinter,Normal,None,0.092,0.152,0.179,221.18,1.65,,204.48,50.19,0
2024-01-01 14:31:50,3DPrinter,Attack,Data_Spoofing,0.463,0.533,0.524,282.92,4.06,,302.1,74.19,1
2024-01-01 14:31:55,CNC,Normal,None,0.2,0.097,0.11,69.52,2.18,1907.08,,77.08,0
2024-01-01 14:32:00,3DPrinter,Attack,DoS,0.518,0.449,0.546,274.58,3.44,,304.44,72.62,1
2024-01-01 14:32:05,3DPrinter,Normal,None,0.137,0.158,0.197,227.27,1.84,,209.68,54.43,0
2024-01-01 14:32:10,3DPrinter,Normal,None,0.107,0.102,0.137,219.78,1.48,,210.34,47.53,0
2024-01-01 14:32:15,CNC,Normal,None,0.264,0.13,0.137,70.69,2.57,1826.62,,79.49,0
2024-01-01 14:32:20,CNC,Attack,Data_Spoofing,0.637,0.572,0.597,92.88,4.26,2528.16,,118.42,1
2024-01-01 14:32:25,CNC,Normal,None,0.154,0.166,0.188,71.4,1.88,1658.22,,83.22,0
2024-01-01 14:32:30,3DPrinter,Normal,None,0.192,0.074,0.082,215.29,1.75,,218.18,49.62,0
2024-01-01 14:32:35,3DPrinter,Normal,None,0.164,0.066,0.083,222.11,1.95,,207.64,49.3,0
2024-01-01 14:32:40,CNC,Normal,None,0.154,0.157,0.211,70.97,2.31,1775.95,,80.58,0
2024-01-01 14:32:45,CNC,Attack,Parameter_Tamper,0.573,0.452,0.632,83.76,4.16,2704.73,,111.28,1
2024-01-01 14:32:50,3DPrinter,Normal,None,0.181,0.068,0.277,212.98,1.92,,201.43,43.48,0
2024-01-01 14:32:55,3DPrinter,Normal,None,0.162,0.119,0.17,216.56,2.03,,213.52,53.71,0
2024-01-01 14:33:00,CNC,Normal,None,0.162,0.166,0.111,69.34,2.49,1848.48,,73.08,0
2024-01-01 14:33:05,3DPrinter,Normal,None,0.093,0.109,0.118,221.57,1.12,,202.7,49.65,0
2024-01-01 14:33:10,CNC,Normal,None,0.252,0.245,0.175,71.87,2.72,1860.56,,82.53,0
2024-01-01 14:33:15,3DPrinter,Normal,None,0.073,0.08,0.134,214.84,1.51,,211.93,50.62,0
2024-01-01 14:33:20,CNC,Normal,None,0.228,0.164,0.184,68.79,2.05,1834.03,,78.0,0
2024-01-01 14:33:25,3DPrinter,Normal,None,0.109,0.117,0.15,223.55,1.98,,217.79,47.08,0
2024-01-01 14:33:30,3DPrinter,Normal,None,0.17,0.115,0.121,214.37,1.99,,215.51,52.99,0
2024-01-01 14:33:35,CNC,Normal,None,0.206,0.169,0.181,70.12,2.07,1756.26,,79.41,0
2024-01-01 14:33:40,CNC,Normal,None,0.226,0.156,0.231,71.02,2.09,1765.11,,82.45,0
2024-01-01 14:33:45,CNC,Normal,None,0.086,0.219,0.153,67.36,2.52,1685.19,,75.98,0
2024-01-01 14:33:50,3DPrinter,Attack,DoS,0.532,0.449,0.524,282.9,4.01,,307.47,67.79,1
2024-01-01 14:33:55,CNC,Attack,Parameter_Tamper,0.507,0.676,0.641,83.15,3.64,2545.46,,121.55,1
2024-01-01 14:34:00,3DPrinter,Normal,None,0.153,0.03,0.193,216.6,1.86,,208.71,45.53,0
2024-01-01 14:34:05,CNC,Normal,None,0.238,0.1,0.109,67.52,2.78,1814.84,,87.89,0
2024-01-01 14:34:10,CNC,Normal,None,0.294,0.14,0.229,65.98,2.05,1769.73,,74.95,0
2024-01-01 14:34:15,CNC,Attack,Malware,0.489,0.492,0.644,88.48,4.69,2606.04,,117.64,1
2024-01-01 14:34:20,CNC,Normal,None,0.162,0.184,0.214,69.79,2.18,1803.42,,73.02,0
2024-01-01 14:34:25,3DPrinter,Normal,None,0.186,0.119,0.225,220.27,1.57,,209.9,49.81,0
2024-01-01 14:34:30,CNC,Normal,None,0.187,0.296,0.066,73.29,2.36,1708.11,,74.63,0
2024-01-01 14:34:35,CNC,Normal,None,0.198,0.01,0.206,67.34,2.56,1750.84,,86.9,0
2024-01-01 14:34:40,CNC,Normal,None,0.243,0.105,0.164,69.63,2.39,1904.81,,77.55,0
2024-01-01 14:34:45,3DPrinter,Normal,None,0.106,0.198,0.123,227.41,1.78,,214.91,47.42,0
2024-01-01 14:34:50,3DPrinter,Attack,Parameter_Tamper,0.492,0.338,0.467,278.69,3.54,,305.72,67.57,1
2024-01-01 14:34:55,CNC,Normal,None,0.161,0.225,0.211,70.6,2.32,1723.71,,76.95,0
2024-01-01 14:35:00,3DPrinter,Attack,DoS,0.532,0.483,0.501,284.58,3.97,,300.42,66.05,1
2024-01-01 14:35:05,CNC,Normal,None,0.09,-0.014,0.02,63.57,2.74,1878.68,,75.21,0
2024-01-01 14:35:10,3DPrinter,Attack,Parameter_Tamper,0.608,0.435,0.515,280.28,3.95,,299.86,70.32,1
2024-01-01 14:35:15,CNC,Normal,None,0.328,0.206,0.167,68.93,2.7,1852.89,,79.55,0
2024-01-01 14:35:20,3DPrinter,Normal,None,0.108,0.195,0.167,217.41,2.63,,207.67,48.89,0
2024-01-01 14:35:25,3DPrinter,Normal,None,0.129,0.197,0.144,215.43,2.07,,214.08,47.0,0
2024-01-01 14:35:30,3DPrinter,Normal,None,0.161,0.08,0.039,218.03,1.96,,212.47,45.46,0
2024-01-01 14:35:35,CNC,Normal,None,0.239,0.112,0.173,73.01,1.99,1972.31,,74.8,0
2024-01-01 14:35:40,CNC,Normal,None,0.161,0.153,0.14,72.46,2.62,1837.4,,79.14,0
2024-01-01 14:35:45,3DPrinter,Attack,Data_Spoofing,0.539,0.471,0.508,280.94,3.89,,298.07,64.04,1
2024-01-01 14:35:50,3DPrinter,Normal,None,0.076,0.178,0.218,214.05,1.9,,208.52,51.54,0
2024-01-01 14:35:55,CNC,Normal,None,0.29,0.097,0.227,71.28,1.94,1904.06,,82.03,0
2024-01-01 14:36:00,3DPrinter,Normal,None,0.234,0.054,0.116,219.46,2.05,,216.7,44.81,0
2024-01-01 14:36:05,CNC,Normal,None,0.133,0.202,0.225,71.67,2.47,1719.84,,83.33,0
2024-01-01 14:36:10,3DPrinter,Normal,None,0.133,0.131,0.033,222.41,2.32,,210.99,49.63,0
2024-01-01 14:36:15,CNC,Attack,DoS,0.605,0.523,0.658,90.34,3.01,2459.83,,118.55,1
2024-01-01 14:36:20,3DPrinter,Normal,None,0.09,0.093,0.184,225.1,1.94,,216.07,45.05,0
2024-01-01 14:36:25,CNC,Normal,None,0.294,0.164,0.11,79.84,2.45,1941.63,,81.74,0
2024-01-01 14:36:30,CNC,Normal,None,0.061,0.099,0.144,69.17,1.9,1869.6,,79.99,0
2024-01-01 14:36:35,CNC,Normal,None,0.17,0.106,0.257,71.78,2.13,1822.37,,73.25,0
2024-01-01 14:36:40,CNC,Normal,None,0.158,0.216,0.109,69.23,2.69,1889.0,,80.55,0
2024-01-01 14:36:45,CNC,Attack,Malware,0.528,0.466,0.576,87.76,3.72,2495.87,,119.36,1
2024-01-01 14:36:50,CNC,Attack,Parameter_Tamper,0.72,0.544,0.705,95.49,3.73,2526.19,,122.89,1
2024-01-01 14:36:55,CNC,Attack,Malware,0.711,0.424,0.656,86.08,3.59,2484.08,,113.97,1
2024-01-01 14:37:00,3DPrinter,Attack,Parameter_Tamper,0.469,0.406,0.529,284.59,3.73,,299.36,68.85,1
2024-01-01 14:37:05,3DPrinter,Attack,DoS,0.518,0.444,0.587,275.33,3.93,,299.65,73.31,1
2024-01-01 14:37:10,CNC,Attack,Parameter_Tamper,0.567,0.554,0.777,89.79,3.77,2462.12,,121.66,1
2024-01-01 14:37:15,CNC,Attack,Data_Spoofing,0.53,0.654,0.716,93.72,2.99,2657.93,,121.07,1
2024-01-01 14:37:20,3DPrinter,Attack,DoS,0.496,0.453,0.596,280.09,3.95,,302.79,68.12,1
2024-01-01 14:37:25,3DPrinter,Normal,None,0.229,0.101,0.14,219.51,2.2,,212.3,47.43,0
2024-01-01 14:37:30,3DPrinter,Normal,None,0.174,0.049,0.129,218.91,1.92,,209.27,53.26,0
2024-01-01 14:37:35,3DPrinter,Normal,None,0.198,0.231,0.165,217.66,1.88,,203.88,47.38,0
2024-01-01 14:37:40,CNC,Normal,None,0.144,0.121,0.2,66.44,2.46,1679.53,,81.59,0
2024-01-01 14:37:45,3DPrinter,Normal,None,0.178,0.102,0.156,221.71,2.18,,213.92,53.91,0
2024-01-01 14:37:50,3DPrinter,Normal,None,0.2,0.06,0.064,213.86,1.51,,210.76,50.25,0
2024-01-01 14:37:55,CNC,Attack,Malware,0.651,0.516,0.685,88.84,3.81,2495.38,,122.98,1
2024-01-01 14:38:00,3DPrinter,Normal,None,0.216,0.123,0.125,215.93,2.07,,207.59,48.53,0
2024-01-01 14:38:05,CNC,Normal,None,0.275,0.232,0.024,70.05,2.3,1824.16,,78.76,0
2024-01-01 14:38:10,3DPrinter,Normal,None,0.266,0.153,0.131,221.28,1.7,,209.08,49.66,0
2024-01-01 14:38:15,3DPrinter,Normal,None,0.174,0.048,0.153,218.34,1.84,,209.88,51.87,0
2024-01-01 14:38:20,CNC,Normal,None,0.25,0.125,0.147,72.7,2.19,1903.44,,73.98,0
2024-01-01 14:38:25,CNC,Normal,None,0.213,0.073,0.08,72.64,3.12,1711.92,,79.06,0
2024-01-01 14:38:30,3DPrinter,Attack,Malware,0.522,0.395,0.562,277.29,3.95,,298.66,66.01,1
2024-01-01 14:38:35,CNC,Normal,None,0.243,0.122,0.137,69.31,2.08,1750.51,,78.94,0
2024-01-01 14:38:40,CNC,Attack,Malware,0.721,0.614,0.703,96.63,3.94,2466.4,,114.24,1
2024-01-01 14:38:45,CNC,Attack,DoS,0.551,0.667,0.686,92.79,3.71,2487.71,,123.25,1
2024-01-01 14:38:50,3DPrinter,Normal,None,0.17,0.127,0.164,220.64,1.99,,208.78,49.1,0
2024-01-01 14:38:55,CNC,Normal,None,0.122,0.048,0.228,69.27,2.28,1799.63,,76.7,0
2024-01-01 14:39:00,3DPrinter,Attack,Parameter_Tamper,0.516,0.406,0.638,281.08,4.54,,297.0,68.67,1
2024-01-01 14:39:05,CNC,Attack,Malware,0.563,0.55,0.606,92.71,3.46,2531.75,,123.02,1
2024-01-01 14:39:10,CNC,Attack,Parameter_Tamper,0.613,0.511,0.585,91.8,3.7,2539.92,,119.98,1
2024-01-01 14:39:15,CNC,Normal,None,0.037,0.089,0.244,68.26,2.24,1773.54,,74.38,0
2024-01-01 14:39:20,3DPrinter,Normal,None,0.174,0.084,0.111,223.43,1.74,,209.34,52.55,0
2024-01-01 14:39:25,3DPrinter,Normal,None,0.159,0.143,0.217,221.93,2.09,,207.37,53.29,0
2024-01-01 14:39:30,3DPrinter,Normal,None,0.161,0.14,0.074,215.04,2.13,,219.83,45.04,0
2024-01-01 14:39:35,CNC,Attack,Data_Spoofing,0.618,0.525,0.641,93.72,3.83,2499.6,,127.59,1
2024-01-01 14:39:40,CNC,Normal,None,0.117,0.078,0.074,70.69,2.33,1863.09,,78.39,0
2024-01-01 14:39:45,CNC,Normal,None,0.277,0.092,0.145,66.71,2.38,1730.58,,82.35,0
2024-01-01 14:39:50,3DPrinter,Normal,None,0.113,0.12,0.152,216.33,1.45,,212.49,51.16,0
2024-01-01 14:39:55,CNC,Normal,None,0.23,0.198,0.103,67.94,2.38,1682.46,,77.5,0
2024-01-01 14:40:00,CNC,Normal,None,0.236,0.19,0.166,67.97,1.85,1738.44,,76.45,0
2024-01-01 14:40:05,CNC,Attack,DoS,0.616,0.493,0.719,91.49,3.6,2590.89,,118.22,1
2024-01-01 14:40:10,CNC,Normal,None,0.087,0.14,0.099,69.43,2.48,1767.69,,76.99,0
2024-01-01 14:40:15,CNC,Attack,Parameter_Tamper,0.652,0.473,0.678,85.57,4.68,2448.85,,124.2,1
2024-01-01 14:40:20,3DPrinter,Attack,DoS,0.528,0.501,0.594,280.53,3.9,,292.96,66.29,1
2024-01-01 14:40:25,CNC,Attack,Malware,0.678,0.579,0.667,90.29,3.87,2618.3,,115.18,1
2024-01-01 14:40:30,CNC,Attack,Parameter_Tamper,0.627,0.468,0.556,88.02,4.46,2637.48,,120.15,1
2024-01-01 14:40:35,CNC,Normal,None,0.271,0.155,0.084,64.63,2.38,1675.08,,88.25,0
2024-01-01 14:40:40,CNC,Attack,Malware,0.651,0.557,0.72,90.14,4.89,2596.51,,114.97,1
2024-01-01 14:40:45,3DPrinter,Attack,DoS,0.416,0.43,0.535,281.41,4.36,,297.33,64.89,1
2024-01-01 14:40:50,3DPrinter,Normal,None,0.211,0.138,0.221,215.16,1.89,,211.42,47.68,0
2024-01-01 14:40:55,3DPrinter,Normal,None,0.087,0.131,0.155,221.33,1.81,,215.93,49.37,0
2024-01-01 14:41:00,CNC,Attack,Malware,0.501,0.549,0.731,89.62,3.61,2596.85,,120.05,1
2024-01-01 14:41:05,3DPrinter,Normal,None,0.119,0.165,0.073,216.62,2.23,,204.23,51.44,0
2024-01-01 14:41:10,CNC,Attack,Parameter_Tamper,0.643,0.594,0.574,90.78,3.63,2640.2,,117.73,1
2024-01-01 14:41:15,3DPrinter,Attack,Parameter_Tamper,0.489,0.398,0.47,281.85,3.95,,301.77,71.56,1
2024-01-01 14:41:20,CNC,Normal,None,0.208,0.196,0.197,66.7,2.35,1801.19,,77.74,0
2024-01-01 14:41:25,CNC,Normal,None,0.181,0.133,0.163,69.94,2.03,1817.74,,82.49,0
2024-01-01 14:41:30,CNC,Attack,Malware,0.661,0.638,0.622,88.67,4.26,2423.04,,119.61,1
2024-01-01 14:41:35,3DPrinter,Normal,None,0.126,0.044,0.101,221.16,1.82,,219.44,47.69,0
2024-01-01 14:41:40,3DPrinter,Attack,Data_Spoofing,0.456,0.458,0.568,277.79,4.11,,292.61,64.74,1
2024-01-01 14:41:45,3DPrinter,Attack,Malware,0.468,0.491,0.616,273.56,3.82,,306.73,70.2,1
2024-01-01 14:41:50,3DPrinter,Normal,None,0.126,0.169,0.212,220.2,1.58,,215.85,53.5,0
2024-01-01 14:41:55,3DPrinter,Attack,Malware,0.437,0.351,0.509,281.57,4.2,,297.08,69.56,1
2024-01-01 14:42:00,3DPrinter,Attack,Malware,0.471,0.44,0.471,284.99,3.92,,289.5,67.05,1
2024-01-01 14:42:05,3DPrinter,Normal,None,0.198,0.088,0.135,220.17,1.8,,203.69,52.68,0
2024-01-01 14:42:10,3DPrinter,Normal,None,0.113,0.085,0.109,218.55,1.62,,210.8,49.06,0
2024-01-01 14:42:15,CNC,Normal,None,0.131,0.068,0.129,66.31,1.96,1744.85,,79.94,0
2024-01-01 14:42:20,3DPrinter,Normal,None,0.179,0.047,0.201,222.24,1.74,,202.28,45.62,0
2024-01-01 14:42:25,CNC,Attack,Parameter_Tamper,0.648,0.602,0.767,92.65,4.41,2241.65,,122.38,1
2024-01-01 14:42:30,CNC,Normal,None,0.072,0.184,0.146,68.14,1.96,1720.5,,79.32,0
2024-01-01 14:42:35,CNC,Attack,DoS,0.499,0.536,0.69,86.65,3.49,2486.08,,115.2,1
2024-01-01 14:42:40,CNC,Normal,None,0.121,0.195,0.097,73.01,2.9,1916.68,,76.07,0
2024-01-01 14:42:45,3DPrinter,Normal,None,0.176,0.143,0.064,220.17,1.56,,208.73,48.07,0
2024-01-01 14:42:50,CNC,Normal,None,0.067,0.095,0.26,72.07,1.86,1695.45,,81.29,0
2024-01-01 14:42:55,CNC,Normal,None,0.187,0.189,0.179,64.17,2.04,1786.38,,80.19,0
2024-01-01 14:43:00,CNC,Normal,None,0.121,0.089,0.2,67.7,2.15,1848.67,,87.01,0
2024-01-01 14:43:05,CNC,Normal,None,0.201,0.106,0.09,72.4,2.19,1873.03,,76.47,0
2024-01-01 14:43:10,3DPrinter,Normal,None,0.156,0.113,0.182,222.82,2.14,,216.64,54.4,0
2024-01-01 14:43:15,CNC,Normal,None,0.212,0.148,0.083,68.05,2.39,1872.38,,75.93,0
2024-01-01 14:43:20,3DPrinter,Normal,None,0.127,0.071,0.097,206.95,2.01,,208.81,46.31,0
2024-01-01 14:43:25,3DPrinter,Normal,None,0.219,0.094,0.14,225.04,2.02,,208.16,51.08,0
2024-01-01 14:43:30,CNC,Normal,None,0.094,0.137,0.094,73.66,2.16,1699.51,,83.99,0
2024-01-01 14:43:35,CNC,Attack,Malware,0.466,0.436,0.565,88.18,4.06,2561.85,,119.0,1
2024-01-01 14:43:40,3DPrinter,Normal,None,0.25,0.158,0.127,225.57,1.46,,207.32,52.86,0
2024-01-01 14:43:45,CNC,Normal,None,0.134,-0.007,0.195,70.19,2.13,1892.73,,75.82,0
2024-01-01 14:43:50,CNC,Attack,Parameter_Tamper,0.586,0.507,0.586,81.82,3.75,2385.69,,116.5,1
2024-01-01 14:43:55,3DPrinter,Attack,Parameter_Tamper,0.485,0.482,0.513,269.9,3.22,,297.99,70.38,1
2024-01-01 14:44:00,3DPrinter,Normal,None,0.108,0.032,0.231,216.38,1.64,,206.5,49.02,0
2024-01-01 14:44:05,3DPrinter,Normal,None,0.126,0.072,0.142,221.42,1.75,,216.9,48.27,0
2024-01-01 14:44:10,CNC,Normal,None,0.186,0.09,0.033,71.22,2.33,1725.94,,83.04,0
2024-01-01 14:44:15,CNC,Normal,None,0.146,0.154,0.237,67.76,2.59,1760.22,,80.01,0
2024-01-01 14:44:20,3DPrinter,Normal,None,0.231,0.131,0.179,227.02,2.2,,209.56,56.39,0
2024-01-01 14:44:25,CNC,Normal,None,0.145,0.08,0.22,67.41,2.45,1703.74,,84.15,0
2024-01-01 14:44:30,CNC,Normal,None,0.215,0.175,0.194,70.66,2.01,1727.86,,75.86,0
2024-01-01 14:44:35,3DPrinter,Normal,None,0.095,0.066,0.186,222.79,1.29,,207.45,46.53,0
2024-01-01 14:44:40,3DPrinter,Normal,None,0.144,0.134,0.145,225.92,1.6,,207.04,49.73,0
2024-01-01 14:44:45,3DPrinter,Normal,None,0.146,0.182,0.118,216.39,1.78,,208.96,52.07,0
2024-01-01 14:44:50,CNC,Normal,None,0.15,0.151,0.181,67.08,2.88,1742.97,,81.48,0
2024-01-01 14:44:55,CNC,Normal,None,0.157,0.227,0.087,67.93,2.56,1814.8,,71.09,0
2024-01-01 14:45:00,3DPrinter,Normal,None,0.105,0.167,0.095,229.84,1.68,,214.29,49.87,0
2024-01-01 14:45:05,CNC,Normal,None,0.073,0.181,0.066,70.05,1.88,1866.88,,70.74,0
2024-01-01 14:45:10,CNC,Normal,None,0.124,0.149,0.067,68.11,1.38,1675.38,,85.61,0
2024-01-01 14:45:15,3DPrinter,Normal,None,0.221,0.136,0.077,219.36,1.73,,201.56,47.73,0
2024-01-01 14:45:20,CNC,Attack,DoS,0.485,0.547,0.626,88.47,3.85,2478.71,,124.49,1
2024-01-01 14:45:25,CNC,Attack,Malware,0.536,0.558,0.538,93.26,3.82,2469.14,,121.79,1
2024-01-01 14:45:30,CNC,Normal,None,0.058,0.188,0.252,69.59,3.04,2072.61,,83.54,0
2024-01-01 14:45:35,CNC,Attack,Data_Spoofing,0.553,0.498,0.573,88.24,4.28,2329.04,,115.14,1
2024-01-01 14:45:40,CNC,Normal,None,0.256,0.1,-0.055,68.03,2.07,1764.49,,69.67,0
2024-01-01 14:45:45,CNC,Normal,None,0.156,0.096,0.204,71.26,1.58,1761.29,,78.0,0
2024-01-01 14:45:50,CNC,Normal,None,0.101,0.219,0.207,68.37,2.39,1708.03,,76.27,0
2024-01-01 14:45:55,CNC,Normal,None,0.113,0.136,0.12,65.04,3.17,1831.13,,80.05,0
2024-01-01 14:46:00,3DPrinter,Attack,DoS,0.525,0.357,0.576,275.94,4.22,,295.98,71.48,1
2024-01-01 14:46:05,3DPrinter,Normal,None,0.139,0.14,0.193,215.32,2.07,,200.69,50.13,0
2024-01-01 14:46:10,CNC,Normal,None,0.111,0.195,0.051,67.78,1.95,1776.19,,78.48,0
2024-01-01 14:46:15,3DPrinter,Attack,Parameter_Tamper,0.502,0.426,0.536,280.91,4.25,,304.27,70.71,1
2024-01-01 14:46:20,CNC,Attack,Parameter_Tamper,0.636,0.593,0.668,89.79,3.44,2643.06,,127.4,1
2024-01-01 14:46:25,3DPrinter,Normal,None,0.121,0.105,0.154,218.63,1.97,,210.35,49.79,0
2024-01-01 14:46:30,3DPrinter,Normal,None,0.126,0.161,0.102,219.51,1.45,,203.28,50.98,0
2024-01-01 14:46:35,CNC,Normal,None,0.185,0.202,0.038,71.61,1.86,1856.63,,79.51,0
2024-01-01 14:46:40,CNC,Normal,None,0.276,0.08,0.189,71.41,1.98,1643.44,,71.25,0
2024-01-01 14:46:45,3DPrinter,Normal,None,0.103,0.082,0.118,218.05,1.61,,199.42,50.58,0
2024-01-01 14:46:50,3DPrinter,Attack,Data_Spoofing,0.466,0.35,0.527,296.46,3.93,,292.75,69.46,1
2024-01-01 14:46:55,CNC,Normal,None,0.23,0.153,0.013,65.94,2.99,1848.46,,85.93,0
2024-01-01 14:47:00,CNC,Normal,None,0.216,0.054,0.108,71.35,2.06,1837.25,,78.09,0
2024-01-01 14:47:05,CNC,Attack,Malware,0.63,0.525,0.578,88.68,3.53,2669.19,,116.42,1
2024-01-01 14:47:10,3DPrinter,Normal,None,0.185,0.133,0.165,220.43,1.59,,201.37,48.41,0
2024-01-01 14:47:15,3DPrinter,Attack,Parameter_Tamper,0.494,0.402,0.485,280.42,4.07,,294.68,70.37,1
2024-01-01 14:47:20,CNC,Normal,None,0.203,0.06,0.093,74.27,2.72,1865.02,,81.56,0
2024-01-01 14:47:25,CNC,Attack,Data_Spoofing,0.515,0.478,0.62,91.0,3.73,2420.12,,118.84,1
2024-01-01 14:47:30,CNC,Normal,None,0.165,0.128,0.008,69.79,2.6,1793.14,,88.28,0
2024-01-01 14:47:35,3DPrinter,Normal,None,0.114,0.162,0.099,219.11,1.75,,211.05,51.42,0
2024-01-01 14:47:40,CNC,Normal,None,0.197,0.079,0.091,75.0,2.29,1930.52,,80.28,0
2024-01-01 14:47:45,3DPrinter,Normal,None,0.151,0.097,0.16,222.97,2.01,,209.1,45.58,0
2024-01-01 14:47:50,3DPrinter,Attack,Data_Spoofing,0.472,0.558,0.535,276.05,4.34,,303.39,68.01,1
2024-01-01 14:47:55,3DPrinter,Normal,None,0.146,0.12,0.181,218.98,1.98,,211.17,50.95,0
2024-01-01 14:48:00,3DPrinter,Attack,Data_Spoofing,0.468,0.503,0.565,283.43,4.37,,297.14,71.6,1
2024-01-01 14:48:05,CNC,Normal,None,0.342,0.057,0.144,70.66,2.19,1763.78,,82.9,0
2024-01-01 14:48:10,CNC,Normal,None,0.103,0.14,0.158,70.56,3.08,1808.46,,77.69,0
2024-01-01 14:48:15,CNC,Normal,None,0.135,0.053,0.127,70.58,2.35,1698.01,,83.22,0
2024-01-01 14:48:20,CNC,Normal,None,0.16,0.123,0.256,74.4,2.03,1700.87,,80.63,0
2024-01-01 14:48:25,CNC,Attack,DoS,0.578,0.598,0.684,87.25,3.78,2406.53,,123.48,1
2024-01-01 14:48:30,3DPrinter,Normal,None,0.178,0.134,0.168,219.92,1.48,,210.28,53.42,0
2024-01-01 14:48:35,3DPrinter,Normal,None,0.153,0.136,0.221,211.14,1.91,,206.76,47.37,0
2024-01-01 14:48:40,CNC,Normal,None,0.212,0.171,0.173,66.33,2.84,1611.96,,74.71,0
2024-01-01 14:48:45,3DPrinter,Attack,DoS,0.544,0.396,0.61,284.58,4.14,,301.67,70.9,1
2024-01-01 14:48:50,CNC,Normal,None,0.11,0.136,0.156,65.16,2.32,1835.19,,85.99,0
2024-01-01 14:48:55,CNC,Attack,Data_Spoofing,0.599,0.451,0.678,86.98,3.62,2517.56,,119.86,1
2024-01-01 14:49:00,3DPrinter,Attack,Parameter_Tamper,0.458,0.497,0.549,291.23,3.69,,310.03,70.88,1
2024-01-01 14:49:05,3DPrinter,Normal,None,0.151,0.107,0.067,215.69,1.82,,208.33,53.94,0
2024-01-01 14:49:10,3DPrinter,Normal,None,0.209,0.154,0.089,217.64,1.84,,215.1,46.96,0
2024-01-01 14:49:15,3DPrinter,Normal,None,0.157,0.123,0.127,221.74,1.31,,210.93,47.93,0
2024-01-01 14:49:20,CNC,Normal,None,0.277,0.162,0.239,64.59,1.52,1699.5,,76.26,0
2024-01-01 14:49:25,CNC,Normal,None,0.253,0.204,0.137,68.79,1.75,1981.2,,76.11,0
2024-01-01 14:49:30,3DPrinter,Attack,Parameter_Tamper,0.455,0.456,0.578,278.15,4.26,,295.72,74.69,1
2024-01-01 14:49:35,CNC,Normal,None,0.158,0.017,0.106,67.55,1.76,1828.35,,79.56,0
2024-01-01 14:49:40,3DPrinter,Normal,None,0.164,-0.04,0.088,225.69,1.4,,209.39,46.71,0
2024-01-01 14:49:45,CNC,Attack,Data_Spoofing,0.691,0.518,0.556,86.21,3.76,2479.77,,118.1,1
2024-01-01 14:49:50,3DPrinter,Normal,None,0.104,0.213,0.296,220.1,1.53,,210.13,46.06,0
2024-01-01 14:49:55,3DPrinter,Normal,None,0.129,0.143,0.215,216.65,1.61,,209.6,48.5,0
2024-01-01 14:50:00,3DPrinter,Normal,None,0.188,0.082,0.219,214.73,2.17,,218.21,50.47,0
2024-01-01 14:50:05,CNC,Normal,None,0.159,0.164,0.073,67.26,1.69,1594.8,,81.55,0
2024-01-01 14:50:10,CNC,Normal,None,0.14,0.113,0.241,72.01,2.82,1869.02,,73.66,0
2024-01-01 14:50:15,3DPrinter,Normal,None,0.076,0.143,0.109,216.67,1.48,,211.69,50.68,0
2024-01-01 14:50:20,3DPrinter,Normal,None,0.068,0.202,0.152,217.32,2.27,,216.23,48.23,0
2024-01-01 14:50:25,3DPrinter,Normal,None,0.194,0.084,0.166,219.41,1.9,,214.9,52.47,0
2024-01-01 14:50:30,CNC,Normal,None,0.153,0.095,0.168,65.25,2.33,1633.41,,85.07,0
2024-01-01 14:50:35,CNC,Attack,Parameter_Tamper,0.487,0.554,0.757,90.98,3.45,2512.51,,127.84,1
2024-01-01 14:50:40,3DPrinter,Normal,None,0.082,0.057,0.085,210.14,1.8,,201.16,51.22,0
2024-01-01 14:50:45,CNC,Normal,None,0.286,0.226,0.246,68.73,2.09,1813.76,,85.6,0
2024-01-01 14:50:50,3DPrinter,Normal,None,0.193,0.081,0.163,220.8,1.6,,209.74,46.86,0
2024-01-01 14:50:55,3DPrinter,Normal,None,0.193,0.089,0.091,221.42,2.17,,211.02,47.24,0
2024-01-01 14:51:00,3DPrinter,Normal,None,0.181,0.17,0.166,221.14,2.07,,211.74,49.84,0
2024-01-01 14:51:05,3DPrinter,Attack,Data_Spoofing,0.509,0.446,0.554,274.51,4.13,,305.11,69.57,1
2024-01-01 14:51:10,CNC,Attack,Parameter_Tamper,0.692,0.571,0.624,88.74,4.06,2431.89,,120.61,1
2024-01-01 14:51:15,CNC,Attack,Malware,0.667,0.583,0.767,93.18,3.94,2550.49,,118.8,1
2024-01-01 14:51:20,3DPrinter,Attack,Parameter_Tamper,0.532,0.439,0.476,292.96,4.05,,306.25,69.0,1
2024-01-01 14:51:25,CNC,Normal,None,0.178,0.094,0.174,72.18,2.76,1980.6,,78.54,0
2024-01-01 14:51:30,3DPrinter,Attack,Malware,0.518,0.371,0.555,272.81,3.75,,300.53,71.62,1
2024-01-01 14:51:35,CNC,Normal,None,0.003,0.211,0.212,62.94,1.7,1848.08,,87.14,0
2024-01-01 14:51:40,CNC,Attack,Data_Spoofing,0.786,0.503,0.765,88.24,3.37,2469.67,,113.44,1
2024-01-01 14:51:45,CNC,Normal,None,0.115,0.166,0.117,67.54,2.56,1478.88,,78.28,0
2024-01-01 14:51:50,3DPrinter,Normal,None,0.108,0.09,0.221,216.96,1.54,,209.98,48.44,0
2024-01-01 14:51:55,CNC,Attack,Parameter_Tamper,0.642,0.685,0.669,95.62,3.69,2527.22,,121.73,1
2024-01-01 14:52:00,CNC,Attack,Malware,0.461,0.4,0.537,90.64,4.1,2553.46,,120.15,1
2024-01-01 14:52:05,3DPrinter,Normal,None,0.195,0.146,0.174,221.86,2.06,,206.98,50.79,0
2024-01-01 14:52:10,3DPrinter,Attack,DoS,0.447,0.465,0.499,279.78,3.89,,297.19,74.22,1
2024-01-01 14:52:15,3DPrinter,Attack,Malware,0.582,0.372,0.475,275.73,3.9,,307.4,69.67,1
2024-01-01 14:52:20,CNC,Attack,Malware,0.597,0.716,0.676,91.73,3.99,2409.9,,127.8,1
2024-01-01 14:52:25,CNC,Attack,DoS,0.502,0.586,0.662,88.9,4.0,2475.71,,127.75,1
2024-01-01 14:52:30,3DPrinter,Attack,Parameter_Tamper,0.475,0.418,0.565,272.1,4.27,,297.01,73.91,1
2024-01-01 14:52:35,CNC,Attack,DoS,0.513,0.451,0.691,88.01,3.23,2543.05,,114.97,1
2024-01-01 14:52:40,CNC,Normal,None,0.066,0.088,0.039,68.35,1.94,1680.45,,86.65,0
2024-01-01 14:52:45,CNC,Normal,None,0.26,0.109,0.176,68.53,3.01,1671.03,,81.13,0
2024-01-01 14:52:50,CNC,Normal,None,0.233,0.192,0.111,66.27,2.05,1730.21,,80.26,0
2024-01-01 14:52:55,3DPrinter,Attack,Data_Spoofing,0.581,0.475,0.624,283.84,4.0,,296.64,78.13,1
2024-01-01 14:53:00,CNC,Attack,Data_Spoofing,0.615,0.51,0.651,94.39,4.27,2568.76,,123.64,1
2024-01-01 14:53:05,3DPrinter,Normal,None,0.148,0.13,0.186,223.63,1.68,,200.78,44.98,0
2024-01-01 14:53:10,CNC,Normal,None,0.175,0.011,0.213,69.31,2.69,1823.33,,75.88,0
2024-01-01 14:53:15,CNC,Attack,Parameter_Tamper,0.647,0.543,0.59,90.68,3.17,2606.6,,116.17,1
2024-01-01 14:53:20,3DPrinter,Attack,Malware,0.453,0.518,0.595,281.17,3.83,,298.25,69.95,1
2024-01-01 14:53:25,3DPrinter,Attack,Parameter_Tamper,0.445,0.42,0.651,284.01,4.41,,293.95,71.56,1
2024-01-01 14:53:30,CNC,Normal,None,0.256,0.102,0.109,72.45,1.65,1755.42,,72.54,0
2024-01-01 14:53:35,CNC,Normal,None,0.121,0.087,0.077,75.65,2.07,1723.15,,78.85,0
2024-01-01 14:53:40,CNC,Attack,Parameter_Tamper,0.554,0.604,0.656,86.63,3.59,2376.32,,117.23,1
2024-01-01 14:53:45,3DPrinter,Attack,Data_Spoofing,0.534,0.395,0.584,291.74,4.16,,297.93,68.95,1
2024-01-01 14:53:50,CNC,Normal,None,0.156,0.273,0.225,74.5,1.73,1967.04,,77.92,0
2024-01-01 14:53:55,3DPrinter,Attack,Malware,0.579,0.475,0.636,282.76,4.07,,297.41,69.77,1
2024-01-01 14:54:00,CNC,Normal,None,0.196,0.045,0.233,63.76,2.19,1876.02,,80.33,0
2024-01-01 14:54:05,CNC,Normal,None,0.147,0.129,0.266,71.18,2.29,1840.09,,76.1,0
2024-01-01 14:54:10,CNC,Normal,None,0.22,0.054,0.203,64.92,2.19,1764.35,,74.76,0
2024-01-01 14:54:15,3DPrinter,Normal,None,0.235,0.195,0.219,229.75,1.82,,213.21,46.85,0
2024-01-01 14:54:20,3DPrinter,Normal,None,0.117,0.112,0.148,226.6,1.36,,218.5,44.25,0
2024-01-01 14:54:25,3DPrinter,Normal,None,0.166,0.019,0.159,219.13,1.97,,220.0,50.97,0
2024-01-01 14:54:30,CNC,Attack,Data_Spoofing,0.528,0.58,0.682,95.3,4.12,2437.29,,118.47,1
2024-01-01 14:54:35,3DPrinter,Normal,None,0.023,0.062,0.123,215.29,1.54,,209.74,48.18,0
2024-01-01 14:54:40,CNC,Normal,None,0.091,0.307,0.229,70.92,2.2,1741.48,,74.89,0
2024-01-01 14:54:45,3DPrinter,Normal,None,0.168,0.137,0.211,225.43,1.57,,206.1,53.74,0
2024-01-01 14:54:50,CNC,Normal,None,0.094,0.23,0.065,72.1,1.79,1687.81,,87.3,0
2024-01-01 14:54:55,CNC,Normal,None,0.31,0.046,0.241,73.29,2.34,1811.99,,77.96,0
2024-01-01 14:55:00,3DPrinter,Normal,None,0.179,0.062,0.216,221.56,1.76,,205.15,46.58,0
2024-01-01 14:55:05,3DPrinter,Normal,None,0.208,0.094,0.095,227.36,1.82,,209.63,50.74,0
2024-01-01 14:55:10,3DPrinter,Normal,None,0.225,0.161,0.079,218.03,2.11,,203.49,55.09,0
2024-01-01 14:55:15,3DPrinter,Normal,None,0.148,0.108,0.152,224.61,1.28,,205.52,52.72,0
2024-01-01 14:55:20,3DPrinter,Attack,Parameter_Tamper,0.452,0.485,0.597,285.41,4.08,,300.85,67.21,1
2024-01-01 14:55:25,CNC,Attack,Parameter_Tamper,0.693,0.596,0.772,91.92,3.71,2731.82,,120.92,1
2024-01-01 14:55:30,CNC,Normal,None,0.134,0.221,0.146,75.55,2.32,1988.47,,79.72,0
2024-01-01 14:55:35,3DPrinter,Attack,Malware,0.444,0.409,0.602,286.3,3.51,,295.61,69.52,1
2024-01-01 14:55:40,3DPrinter,Attack,Malware,0.491,0.382,0.569,280.91,3.95,,296.85,73.94,1
2024-01-01 14:55:45,CNC,Attack,Data_Spoofing,0.638,0.582,0.608,91.43,3.1,2371.46,,121.9,1
2024-01-01 14:55:50,3DPrinter,Normal,None,0.155,0.04,0.186,223.33,1.75,,208.55,49.67,0
2024-01-01 14:55:55,CNC,Normal,None,0.289,0.036,0.111,70.71,2.16,1833.45,,82.4,0
2024-01-01 14:56:00,CNC,Normal,None,0.166,0.014,0.212,69.19,2.35,1737.68,,84.92,0
2024-01-01 14:56:05,3DPrinter,Normal,None,0.172,0.139,0.145,216.94,1.08,,216.12,49.84,0
2024-01-01 14:56:10,CNC,Normal,None,0.173,0.272,0.05,74.06,2.0,1889.16,,86.29,0
2024-01-01 14:56:15,CNC,Normal,None,0.155,0.078,0.04,66.83,2.16,1724.08,,78.88,0
2024-01-01 14:56:20,3DPrinter,Attack,DoS,0.456,0.421,0.564,284.13,3.55,,300.79,70.8,1
2024-01-01 14:56:25,3DPrinter,Attack,Data_Spoofing,0.453,0.403,0.578,281.98,3.46,,296.74,70.57,1
2024-01-01 14:56:30,3DPrinter,Normal,None,0.111,0.149,0.099,215.67,1.76,,213.19,55.29,0
2024-01-01 14:56:35,CNC,Normal,None,0.197,0.161,0.107,66.39,2.54,1807.78,,79.13,0
